,ranking,name,season_team_position,war,score,hit,2hit,3hit,homerun,ruta,tazeom,doru,dosil,ballfour,sagu,gofour,samzin,beongsal,heeta,teebi,tayul,choolru,zhangta,ops,woba,wrc+,wpa
0,1,최형우,20KDH,5.77,140,600,522,93,185,37,1,28,308,115,0,0,70,5,5,101,9,0,3,.354,.433,.590,1.023
1,2,터커,20KRF,5.76,142,631,542,100,166,40,0,32,302,113,0,2,76,9,3,67,12,0,4,.306,.398,.557,.955
2,3,안치홍,18K2B,4.98,130,549,494,88,169,38,1,23,278,118,5,1,36,10,1,57,13,0,9,.342,.392,.563,.954
3,4,최형우,18KLF,4.94,143,609,528,92,179,34,1,25,290,103,3,0,66,7,7,87,17,0,8,.339,.414,.549,.963
4,5,버나디나,18KCF,4.55,131,590,513,106,159,25,3,20,250,70,32,13,63,10,3,103,9,3,1,.310,.395,.487,.883
5,6,최형우,19KDH,4.10,136,555,456,65,137,31,1,17,221,86,0,1,85,7,6,77,13,0,7,.300,.413,.485,.897
6,7,소크라테스,22KCF,4.05,68,295,274,50,94,18,6,11,157,45,8,3,19,1,4,46,6,0,1,.343,.386,.573,.959
7,8,김선빈,21K2B,3.42,130,564,501,55,154,32,0,5,201,67,0,0,56,1,2,39,19,1,5,.307,.375,.401,.776
8,9,나성범,22KRF,3.36,68,308,258,45,78,20,1,10,130,47,4,0,37,10,1,63,4,0,3,.302,.406,.504,.910
9,10,터커,19KRF,3.21,95,399,357,50,111,33,0,9,171,50,0,0,38,3,0,44,12,0,1,.311,.381,.479,.860
10,11,최원준,21KRF,3.14,143,668,589,82,174,21,6,4,219,44,40,13,61,11,0,68,7,4,3,.295,.371,.372,.742
11,12,나지완,20KLF,3.13,137,556,468,73,136,19,1,17,208,92,0,0,64,18,1,114,6,0,6,.291,.392,.444,.837
12,13,안치홍,19K2B,2.81,105,408,362,45,114,18,1,5,149,49,4,2,40,1,1,37,9,0,5,.315,.380,.412,.792
13,14,김주찬,18K1B,2.75,121,471,429,71,146,23,0,18,223,93,8,1,23,7,5,57,15,2,10,.340,.375,.520,.895
14,15,최원준,20KCF,2.50,123,412,359,72,117,16,6,2,151,35,14,3,33,6,0,35,1,9,5,.326,.387,.421,.808
15,16,이창진,19KCF,2.46,133,470,400,57,108,25,1,6,153,48,8,8,57,4,0,92,8,4,5,.270,.363,.383,.745
16,17,나지완,18KDH,2.35,114,379,317,50,86,18,0,26,182,78,0,0,38,19,2,81,14,0,5,.271,.377,.574,.951
17,18,김선빈,19KSS,2.27,121,447,394,55,115,22,0,3,146,40,5,4,43,1,0,26,7,5,4,.292,.360,.371,.730
18,19,김선빈,20K2B,2.26,85,351,303,42,100,19,0,1,122,37,1,1,40,2,0,43,12,1,5,.330,.406,.403,.808
19,20,이범호,18K3B,2.23,101,380,332,41,93,7,0,20,160,69,1,0,42,4,4,59,12,0,2,.280,.366,.482,.848
20,21,김선빈,18KSS,2.10,127,492,424,73,125,17,2,4,158,49,4,1,48,9,1,42,10,6,5,.295,.375,.373,.747
21,22,김선빈,22K2B,1.96,65,290,245,30,73,13,0,1,89,21,6,1,36,4,0,24,7,3,1,.298,.395,.363,.758
22,23,류지혁,22K3B,1.51,59,216,185,29,55,10,0,2,71,23,3,1,25,3,0,40,3,1,2,.297,.386,.384,.770
23,24,이명기,18KRF,1.35,120,502,447,88,135,28,6,4,187,42,12,5,40,3,3,64,5,11,1,.302,.363,.418,.781
24,25,류지혁,21K3B,1.27,92,327,273,37,76,8,0,2,90,34,0,0,42,7,1,46,7,2,3,.278,.385,.330,.714
25,26,이명기,19KRF,1.26,80,302,265,37,75,10,2,1,92,20,4,3,28,4,1,41,4,3,2,.283,.358,.347,.705
26,27,유민상,19K1B,1.21,61,202,175,23,51,15,0,5,81,26,0,0,23,4,0,35,6,0,0,.291,.386,.463,.849
27,28,박찬호,22KSS,1.17,57,234,207,27,55,14,0,1,72,27,13,6,21,0,0,27,8,2,4,.266,.328,.348,.675
28,29,박찬호,21KSS,1.15,131,483,418,51,103,15,5,1,131,59,9,4,54,0,0,73,11,8,3,.246,.331,.313,.644
29,30,최형우,22KDH,1.05,65,265,218,27,51,13,0,7,85,32,0,0,45,1,4,47,6,0,1,.234,.366,.390,.756
30,31,이창진,22KLF,0.97,43,143,124,20,36,5,0,5,56,22,1,0,14,1,0,26,2,3,1,.290,.364,.452,.816
31,32,황대인,22K1B,0.93,66,268,245,19,65,11,0,9,103,51,0,0,14,6,0,46,9,0,3,.265,.317,.420,.738
32,33,박찬호,19K3B,0.88,133,541,504,60,131,15,4,2,160,49,39,6,26,4,0,83,8,5,2,.260,.300,.317,.618
33,34,김민식,18KC,0.84,125,365,310,53,76,9,3,6,109,37,5,2,39,3,0,63,8,11,2,.245,.333,.352,.685
34,35,터커,21KLF,0.81,127,539,468,42,111,24,1,9,164,59,0,0,61,8,1,66,12,0,2,.237,.334,.350,.684
35,36,박동원,22KC,0.72,47,177,156,25,35,10,0,7,66,20,1,0,12,6,1,36,5,2,1,.224,.303,.423,.726
36,37,이창진,20KCF,0.72,22,99,88,19,29,8,1,0,39,7,0,1,10,1,0,17,2,0,0,.330,.404,.443,.847
37,38,정성훈,18K1B,0.70,88,205,183,22,54,11,0,4,77,28,0,1,16,5,1,49,5,0,1,.295,.366,.421,.787
38,39,김주찬,19K1B,0.69,100,363,337,35,101,16,0,3,126,32,3,1,17,5,3,44,6,1,3,.300,.340,.374,.714
39,40,김태진,21K3B,0.64,99,414,381,43,105,12,5,1,130,36,8,5,23,0,1,64,7,6,4,.276,.314,.341,.655
40,41,김민식,21KC,0.62,100,301,250,30,55,8,0,3,72,26,0,0,41,4,1,49,2,3,3,.220,.336,.288,.624
41,42,한승택,21KC,0.59,82,239,203,17,44,7,0,3,60,16,0,0,28,3,0,61,6,5,0,.217,.321,.296,.616
42,43,백용환,20KC,0.52,51,106,91,12,20,4,0,5,39,10,0,0,14,0,0,29,2,1,0,.220,.324,.429,.752
43,44,한승택,20KC,0.52,83,262,226,22,51,6,0,9,84,29,0,0,21,6,0,58,7,9,0,.226,.308,.372,.680
44,45,나주환,20K3B,0.52,64,222,204,21,57,5,0,6,80,26,0,0,12,1,0,44,6,4,1,.279,.321,.392,.713
45,46,유민상,20K1B,0.49,126,455,390,38,96,23,0,8,143,65,0,0,53,6,1,80,13,2,4,.246,.342,.367,.709
46,47,이우성,22KLF,0.48,39,84,70,16,20,6,0,1,29,7,1,1,10,0,0,13,3,4,0,.286,.375,.414,.789
47,48,황대인,20K1B,0.48,63,138,116,14,32,4,0,4,48,16,0,0,21,0,0,29,5,0,1,.276,.384,.414,.798
48,49,황윤호,19K2B,0.42,57,130,123,9,37,5,2,1,49,9,2,2,5,0,0,12,2,1,1,.301,.326,.398,.724
49,50,김호령,21KCF,0.36,62,154,130,16,27,2,0,4,41,15,4,1,16,6,0,44,2,2,0,.208,.322,.315,.638
50,51,류승현,18K3B,0.34,35,85,75,9,23,3,1,1,31,13,0,0,7,1,0,12,2,1,1,.307,.369,.413,.782
51,52,신범수,19KC,0.33,39,65,57,4,12,5,0,2,23,7,0,0,7,1,0,14,1,0,0,.211,.308,.404,.711
52,53,한승택,18KC,0.33,61,101,89,10,22,6,0,3,37,15,0,0,7,2,0,24,4,3,0,.247,.316,.416,.732
53,54,김호령,20KCF,0.30,88,159,138,36,32,5,2,4,53,16,3,3,14,3,0,55,2,3,1,.232,.314,.384,.698
54,55,최원준,18KSS,0.28,101,331,302,46,82,14,1,4,110,32,10,4,20,4,0,58,4,4,1,.272,.324,.364,.688
55,56,유민상,18KDH,0.26,31,58,48,9,13,2,1,3,26,14,0,0,8,0,0,14,3,0,2,.271,.362,.542,.904
56,57,한승택,19KC,0.25,105,288,251,22,56,9,1,3,76,27,1,0,27,1,1,82,8,7,2,.223,.299,.303,.602
57,58,백용환,19KC,0.23,28,51,47,3,11,2,0,2,19,6,0,0,3,1,0,14,0,0,0,.234,.294,.404,.698
58,59,박준태,18KRF,0.21,85,150,123,32,28,5,1,5,50,24,0,2,13,9,0,37,1,5,0,.228,.345,.407,.751
59,60,유민상,21K1B,0.21,24,74,60,7,14,2,0,1,19,6,0,0,8,6,0,18,1,0,0,.233,.378,.317,.695
60,61,최형우,21KDH,0.20,104,446,373,52,87,15,1,12,140,55,0,0,67,4,10,67,9,0,2,.233,.354,.375,.730
61,62,백용환,18KC,0.14,34,57,47,7,13,1,0,0,14,4,0,1,9,0,0,15,3,1,0,.277,.393,.298,.691
62,63,이정훈,21KDH,0.14,41,151,129,14,32,6,0,2,44,14,0,0,19,3,0,33,3,0,0,.248,.358,.341,.699
63,64,김민식,22KC,0.14,22,62,54,7,13,2,0,1,18,6,0,0,6,0,0,12,1,1,1,.241,.312,.333,.645
64,65,황대인,21K1B,0.11,86,308,282,30,67,10,1,13,118,45,0,0,18,2,0,62,8,1,5,.238,.283,.418,.702
65,66,홍재호,18K2B,0.10,56,87,76,16,20,6,0,1,29,9,0,0,8,0,0,12,2,3,0,.263,.333,.382,.715
66,67,김민식,20KC,0.09,69,237,210,22,52,6,1,2,66,21,0,0,17,2,0,28,3,6,2,.248,.307,.314,.622
67,68,오선우,20KRF,0.08,59,73,67,11,16,0,0,4,28,14,0,0,3,3,0,26,2,0,0,.239,.301,.418,.719
68,69,나지완,19KDH,0.05,56,153,129,12,24,5,0,6,47,17,0,0,19,3,1,37,3,0,2,.186,.301,.364,.665
69,70,류승현,19K1B,0.04,57,163,150,14,38,8,1,0,48,14,3,2,9,4,0,29,3,0,0,.253,.313,.320,.633
70,71,문선재,19KLF,-0.03,29,61,49,7,8,0,0,3,17,6,2,1,9,1,0,18,0,0,2,.163,.295,.347,.642
71,72,최정민,18K2B,-0.07,57,95,83,17,21,2,0,2,29,6,1,3,7,1,0,20,2,4,0,.253,.319,.349,.668
72,73,유재신,19KLF,-0.08,71,59,51,17,13,2,1,0,17,6,4,3,6,0,0,12,1,1,1,.255,.328,.333,.661
73,74,황윤호,20K3B,-0.09,25,73,70,5,17,3,0,0,20,5,2,0,3,0,0,10,3,0,0,.243,.274,.286,.560
74,75,박정우,21KCF,-0.09,32,61,48,3,9,1,0,0,10,4,0,2,10,2,0,8,2,1,0,.188,.350,.208,.558
75,76,김민식,19KC,-0.14,53,116,96,6,16,2,0,0,18,14,2,0,15,3,0,29,1,0,2,.167,.293,.188,.481
76,77,이창진,21KCF,-0.19,105,293,249,35,52,8,1,3,71,33,5,0,36,1,0,54,10,4,3,.209,.308,.285,.593
77,78,이우성,20KLF,-0.22,48,67,59,5,12,1,0,0,13,3,1,0,6,2,0,11,2,0,0,.203,.299,.220,.519
78,79,이우성,19KLF,-0.23,32,87,80,7,14,1,0,3,24,10,0,0,5,2,0,22,2,0,0,.175,.241,.300,.541
79,80,서동욱,18K1B,-0.23,32,56,49,3,10,3,0,0,13,2,0,0,5,1,0,15,1,0,1,.204,.286,.265,.551
80,81,최정용,21K2B,-0.23,53,65,52,7,10,1,0,0,11,2,2,0,9,0,0,16,1,3,1,.192,.307,.212,.518
81,82,나지완,21KLF,-0.24,31,102,81,3,13,1,0,0,14,7,0,0,14,6,0,29,3,0,1,.160,.324,.173,.496
82,83,김도영,22K3B,-0.26,53,141,132,20,26,6,2,0,36,10,4,1,6,1,0,39,0,1,1,.197,.236,.273,.508
83,84,김석환,22KLF,-0.30,30,75,64,10,9,1,0,1,13,3,0,0,9,2,0,17,1,0,0,.141,.267,.203,.470
84,85,홍종표,20K2B,-0.34,40,88,80,7,20,3,0,0,23,7,0,2,4,0,0,13,1,3,1,.250,.282,.288,.570
85,86,최정용,20K2B,-0.34,38,59,56,5,11,1,0,1,15,5,0,0,2,0,0,15,0,1,0,.196,.224,.268,.492
86,87,이우성,21KLF,-0.35,65,100,85,12,17,5,0,0,22,4,2,1,13,0,0,17,2,1,1,.200,.303,.259,.562
87,88,오선우,19KRF,-0.39,27,57,53,5,8,1,1,1,14,4,0,0,3,1,0,24,0,0,0,.151,.211,.264,.475
88,89,김태진,20K3B,-0.57,45,192,180,18,44,4,0,0,48,17,5,2,9,1,0,23,2,1,1,.244,.283,.267,.549
89,90,최원준,19K3B,-0.66,90,255,232,33,46,11,3,1,66,18,8,4,16,4,0,51,4,2,1,.198,.261,.284,.545
90,91,황윤호,18KSS,-0.70,82,62,57,11,9,1,0,0,10,4,2,2,0,3,0,6,2,2,0,.158,.200,.175,.375
91,92,김규성,20K2B,-1.00,103,182,157,21,28,2,1,3,41,11,2,1,13,1,0,40,1,11,0,.178,.246,.261,.507
92,93,박찬호,20KSS,-1.13,141,530,479,63,106,16,0,3,131,36,15,8,36,0,0,87,14,12,3,.221,.274,.273,.548
93,1,로하스,20kRF,7.76,142,628,550,116,192,39,1,47,374,135,0,1,65,5,5,132,11,0,8,.349,.417,.680,1.097
94,2,강백호,21k1B,6.35,142,627,516,76,179,40,1,16,269,102,10,5,103,0,10,85,7,0,8,.347,.450,.521,.971
95,3,로하스,18kCF,5.66,144,645,564,114,172,30,1,43,333,114,18,13,71,7,4,142,10,1,2,.305,.388,.590,.979
96,4,로하스,19kCF,5.47,142,577,520,68,167,29,3,24,274,104,4,4,49,3,5,120,4,0,5,.321,.380,.527,.907
97,5,황재균,20k3B,5.14,134,600,541,108,169,35,5,21,277,97,11,6,47,5,0,98,12,3,4,.312,.370,.512,.882
98,6,강백호,20k1B,4.75,129,574,500,95,165,36,1,23,272,89,7,2,66,5,9,93,7,0,3,.330,.411,.544,.955
99,7,강백호,19kRF,4.69,117,505,438,72,147,29,1,13,217,65,9,5,61,2,4,87,11,0,4,.336,.416,.495,.911
100,8,황재균,19k3B,3.98,124,507,448,78,127,16,3,20,209,67,10,7,52,2,2,71,10,0,5,.283,.357,.467,.824
101,9,배정대,20kCF,3.55,144,615,533,88,154,25,3,13,224,65,22,13,68,5,0,142,9,5,4,.289,.372,.420,.792
102,10,유한준,18kRF,3.48,121,480,428,59,145,21,1,20,228,83,1,1,47,2,3,53,9,2,1,.339,.406,.533,.939
103,11,유한준,19kDH,3.44,139,562,501,61,159,19,1,14,222,86,3,0,52,4,1,61,20,0,5,.317,.383,.443,.826
104,12,황재균,18k3B,3.40,142,588,530,76,157,41,3,25,279,88,14,7,49,4,1,120,5,2,3,.296,.358,.526,.885
105,13,배정대,21kCF,3.02,144,595,510,85,132,23,1,12,193,68,19,7,65,12,2,132,9,3,5,.259,.353,.378,.732
106,14,황재균,21k3B,2.93,117,507,453,74,132,16,2,10,182,56,11,4,46,3,1,92,11,1,4,.291,.358,.402,.760
107,15,박경수,18k2B,2.51,135,528,458,65,120,21,0,25,216,74,4,1,58,9,2,129,16,0,3,.262,.354,.472,.826
108,16,박경수,20k2B,2.39,119,391,324,33,91,17,0,13,147,59,0,1,48,9,2,96,14,3,7,.281,.381,.454,.835
109,17,장성우,20kC,2.22,130,455,400,39,111,15,0,13,165,79,0,0,38,1,0,64,15,10,6,.278,.337,.413,.750
110,18,박경수,19k2B,2.16,137,490,421,43,104,24,0,10,158,65,0,1,55,4,1,102,14,4,6,.247,.335,.375,.711
111,19,강백호,18kLF,2.10,138,585,527,108,153,32,2,29,276,84,3,5,52,3,0,124,4,0,3,.290,.356,.524,.879
112,20,장성우,22kC,2.02,59,206,176,25,45,7,0,9,79,25,1,0,28,2,1,37,7,0,0,.256,.364,.449,.813
113,21,심우준,19kSS,1.92,138,433,391,54,109,13,1,3,133,28,24,3,23,6,0,68,7,12,1,.279,.328,.340,.668
114,22,유한준,21kDH,1.87,104,336,281,30,87,16,0,5,118,42,1,0,44,7,5,34,12,0,4,.310,.411,.420,.831
115,23,박병호,22k1B,1.83,66,268,241,34,59,9,0,20,128,53,3,0,18,7,1,79,5,0,2,.245,.313,.531,.845
116,24,심우준,21kSS,1.74,139,460,407,61,109,20,2,6,151,48,16,6,32,4,0,65,2,10,6,.268,.323,.371,.694
117,25,장성우,21kC,1.74,127,460,385,46,89,13,0,14,144,63,1,2,60,3,3,69,16,9,3,.231,.337,.374,.711
118,26,조용호,20kLF,1.49,132,482,409,73,121,15,0,0,136,32,12,3,64,2,1,83,6,5,2,.296,.392,.333,.725
119,27,조용호,22kLF,1.38,66,252,224,23,69,9,2,1,85,14,2,4,26,2,3,42,1,0,0,.308,.385,.379,.764
120,28,장성우,19kC,1.28,127,413,366,25,96,7,0,7,124,41,0,1,35,2,2,86,11,4,6,.262,.325,.339,.664
121,29,김준태,22kC,1.22,46,139,117,15,34,9,1,2,51,13,0,0,19,0,0,37,2,1,2,.291,.384,.436,.820
122,30,황재균,22k3B,1.15,66,280,247,25,62,14,1,3,87,27,4,2,29,1,2,45,8,2,1,.251,.331,.352,.683
123,31,김병희,21k3B,1.15,34,69,51,16,15,3,0,5,33,13,3,0,13,3,0,14,0,2,0,.294,.463,.647,1.110
124,32,김민혁,19kLF,1.01,127,521,466,68,131,10,1,0,143,32,22,10,32,13,0,61,8,5,5,.281,.341,.307,.648
125,33,김민혁,21kLF,0.87,75,198,171,22,54,6,2,1,67,13,6,3,20,2,0,27,3,5,0,.316,.394,.392,.786
126,34,오윤석,22k2B,0.82,61,202,169,14,42,8,0,3,59,25,2,1,22,4,0,37,6,3,4,.249,.342,.349,.691
127,35,장성우,18kC,0.79,127,393,356,41,92,13,0,13,144,48,1,1,32,2,0,82,8,1,2,.258,.321,.404,.726
128,36,호잉,21kRF,0.76,68,294,259,32,62,11,1,11,108,52,5,2,26,4,2,52,2,0,5,.239,.313,.417,.730
129,37,윤석민,18k1B,0.74,132,509,460,58,127,22,0,19,206,60,4,1,40,4,2,69,17,2,3,.276,.337,.448,.785
130,38,심우준,22kSS,0.69,64,209,179,28,44,2,2,0,50,12,11,2,20,1,0,35,7,7,2,.246,.322,.279,.601
131,39,유한준,20kDH,0.63,119,428,386,48,108,17,0,11,158,64,0,0,40,0,2,51,9,1,1,.280,.347,.409,.756
132,40,배정대,22kCF,0.63,69,253,226,21,57,10,0,2,73,16,9,2,21,2,0,52,0,2,2,.252,.319,.323,.642
133,41,오태곤,19kDH,0.61,122,391,351,63,88,16,1,6,124,35,19,2,31,4,0,78,8,3,2,.251,.317,.353,.670
134,42,오윤석,21k2B,0.59,64,122,95,14,24,4,0,2,34,11,2,0,20,2,0,26,2,5,0,.253,.393,.358,.751
135,43,알몬테,21kLF,0.57,60,249,224,18,61,9,0,7,91,36,1,0,22,1,0,49,9,0,2,.272,.337,.406,.744
136,44,조용호,19kRF,0.53,87,211,188,15,55,6,3,0,67,19,3,4,21,0,0,28,0,2,0,.293,.364,.356,.720
137,45,이진영,18kDH,0.48,110,312,283,40,90,17,1,3,118,39,2,1,25,0,1,35,3,1,3,.318,.370,.417,.787
138,46,송민섭,21kRF,0.46,122,64,47,39,11,0,0,0,11,7,15,1,12,0,0,21,0,5,0,.234,.390,.234,.624
139,47,권동진,21kSS,0.42,86,85,66,21,17,5,0,1,25,6,3,3,18,0,0,30,0,1,0,.258,.417,.379,.796
140,48,조용호,21kLF,0.39,138,515,428,71,101,14,1,0,117,48,12,9,74,3,0,85,8,5,5,.236,.349,.273,.622
141,49,박승욱,20k2B,0.34,97,128,110,23,29,3,2,1,39,10,5,1,11,4,0,37,1,2,1,.264,.349,.355,.704
142,50,강백호,22kDH,0.31,15,64,55,8,15,6,0,1,24,6,0,0,7,1,1,10,0,0,1,.273,.359,.436,.796
143,51,허도환,21kC,0.29,62,125,105,8,29,6,0,2,41,21,0,0,8,2,0,28,3,10,0,.276,.339,.390,.730
144,52,문상철,20k1B,0.28,74,172,154,24,40,3,2,8,71,25,0,1,11,2,0,43,4,3,2,.260,.314,.461,.775
145,53,강민국,19kSS,0.28,58,94,88,12,24,0,1,0,26,7,2,0,6,0,0,17,2,0,0,.273,.319,.295,.615
146,54,라모스,22kRF,0.27,18,80,72,10,18,1,1,3,30,11,2,0,4,2,0,18,2,1,1,.250,.304,.417,.721
147,55,신본기,21k2B,0.26,96,205,173,25,41,8,0,1,52,19,1,2,22,4,0,44,6,5,1,.237,.335,.301,.636
148,56,송민섭,19kRF,0.23,105,64,53,24,16,0,1,0,18,4,1,3,7,2,0,13,0,1,1,.302,.397,.340,.736
149,57,허도환,20kC,0.23,52,62,53,2,14,1,0,0,15,5,0,0,6,2,0,15,2,1,0,.264,.361,.283,.644
150,58,박경수,21k2B,0.10,118,280,239,24,46,10,0,9,83,33,0,1,34,3,2,76,7,4,0,.192,.301,.347,.648
151,59,김민혁,22kLF,0.08,63,242,206,30,56,4,1,0,62,23,3,3,22,1,0,35,5,10,3,.272,.341,.301,.642
152,60,오태곤,20kLF,-0.01,40,55,50,7,11,1,1,0,14,5,1,0,1,4,0,16,2,0,0,.220,.291,.280,.571
153,61,홍현빈,22kRF,-0.02,44,83,68,6,16,2,0,0,18,1,4,0,9,0,0,23,1,6,0,.235,.325,.265,.589
154,62,문상철,21kDH,-0.07,53,105,95,14,20,6,0,2,32,16,2,0,8,2,0,33,1,0,0,.211,.286,.337,.623
155,63,정현,18kSS,-0.07,65,132,117,16,31,7,0,2,44,9,3,0,9,0,0,28,3,6,0,.265,.318,.376,.694
156,64,문상철,19k1B,-0.08,33,67,59,8,12,1,0,2,19,7,2,0,4,2,0,26,1,0,2,.203,.269,.322,.591
157,65,심우준,20kSS,-0.08,144,535,476,58,112,16,3,3,143,51,35,11,37,2,0,98,7,16,4,.235,.291,.300,.591
158,66,심우준,18kSS,-0.09,135,403,367,49,95,23,3,4,136,29,11,11,20,4,1,58,4,11,1,.259,.304,.371,.674
159,67,오태곤,18kLF,-0.10,128,374,342,55,87,17,2,12,144,39,13,8,24,4,0,92,7,3,1,.254,.310,.421,.731
160,68,강민국,21k2B,-0.10,18,50,45,2,11,2,0,0,13,4,0,0,3,0,0,6,1,2,0,.244,.292,.289,.581
161,69,이해창,18kC,-0.15,83,174,162,19,35,4,0,8,63,24,0,3,8,3,0,49,3,1,0,.216,.266,.389,.655
162,70,김민혁,20kLF,-0.16,108,249,222,35,53,5,2,5,77,25,8,4,22,2,0,42,4,2,1,.239,.312,.347,.659
163,71,김병희,22k1B,-0.18,31,74,64,6,14,1,0,1,18,6,0,3,6,3,0,22,1,0,1,.219,.311,.281,.592
164,72,박승욱,19k1B,-0.19,93,230,210,21,51,3,4,2,68,13,4,1,12,2,0,45,5,6,0,.243,.290,.324,.614
165,73,김태훈,21kRF,-0.22,44,91,87,6,20,4,1,1,29,6,1,0,2,1,0,19,1,1,0,.230,.256,.333,.589
166,74,송민섭,20kRF,-0.24,114,51,41,21,8,1,1,1,14,5,4,3,5,1,0,13,0,3,1,.195,.292,.341,.633
167,75,천성호,20k2B,-0.25,66,77,69,9,14,3,0,0,17,1,1,1,7,1,0,15,0,0,0,.203,.286,.246,.532
168,76,배정대,19kCF,-0.30,66,84,74,15,15,4,0,0,19,6,0,2,7,1,0,23,2,2,0,.203,.281,.257,.537
169,77,이홍구,21kC,-0.43,37,58,55,4,9,0,0,1,12,7,0,0,2,0,1,28,4,0,1,.164,.190,.218,.408
170,78,신본기,22kSS,-0.47,32,58,56,2,8,1,0,0,9,1,0,0,2,0,0,17,2,0,0,.143,.172,.161,.333
171,79,강민국,20k2B,-0.52,81,120,107,16,24,3,0,0,27,9,0,1,7,0,0,20,0,6,0,.224,.272,.252,.524
172,80,윤석민,19k1B,-0.68,63,178,169,4,39,4,0,2,49,17,0,0,7,0,0,24,4,0,2,.231,.258,.290,.548
173,81,박경수,22k2B,-0.76,54,95,85,5,10,1,0,0,11,4,0,0,10,0,0,30,3,0,0,.118,.211,.129,.340
174,82,박기혁,18kSS,-0.80,98,196,173,17,37,6,0,1,46,15,1,0,13,2,0,50,8,5,3,.214,.272,.266,.538
175,1,홍창기,21LCF,6.98,144,651,524,103,172,26,2,4,214,52,23,8,110,15,4,95,6,0,2,.328,.456,.408,.865
176,2,김현수,20LLF,5.29,142,619,547,98,181,35,2,22,286,119,0,2,63,2,7,53,9,0,7,.331,.397,.523,.920
177,3,김현수,18LLF,4.79,117,511,453,95,164,39,2,20,267,101,1,3,47,1,6,61,9,0,10,.362,.415,.589,1.004
178,4,채은성,18LRF,4.73,139,578,529,78,175,36,2,25,290,119,3,1,35,9,1,97,12,0,5,.331,.379,.548,.927
179,5,오지환,20LSS,4.40,141,591,527,95,158,41,7,10,243,71,20,8,45,9,1,116,4,5,5,.300,.362,.461,.823
180,6,라모스,20L1B,4.33,117,494,431,74,120,17,2,38,255,86,2,0,55,4,5,136,7,0,4,.278,.362,.592,.954
181,7,이천웅,19LCF,4.01,138,613,546,88,168,24,3,2,204,48,21,10,57,5,1,82,13,4,1,.308,.378,.374,.751
182,8,홍창기,20LCF,3.91,135,507,408,87,114,29,6,5,170,39,11,5,83,10,1,87,8,3,3,.279,.411,.417,.827
183,9,유강남,18LC,3.68,132,465,425,53,126,33,0,19,216,66,0,0,28,9,1,80,21,2,1,.296,.352,.508,.860
184,10,김현수,19LLF,3.61,140,595,526,75,160,37,0,11,230,82,3,1,54,6,9,52,11,0,9,.304,.370,.437,.807
185,11,오지환,19LSS,3.40,134,547,473,63,119,23,5,9,179,53,27,5,57,7,1,113,7,7,3,.252,.339,.378,.717
186,12,유강남,19LC,3.38,132,468,418,44,113,22,0,16,183,49,0,0,30,13,2,82,21,1,6,.270,.334,.438,.772
187,13,김현수,21LLF,3.31,140,595,506,70,144,23,1,17,220,97,3,0,77,3,5,42,7,0,9,.285,.377,.435,.811
188,14,채은성,19LRF,3.17,128,514,470,59,148,18,1,12,204,72,2,2,24,12,1,67,9,0,8,.315,.358,.434,.792
189,15,이형종,18LCF,3.05,118,485,437,83,138,27,0,13,204,42,6,4,31,12,0,82,6,5,0,.316,.377,.467,.844
190,16,이형종,19LLF,3.02,120,482,419,56,120,24,1,13,185,63,6,5,42,10,1,78,9,1,10,.286,.358,.442,.799
191,17,유강남,20LC,2.89,137,478,429,51,112,18,0,16,178,74,1,1,32,13,1,84,18,2,2,.261,.330,.415,.745
192,18,채은성,21LRF,2.86,110,448,387,59,107,20,0,16,175,82,4,2,38,16,2,80,9,0,7,.276,.359,.452,.812
193,19,김현수,22LLF,2.86,68,295,262,44,77,15,1,13,133,54,1,1,29,4,5,29,3,0,0,.294,.373,.508,.881
194,20,오지환,18LSS,2.83,144,617,533,93,148,26,2,11,211,71,10,5,59,7,3,146,6,12,6,.278,.354,.396,.750
195,21,이형종,20LRF,2.72,81,323,287,41,85,17,2,17,157,50,1,0,27,7,1,61,7,0,2,.296,.368,.547,.916
196,22,이천웅,18LLF,2.41,112,405,359,61,122,22,3,2,156,39,10,10,39,3,2,48,11,2,2,.340,.407,.435,.842
197,23,오지환,21LSS,2.33,134,532,464,62,118,19,2,8,165,57,12,6,54,5,0,82,11,4,5,.254,.335,.356,.691
198,24,유강남,21LC,2.20,130,441,397,39,100,16,0,11,149,60,2,0,25,14,1,75,11,3,2,.252,.317,.375,.693
199,25,오지환,22LSS,2.14,69,275,247,33,62,9,1,11,106,38,9,2,22,2,1,46,5,3,1,.251,.316,.429,.745
200,26,채은성,20LRF,2.07,109,464,416,59,122,17,2,15,188,88,0,3,32,9,1,69,12,0,7,.293,.351,.452,.803
201,27,홍창기,22LRF,1.94,61,287,243,43,74,11,3,1,94,31,4,4,29,10,0,37,4,1,4,.305,.395,.387,.782
202,28,김민성,19L3B,1.68,107,401,361,44,94,16,0,8,134,50,2,1,30,4,0,75,12,5,1,.260,.323,.371,.694
203,29,박해민,22LCF,1.56,69,302,260,42,72,6,3,2,90,26,14,3,28,5,0,38,3,6,3,.277,.355,.346,.701
204,30,가르시아,18L3B,1.53,50,206,183,27,62,9,0,8,95,34,5,0,9,8,0,25,3,0,6,.339,.384,.519,.903
205,31,박용택,18LDH,1.38,134,583,524,89,159,38,1,15,244,76,3,3,47,5,0,107,21,0,7,.303,.362,.466,.828
206,32,양석환,18L3B,1.37,140,519,483,53,127,27,0,22,220,82,2,2,24,6,0,81,9,1,5,.263,.303,.455,.759
207,33,채은성,22L1B,1.36,57,239,211,19,61,13,1,4,88,36,2,3,14,9,0,34,5,0,5,.289,.352,.417,.769
208,34,문성주,22LDH,1.35,42,160,130,19,43,9,2,2,62,17,5,4,23,2,1,19,5,4,1,.331,.436,.477,.913
209,35,페게로,19L1B,1.24,52,214,199,24,57,10,0,9,94,44,2,1,12,2,0,63,2,0,1,.286,.332,.472,.804
210,36,유강남,22LC,1.23,67,240,209,33,53,10,0,2,69,23,0,0,24,4,1,48,5,2,1,.254,.340,.330,.671
211,37,문보경,22L3B,1.13,55,183,164,18,46,9,0,3,64,18,1,0,16,1,0,27,3,0,2,.280,.344,.390,.735
212,38,문보경,21L1B,1.06,107,329,278,37,64,11,1,8,101,39,3,1,46,0,1,64,5,3,2,.230,.337,.363,.701
213,39,김민성,20L3B,0.96,87,333,297,29,79,20,0,5,114,47,2,1,24,4,2,66,8,4,4,.266,.325,.384,.709
214,40,이재원,22LDH,0.93,31,108,96,15,25,2,2,7,52,24,1,1,8,4,2,34,1,0,0,.260,.343,.542,.884
215,41,이형종,21LDH,0.93,90,281,239,32,52,11,0,10,93,34,3,1,34,7,1,65,10,1,0,.218,.332,.389,.721
216,42,조셉,19L1B,0.93,55,217,197,17,54,3,0,9,84,36,0,1,14,4,0,46,3,0,2,.274,.332,.426,.758
217,43,정주현,18L2B,0.85,115,339,303,48,79,14,2,6,115,31,18,3,27,2,0,68,9,6,1,.261,.324,.380,.704
218,44,김민성,21L3B,0.83,121,426,360,35,80,22,0,8,126,39,3,3,42,8,2,73,7,11,5,.222,.313,.350,.663
219,45,서건창,21L2B,0.76,68,267,235,33,58,12,1,2,78,24,6,0,24,3,0,34,5,4,1,.247,.323,.332,.655
220,46,라모스,21L1B,0.58,51,205,185,14,45,7,1,8,78,25,0,0,18,2,0,43,2,0,0,.243,.317,.422,.739
221,47,이천웅,20LCF,0.57,89,359,312,44,80,11,2,3,104,36,8,5,35,4,0,44,7,2,6,.256,.333,.333,.667
222,48,정주현,21L2B,0.43,73,214,181,26,43,7,1,3,61,10,3,3,24,0,0,32,4,9,0,.238,.327,.337,.664
223,49,박용택,20LDH,0.38,97,236,217,22,65,15,0,2,86,35,2,0,15,0,1,34,7,0,4,.300,.339,.396,.735
224,50,박용택,19LDH,0.35,64,215,195,19,55,9,0,1,67,22,3,1,18,0,1,30,3,0,2,.282,.340,.344,.683
225,51,서상우,18L,0.32,51,84,69,10,20,0,0,2,26,14,0,1,12,1,0,18,1,0,2,.290,.393,.377,.770
226,52,이영빈,21L1B,0.27,72,169,148,21,36,9,0,2,51,16,6,3,15,3,0,51,1,2,1,.243,.323,.345,.668
227,53,이재원,21LRF,0.25,62,171,154,22,38,6,0,5,59,17,5,1,14,2,0,48,2,0,1,.247,.316,.383,.699
228,54,양석환,20L3B,0.18,40,132,118,8,29,5,0,3,43,13,0,0,10,2,0,25,1,2,0,.246,.315,.364,.680
229,55,이상호,21L2B,0.11,45,68,65,5,20,2,0,0,22,12,2,1,1,0,0,10,2,2,0,.308,.318,.338,.657
230,56,송찬의,22L2B,0.09,28,70,64,6,14,3,0,2,23,8,2,1,2,3,0,21,0,0,1,.219,.271,.359,.631
231,57,전민수,19L,0.06,75,106,96,8,23,7,0,0,30,8,2,1,9,0,0,18,4,1,0,.240,.305,.313,.617
232,58,정주현,19L2B,0.03,129,425,376,53,87,19,2,2,116,27,15,6,31,1,0,91,10,16,1,.231,.291,.309,.600
233,59,정주현,20L2B,0.03,134,371,328,50,81,10,4,4,111,30,8,7,29,3,0,63,6,9,2,.247,.312,.338,.651
234,60,이천웅,21LCF,0.03,68,211,181,20,36,7,0,2,49,16,3,2,25,3,0,23,11,1,1,.199,.305,.271,.576
235,61,김호은,20L1B,0.00,69,112,103,12,25,5,0,2,36,11,0,0,7,2,0,14,2,0,0,.243,.304,.350,.653
236,62,장준원,20L3B,0.00,46,68,60,10,13,3,0,1,19,6,0,0,6,0,0,7,2,1,1,.217,.284,.317,.600
237,63,이성우,20LC,-0.01,72,88,77,7,18,1,0,3,28,11,0,0,6,0,0,14,3,5,0,.234,.289,.364,.653
238,64,서건창,22L2B,-0.03,47,151,137,24,29,7,0,1,39,11,5,1,10,1,0,25,5,2,1,.212,.269,.285,.553
239,65,신민재,19L2B,-0.03,81,94,81,25,19,3,0,0,22,5,10,8,8,3,0,17,0,1,1,.235,.323,.272,.594
240,66,정상호,18LC,-0.05,70,128,112,11,25,4,0,1,32,9,0,1,8,5,0,35,3,3,0,.223,.304,.286,.590
241,67,김용의,20L1B,-0.06,101,75,70,28,19,1,1,1,25,12,7,3,3,0,0,15,2,1,1,.271,.297,.357,.654
242,68,정근우,20L2B,-0.10,72,177,154,23,37,4,0,1,44,14,7,2,17,2,1,23,4,3,1,.240,.322,.286,.608
243,69,문성주,21LLF,-0.13,31,89,79,11,18,1,0,1,22,10,1,1,7,2,0,15,1,0,1,.228,.303,.278,.582
244,70,김용의,19L1B,-0.17,114,210,179,35,39,5,3,0,50,17,8,3,24,2,1,38,1,4,1,.218,.316,.279,.595
245,71,루이즈,22L3B,-0.20,27,94,84,10,13,4,1,1,22,6,1,0,9,0,0,13,5,0,1,.155,.234,.262,.496
246,72,김재성,21LC,-0.23,58,73,65,6,9,2,1,1,16,3,1,0,5,1,0,13,2,1,1,.138,.208,.246,.455
247,73,구본혁,19L3B,-0.28,57,95,85,10,15,1,0,1,19,6,2,1,6,2,0,17,0,1,1,.176,.245,.224,.468
248,74,김민성,22L3B,-0.30,48,103,93,9,19,3,0,0,22,8,0,1,6,1,0,18,1,3,0,.204,.260,.237,.497
249,75,윤진호,18L2B,-0.31,102,61,53,13,11,3,0,0,14,4,0,1,2,2,0,14,2,4,0,.208,.263,.264,.527
250,76,임훈,18LLF,-0.32,54,88,83,10,19,3,0,2,28,7,0,0,3,0,0,15,3,2,0,.229,.256,.337,.593
251,77,이성우,19LC,-0.33,55,74,64,2,10,3,0,0,13,6,0,0,4,3,0,11,2,3,0,.156,.239,.203,.443
252,78,박지규,18L2B,-0.37,26,53,47,6,8,2,0,1,13,5,2,0,3,0,0,17,2,2,1,.170,.216,.277,.492
253,79,구본혁,20L3B,-0.42,125,98,86,20,14,0,1,1,19,7,0,0,7,2,0,18,2,3,0,.163,.242,.221,.463
254,80,보어,21L1B,-0.43,32,117,100,7,17,2,0,3,28,17,0,0,11,3,0,30,2,0,3,.170,.265,.280,.545
255,81,강승호,18L2B,-0.63,32,109,94,4,18,4,0,1,25,10,1,1,9,2,0,30,1,3,1,.191,.274,.266,.540
256,82,안익훈,18LCF,-0.70,62,135,123,13,27,4,0,0,31,10,0,1,8,1,0,12,4,2,1,.220,.271,.252,.523
257,83,윤진호,19L3B,-0.71,105,62,59,6,6,2,0,1,11,5,1,1,1,0,0,13,0,2,0,.102,.117,.186,.303
258,84,김용의,18L1B,-0.85,114,185,159,28,37,2,0,0,39,13,10,1,16,0,1,32,1,7,3,.233,.298,.245,.543
259,1,양의지,19NC,6.61,118,459,390,61,138,26,0,20,224,68,4,3,48,15,4,43,13,0,6,.354,.438,.574,1.012
260,2,양의지,20NC,6.00,130,528,461,86,151,26,1,33,278,124,5,2,46,14,7,47,11,1,6,.328,.400,.603,1.003
261,3,양의지,21NDH,5.74,141,570,480,81,156,29,2,30,279,111,2,1,69,11,5,60,12,0,10,.325,.414,.581,.995
262,4,나성범,20NDH,5.18,130,584,525,115,170,37,2,34,313,112,3,1,49,9,2,148,6,0,1,.324,.390,.596,.987
263,5,알테어,21NCF,4.91,143,565,492,83,134,19,2,32,253,84,20,5,57,11,2,156,6,0,5,.272,.358,.514,.872
264,6,박민우,19N2B,4.66,125,526,468,89,161,23,8,1,203,45,18,7,41,9,1,40,10,2,6,.344,.403,.434,.836
265,7,나성범,18NRF,4.51,144,620,556,110,177,36,3,23,288,91,15,2,44,15,4,131,11,0,5,.318,.381,.518,.899
266,8,박민우,20N2B,4.48,126,530,467,82,161,27,5,8,222,63,13,6,36,15,2,48,12,2,10,.345,.402,.475,.877
267,9,알테어,20NCF,4.43,136,546,482,90,134,20,7,31,261,108,22,3,46,12,3,149,10,0,6,.278,.352,.541,.893
268,10,박석민,20N3B,4.06,123,448,356,58,109,15,0,14,166,63,0,1,75,10,2,62,11,2,4,.306,.436,.466,.902
269,11,나성범,21NRF,3.91,144,623,570,96,160,29,1,33,290,101,1,2,38,11,2,155,5,0,4,.281,.336,.509,.844
270,12,노진혁,20NSS,3.32,132,484,427,70,117,22,3,20,205,82,0,4,49,5,3,106,8,3,0,.274,.356,.480,.836
271,13,박석민,19N3B,3.25,112,444,360,49,96,17,1,19,172,74,1,2,65,12,2,69,17,4,3,.267,.393,.478,.871
272,14,박민우,18N2B,2.93,115,460,411,68,133,22,5,5,180,33,17,5,32,10,3,51,4,3,4,.324,.383,.438,.821
273,15,노진혁,21NSS,2.90,107,384,330,41,95,22,0,8,141,58,1,1,42,5,0,90,3,4,3,.288,.374,.427,.801
274,16,마티니,22NLF,2.46,67,280,245,27,73,19,1,10,124,44,2,1,27,4,3,47,5,0,4,.298,.371,.506,.878
275,17,노진혁,19NSS,2.34,110,390,348,51,92,23,2,13,158,43,0,1,31,2,2,80,7,6,3,.264,.326,.454,.780
276,18,손아섭,22NRF,2.07,68,301,269,33,86,20,2,4,122,24,3,3,25,2,1,38,0,0,5,.320,.375,.454,.829
277,19,모창민,19N1B,1.98,101,386,341,49,104,21,2,10,159,55,3,2,31,3,1,62,8,0,11,.305,.358,.466,.824
278,20,권희동,20NRF,1.98,123,426,346,67,90,16,0,12,142,50,3,0,58,11,0,72,6,6,5,.260,.379,.410,.789
279,21,강진성,20N1B,1.81,121,432,395,53,122,25,0,12,183,70,9,1,20,9,0,46,11,2,6,.309,.351,.463,.815
280,22,박건우,22NCF,1.77,49,194,169,20,56,10,0,3,75,30,0,3,18,4,0,26,4,0,3,.331,.402,.444,.846
281,23,이명기,20NLF,1.71,136,540,477,82,146,18,3,2,176,45,12,7,50,4,0,78,6,5,4,.306,.374,.369,.743
282,24,노진혁,18N3B,1.70,125,458,420,52,119,21,4,11,181,42,4,3,33,2,0,92,8,1,2,.283,.337,.431,.768
283,25,나성범,19NCF,1.51,23,106,93,19,34,12,1,4,60,14,2,1,12,1,0,26,2,0,0,.366,.443,.645,1.089
284,26,양의지,22NC,1.42,59,235,196,25,48,11,0,7,80,34,1,0,28,8,4,27,8,0,3,.245,.357,.408,.766
285,27,스크럭스,18N1B,1.41,142,571,501,75,129,35,0,26,242,97,3,2,55,12,2,144,14,0,3,.257,.343,.483,.826
286,28,이명기,21NLF,1.38,56,232,191,30,56,12,0,2,74,14,5,3,37,1,0,27,2,3,0,.293,.411,.387,.798
287,29,권희동,21NLF,1.32,55,171,133,25,35,3,0,8,62,26,2,0,29,5,1,24,4,1,3,.263,.406,.466,.872
288,30,박석민,21N3B,1.32,59,205,171,27,44,8,0,10,82,41,0,0,27,2,1,43,8,3,2,.257,.361,.480,.841
289,31,권희동,19NRF,1.30,116,413,348,37,89,17,0,6,124,41,3,0,50,7,1,60,10,5,3,.256,.358,.356,.714
290,32,이명기,19NRF,1.16,59,245,219,25,67,7,1,1,79,15,10,1,20,0,1,25,8,4,2,.306,.361,.361,.722
291,33,김성욱,18NCF,1.04,111,358,323,49,84,13,2,13,140,45,11,2,29,1,0,64,10,2,3,.260,.320,.433,.754
292,34,모창민,18N3B,0.95,81,314,287,38,80,10,1,17,143,62,2,3,21,2,0,51,10,0,4,.279,.328,.498,.826
293,35,노진혁,22NSS,0.94,45,167,147,17,36,8,0,5,59,21,0,0,19,0,0,43,6,0,1,.245,.329,.401,.731
294,36,권희동,18NLF,0.92,104,391,343,43,97,19,1,8,142,57,1,3,35,4,2,58,5,5,4,.283,.352,.414,.766
295,37,박석민,18NDH,0.91,103,375,318,40,81,14,1,16,145,55,1,0,39,15,4,80,11,0,3,.255,.360,.456,.816
296,38,박민우,21N2B,0.83,50,215,180,30,47,5,3,1,61,18,12,3,22,7,0,23,4,4,2,.261,.360,.339,.699
297,39,최정원,21N2B,0.80,72,238,212,40,60,4,2,0,68,8,10,7,18,4,0,40,0,4,0,.283,.350,.321,.671
298,40,김주원,21NSS,0.73,69,189,166,20,40,7,1,5,64,16,6,2,17,2,0,57,5,2,2,.241,.316,.386,.701
299,41,김기환,22NCF,0.66,51,114,97,21,24,5,1,0,31,5,12,1,12,2,0,30,0,2,1,.247,.339,.320,.659
300,42,김형준,20NC,0.63,44,82,72,12,22,1,0,3,32,11,0,0,10,0,0,21,1,0,0,.306,.390,.444,.835
301,43,김태군,21NC,0.63,102,276,232,23,51,7,0,7,79,24,0,1,21,11,0,30,4,9,3,.220,.311,.341,.651
302,44,김성욱,19NCF,0.61,116,333,287,38,66,16,1,9,111,36,6,4,29,3,1,69,4,9,5,.230,.303,.387,.689
303,45,스몰린스키,19NRF,0.60,55,228,205,32,47,14,1,9,90,42,3,1,16,5,0,31,7,0,2,.229,.298,.439,.737
304,46,박민우,22N2B,0.56,40,179,161,17,40,12,0,1,55,11,6,2,13,3,2,23,2,1,1,.248,.315,.342,.656
305,47,김태군,20NC,0.53,80,131,113,16,33,6,0,1,42,18,0,0,6,4,0,14,3,7,1,.292,.347,.372,.719
306,48,베탄코트,19NRF,0.49,53,224,203,23,50,8,0,8,82,29,1,1,18,1,0,51,1,0,2,.246,.308,.404,.712
307,49,김태진,19NLF,0.49,123,399,374,44,103,14,5,5,142,46,12,4,16,1,0,67,3,5,3,.275,.305,.380,.684
308,50,이원재,18NLF,0.47,77,150,138,12,42,10,0,5,67,19,0,2,10,0,0,33,3,0,2,.304,.347,.486,.832
309,51,서호철,22N3B,0.46,54,152,138,22,32,7,0,2,45,12,3,1,9,3,0,28,4,2,0,.232,.293,.326,.619
310,52,박준영,21N3B,0.43,111,315,273,37,57,7,2,8,92,31,4,3,27,10,0,92,9,3,2,.209,.301,.337,.638
311,53,손시헌,19NSS,0.37,68,149,135,17,36,4,1,2,48,10,1,2,5,5,0,23,2,4,0,.267,.317,.356,.673
312,54,김찬형,19NSS,0.34,76,154,141,16,39,4,2,1,50,12,3,4,6,4,0,21,1,2,1,.277,.322,.355,.677
313,55,모창민,20N1B,0.34,62,149,136,10,41,10,2,2,61,13,0,0,8,1,1,22,5,2,2,.301,.340,.449,.789
314,56,이우성,19NLF,0.34,28,81,71,12,19,3,0,3,31,12,0,0,7,0,0,18,1,1,2,.268,.325,.437,.762
315,57,박준영,22N3B,0.29,35,131,112,12,22,4,0,3,35,10,4,1,16,1,0,31,1,2,0,.196,.302,.313,.615
316,58,김찬형,20NSS,0.27,56,72,64,10,19,6,0,0,25,7,3,1,4,1,0,11,0,2,1,.297,.343,.391,.734
317,59,김주원,22NSS,0.21,27,87,76,9,16,2,1,2,26,8,0,1,7,2,0,30,2,2,0,.211,.294,.342,.636
318,60,강진성,21N1B,0.19,124,462,406,49,101,20,0,7,142,38,9,3,36,14,2,68,12,4,2,.249,.330,.350,.679
319,61,강진성,19NLF,0.18,41,104,97,11,24,4,1,2,36,14,2,1,3,4,0,20,6,0,0,.247,.298,.371,.669
320,62,윤형준,21N1B,0.15,51,81,74,10,22,0,0,5,37,10,0,1,3,0,0,17,2,3,1,.297,.321,.500,.821
321,63,전민수,21N,0.15,71,109,98,12,25,3,0,3,37,16,0,0,11,0,1,23,2,0,0,.255,.330,.378,.708
322,64,이원재,19N1B,0.14,94,285,256,31,66,11,0,8,101,36,1,2,20,1,0,47,5,5,3,.258,.311,.395,.705
323,65,정현,21N2B,0.12,56,120,96,9,22,3,1,0,27,7,0,1,14,4,0,20,6,6,0,.229,.351,.281,.632
324,66,최준석,18NDH,0.09,93,179,153,7,39,3,0,4,54,24,0,0,24,0,0,41,6,0,2,.255,.352,.353,.705
325,67,권희동,22NRF,0.04,26,91,82,8,19,2,1,1,26,9,0,0,8,0,0,13,1,1,0,.232,.300,.317,.617
326,68,김찬형,18NSS,0.01,63,160,142,24,33,5,0,1,41,9,4,1,8,8,0,28,1,1,1,.232,.308,.289,.597
327,69,정진기,21NLF,0.01,86,199,186,27,43,8,0,6,69,21,6,3,10,1,0,37,2,2,0,.231,.274,.371,.645
328,70,김형준,19NC,-0.01,55,119,107,13,24,5,0,2,35,9,0,0,8,0,0,24,1,4,0,.224,.278,.327,.605
329,71,지석훈,20N3B,-0.03,87,142,121,22,25,8,0,1,36,12,1,0,15,2,0,33,4,2,2,.207,.300,.298,.598
330,72,이명기,22NLF,-0.06,37,147,130,9,31,7,1,0,40,8,2,2,10,2,0,25,3,3,2,.238,.299,.308,.606
331,73,지석훈,19N3B,-0.08,76,169,149,15,34,9,0,2,49,15,0,1,10,6,1,37,6,2,2,.228,.299,.329,.628
332,74,도태훈,21N3B,-0.09,77,76,66,10,12,1,0,1,16,9,1,0,6,4,0,14,3,0,0,.182,.290,.242,.532
333,75,이원재,20N1B,-0.09,73,146,132,15,34,5,2,4,55,17,1,0,11,0,1,26,3,2,1,.258,.313,.417,.729
334,76,김준완,20NRF,-0.09,45,75,65,8,14,1,0,1,18,5,0,0,10,0,0,9,3,0,0,.215,.320,.277,.597
335,77,윤여운,18NC,-0.13,44,79,73,8,14,6,0,1,23,8,0,0,5,0,0,21,1,1,0,.192,.244,.315,.559
336,78,김성욱,20NRF,-0.13,104,225,195,32,43,4,1,8,73,26,12,5,17,4,0,40,0,7,2,.221,.294,.374,.668
337,79,손시헌,18NSS,-0.16,67,150,128,12,24,4,0,2,34,14,2,0,15,5,0,20,3,1,1,.188,.295,.266,.561
338,80,박준영,20NSS,-0.18,32,51,46,4,7,4,0,0,11,3,1,0,2,3,0,17,2,0,0,.152,.235,.239,.474
339,81,이상호,19N2B,-0.20,102,256,234,30,65,7,0,0,72,12,10,5,9,2,0,22,10,8,3,.278,.307,.308,.614
340,82,도태훈,22N3B,-0.23,44,103,87,9,19,4,0,2,29,7,0,0,6,1,0,15,5,7,2,.218,.271,.333,.604
341,83,김응민,22NC,-0.33,27,62,54,6,7,1,0,1,11,4,0,0,3,2,0,8,2,2,1,.130,.200,.204,.404
342,84,박대온,22NC,-0.35,18,54,50,3,7,3,0,0,10,4,0,0,0,2,0,15,2,1,1,.140,.170,.200,.370
343,85,김기환,21NLF,-0.35,62,149,140,19,29,7,2,3,49,13,15,4,8,0,0,45,1,1,0,.207,.250,.350,.600
344,86,이원재,21N1B,-0.36,31,69,65,3,15,2,0,0,17,7,1,0,1,1,0,11,1,1,1,.231,.250,.262,.512
345,87,박대온,21NC,-0.38,42,95,85,4,18,1,0,0,19,5,0,0,4,0,0,21,0,4,2,.212,.242,.224,.465
346,88,강진성,18NLF,-0.38,45,75,68,5,16,3,0,0,19,1,0,0,4,0,0,17,3,2,1,.235,.274,.279,.553
347,89,김형준,18NC,-0.45,60,89,81,6,13,1,0,0,14,2,0,0,7,1,0,32,3,0,0,.160,.236,.173,.409
348,90,김태진,20N3B,-0.47,37,88,83,10,18,1,1,1,24,6,2,2,4,0,0,22,0,1,0,.217,.253,.289,.542
349,91,오영수,22N1B,-0.59,40,122,111,7,21,6,0,1,30,11,0,3,9,1,0,33,1,0,1,.189,.254,.270,.524
350,92,이우성,18NLF,-0.62,40,133,119,11,23,6,0,2,35,13,0,2,10,2,0,39,4,1,1,.193,.265,.294,.559
351,93,지석훈,18NSS,-0.64,67,105,94,9,17,2,0,1,22,8,1,0,8,0,0,20,2,0,3,.181,.238,.234,.472
352,94,정범모,18NC,-0.65,103,219,190,20,34,9,0,4,55,18,1,0,15,4,0,62,4,7,3,.179,.250,.289,.540
353,95,이상호,20N2B,-0.69,82,65,61,18,8,1,0,0,9,4,6,4,3,0,0,5,2,1,0,.131,.172,.148,.319
354,96,이종욱,18NLF,-0.71,43,128,122,12,28,7,0,1,38,8,1,1,4,0,0,16,2,1,1,.230,.252,.311,.563
355,97,이상호,18N2B,-0.73,114,204,187,32,47,2,0,0,49,8,13,5,8,2,0,15,8,7,0,.251,.289,.262,.551
356,1,최정,21S3B,6.14,134,555,436,92,121,17,1,35,245,100,8,6,84,22,3,102,9,1,12,.278,.410,.562,.972
357,2,한유섬,21SRF,3.90,135,519,442,71,123,18,1,31,236,95,1,0,60,10,4,96,11,1,6,.278,.373,.534,.907
358,3,추신수,21SDH,3.89,137,580,461,84,122,19,2,21,208,69,25,9,103,12,4,123,8,0,4,.265,.409,.451,.860
359,4,박성한,21SSS,3.34,135,471,407,53,123,21,1,4,158,44,12,5,49,1,0,73,1,12,2,.302,.377,.388,.765
360,5,최지훈,22SCF,2.72,70,306,266,44,82,17,3,3,114,24,15,3,27,5,0,43,3,6,2,.308,.380,.429,.809
361,6,최정,22S3B,2.49,58,236,195,39,55,7,0,10,92,38,5,0,32,5,0,50,3,0,4,.282,.390,.472,.862
362,7,최주환,21S2B,2.36,116,470,406,50,104,16,0,18,174,67,2,1,53,9,4,84,7,0,2,.256,.353,.429,.782
363,8,박성한,22SSS,2.20,67,265,234,34,72,6,2,2,88,25,6,5,29,1,0,41,2,1,0,.308,.386,.376,.762
364,9,최지훈,21SCF,2.12,136,534,461,75,121,19,6,5,167,45,26,6,51,8,0,71,6,8,6,.262,.342,.362,.705
365,10,한유섬,22SRF,2.00,66,270,232,32,65,20,1,8,111,53,0,0,28,8,6,66,2,0,2,.280,.374,.478,.853
366,11,김성현,21S2B,1.65,110,274,237,27,67,15,0,6,100,37,5,2,29,0,0,29,8,4,4,.283,.356,.422,.778
367,12,이재원,21SC,1.50,107,313,271,29,76,13,0,3,98,30,0,2,29,5,4,47,14,6,2,.280,.358,.362,.720
368,13,추신수,22SDH,1.14,60,267,215,39,54,9,0,5,78,28,6,3,43,8,1,52,3,0,1,.251,.393,.363,.756
369,14,로맥,21S1B,1.13,107,421,355,55,80,11,0,20,151,52,1,0,59,4,1,83,9,0,3,.225,.340,.425,.765
370,15,김강민,21SCF,0.88,122,260,223,43,53,12,1,8,91,27,3,3,25,6,1,52,3,3,3,.238,.327,.408,.735
371,16,전의산,22S1B,0.83,13,53,50,10,18,8,1,2,34,12,0,0,3,0,0,10,0,0,0,.360,.396,.680,1.076
372,17,오태곤,21S1B,0.81,122,253,235,47,63,10,0,9,100,35,9,4,14,2,0,52,4,1,1,.268,.314,.426,.739
373,18,이흥련,21SC,0.60,90,146,127,15,30,3,0,3,42,14,0,0,12,5,0,31,4,2,0,.236,.326,.331,.657
374,19,김민식,22SC,0.56,31,86,68,12,20,3,1,0,25,10,0,0,13,1,1,10,1,3,1,.294,.410,.368,.777
375,20,이현석,21SC,0.39,39,89,79,7,21,5,0,4,38,19,0,0,4,1,0,29,0,3,2,.266,.302,.481,.783
376,21,이정범,21SLF,0.36,19,66,59,8,15,4,0,3,28,9,0,0,7,0,0,15,1,0,0,.254,.333,.475,.808
377,22,김강민,22SCF,0.36,33,89,80,8,23,6,0,0,29,7,1,3,7,1,0,12,1,0,1,.288,.348,.363,.711
378,23,크론,22S1B,0.27,58,243,228,21,53,13,1,11,101,35,0,0,8,3,0,60,3,0,4,.232,.263,.443,.706
379,24,최항,21S2B,0.22,34,79,69,5,19,2,1,0,23,7,1,0,6,2,1,16,4,1,1,.275,.346,.333,.680
380,25,하재훈,22SLF,0.21,25,55,51,6,11,2,1,3,24,7,1,0,2,1,0,18,0,0,1,.216,.255,.471,.725
381,26,오준혁,21SDH,-0.00,26,50,46,7,10,2,0,2,18,5,0,0,4,0,0,15,2,0,0,.217,.280,.391,.671
382,27,김찬형,21S2B,-0.00,71,135,110,18,22,6,0,2,34,6,0,0,14,3,0,27,1,8,0,.200,.307,.309,.616
383,28,오준혁,22SRF,-0.07,34,55,50,3,12,1,0,0,13,2,0,0,4,0,0,12,3,1,0,.240,.296,.260,.556
384,29,오태곤,22SLF,-0.11,67,182,166,22,37,10,0,1,50,14,7,1,9,4,1,42,2,2,1,.223,.278,.301,.579
385,30,고종욱,21SLF,-0.12,88,199,180,25,48,5,0,2,59,18,2,3,16,0,0,30,6,1,2,.267,.323,.328,.651
386,31,정의윤,21SLF,-0.13,62,178,165,21,38,2,0,7,61,24,0,0,11,0,1,37,5,0,2,.230,.275,.370,.645
387,32,이흥련,22SC,-0.17,22,55,45,4,6,2,0,0,8,1,0,0,5,2,0,22,2,3,0,.133,.250,.178,.428
388,33,이재원,22SC,-0.24,45,121,109,8,21,3,0,0,24,12,1,0,5,4,0,24,6,2,1,.193,.252,.220,.472
389,34,최주환,22S2B,-0.47,46,159,143,14,23,5,2,2,38,19,0,0,12,2,1,26,3,0,2,.161,.233,.266,.498
390,35,김성현,22S2B,-0.83,63,154,129,12,25,2,1,0,29,14,0,2,11,1,0,15,9,11,2,.194,.259,.225,.484
391,1,최정,19S3B,6.36,141,606,503,86,147,27,0,29,261,99,3,2,69,26,6,92,4,0,8,.292,.399,.519,.918
392,2,최정,20S3B,4.92,133,553,452,90,122,22,0,33,243,96,8,3,75,20,1,98,7,0,6,.270,.392,.538,.930
393,3,로맥,18S1B,4.78,141,616,528,102,167,19,0,43,315,107,10,5,72,10,0,123,7,0,6,.316,.404,.597,1.001
394,4,로맥,20S1B,4.38,139,586,485,85,137,32,0,32,265,91,4,2,91,6,5,116,5,0,4,.282,.399,.546,.946
395,5,이재원,18SC,4.21,130,471,407,63,134,24,0,17,209,57,0,0,43,12,0,65,13,4,5,.329,.405,.514,.918
396,6,로맥,19S1B,4.06,137,589,504,86,139,28,1,29,256,95,6,3,73,6,3,117,11,0,6,.276,.370,.508,.878
397,7,한유섬,18SRF,3.53,136,562,486,97,138,31,0,41,292,115,4,2,52,16,3,124,10,0,8,.284,.367,.601,.967
398,8,최정,18S3B,3.52,115,489,406,95,99,16,1,35,222,74,9,2,58,23,2,129,10,0,2,.244,.368,.547,.915
399,9,노수광,18SCF,3.03,135,588,515,93,161,21,8,8,222,53,25,4,48,13,0,86,3,9,3,.313,.383,.431,.815
400,10,이재원,19SC,2.69,139,502,451,33,121,19,0,12,176,75,1,0,34,9,2,59,16,1,7,.268,.327,.390,.718
401,11,고종욱,19SLF,2.28,137,513,492,76,159,25,7,3,207,56,31,10,18,1,1,89,5,0,2,.323,.347,.421,.768
402,12,한유섬,19SRF,2.13,125,502,427,52,113,20,0,12,169,52,0,1,55,20,4,100,6,0,0,.265,.375,.396,.770
403,13,김강민,18SCF,1.71,80,267,235,40,70,14,0,14,126,46,10,6,22,5,0,57,1,5,0,.298,.370,.536,.906
404,14,정의윤,19SDH,1.71,110,419,380,44,107,24,0,13,170,59,0,0,30,6,1,60,9,0,2,.282,.342,.447,.790
405,15,김강민,19SCF,1.65,127,460,422,54,114,14,2,8,156,50,15,8,31,4,3,103,2,0,3,.270,.324,.370,.694
406,16,최항,18S2B,1.37,98,257,222,38,65,12,1,7,100,35,2,2,25,8,0,57,1,2,0,.293,.384,.450,.835
407,17,한유섬,20SRF,1.31,62,231,193,35,48,5,0,15,98,31,2,0,30,6,1,49,8,0,2,.249,.364,.508,.871
408,18,나주환,18SSS,0.98,119,420,362,54,95,24,0,12,155,56,5,6,38,5,0,66,2,13,2,.262,.339,.428,.767
409,19,김강민,20SCF,0.93,122,327,289,39,73,11,1,12,122,45,7,5,27,4,2,62,10,5,2,.253,.323,.422,.745
410,20,오태곤,20SLF,0.89,54,203,184,29,53,11,0,5,79,30,14,6,12,3,0,31,4,4,0,.288,.342,.429,.771
411,21,채태인,20SDH,0.85,71,189,160,11,45,5,0,7,71,24,0,0,29,0,2,33,4,0,0,.281,.392,.444,.835
412,22,김성현,18S2B,0.77,135,462,415,51,115,19,1,4,148,55,6,2,29,9,0,42,19,6,3,.277,.336,.357,.692
413,23,최항,20S2B,0.62,47,155,132,21,35,3,0,2,44,15,1,0,21,1,1,27,3,0,1,.265,.368,.333,.701
414,24,노수광,19SLF,0.58,117,445,388,69,97,16,1,2,121,28,27,10,46,2,0,68,1,9,0,.250,.333,.312,.644
415,25,강승호,18S2B,0.55,37,103,90,10,29,6,0,2,41,21,0,0,9,1,0,27,1,3,0,.322,.390,.456,.846
416,26,박승욱,18SSS,0.53,51,79,65,11,20,3,0,0,23,9,4,1,10,2,0,16,1,2,0,.308,.416,.354,.769
417,27,김성현,19SSS,0.52,144,472,426,45,105,16,2,1,128,34,6,2,33,2,0,43,15,8,3,.246,.302,.300,.602
418,28,김성현,20SSS,0.50,133,392,343,34,93,9,1,2,110,25,1,1,30,5,0,27,10,11,3,.271,.336,.321,.657
419,29,최지훈,20SRF,0.39,127,520,466,66,120,19,5,1,152,27,18,6,38,5,0,80,4,8,3,.258,.318,.326,.645
420,30,김재현,18SLF,0.33,53,77,65,19,18,1,1,1,24,5,7,1,9,3,0,17,0,0,0,.277,.390,.369,.759
421,31,정의윤,18SDH,0.26,73,239,217,27,59,9,0,11,101,38,1,1,19,2,1,29,8,0,1,.272,.335,.465,.800
422,32,박성한,20SSS,0.24,41,112,99,7,24,2,0,2,32,8,1,1,11,1,0,21,1,1,0,.242,.324,.323,.648
423,33,최항,19S2B,0.20,52,147,127,12,29,5,0,0,34,14,2,0,16,2,0,24,3,1,1,.228,.322,.268,.590
424,34,노수광,20SCF,0.15,29,83,75,13,20,2,2,1,29,5,2,4,7,0,0,16,0,1,0,.267,.329,.387,.716
425,35,최승준,18SDH,0.03,27,79,72,5,18,3,0,4,33,11,0,0,6,1,0,25,3,0,0,.250,.317,.458,.775
426,36,김창평,20S2B,0.02,35,90,78,10,15,4,1,0,21,7,7,0,11,0,0,16,2,0,1,.192,.289,.269,.558
427,37,고종욱,20SLF,0.02,92,288,272,24,77,9,3,3,101,26,1,3,14,1,0,55,3,0,1,.283,.319,.371,.691
428,38,김동엽,18SLF,-0.06,124,446,421,58,106,15,0,27,202,76,11,2,17,4,0,108,13,1,3,.252,.285,.480,.765
429,39,오준혁,20SLF,-0.10,70,161,148,19,40,7,0,3,56,18,0,3,11,1,1,34,1,0,1,.270,.323,.378,.701
430,40,배영섭,19SLF,-0.11,30,80,71,5,16,1,0,0,17,7,2,0,6,2,0,15,0,0,1,.225,.300,.239,.539
431,41,이흥련,20SC,-0.12,47,130,124,6,30,1,0,3,40,19,0,0,6,0,0,28,5,0,0,.242,.277,.323,.600
432,42,최준우,20S2B,-0.18,66,207,182,23,43,4,0,3,56,14,1,1,19,0,0,28,3,5,1,.236,.307,.308,.615
433,43,이성우,18SC,-0.18,88,134,120,10,29,5,0,0,34,5,1,0,8,1,0,16,4,4,1,.242,.292,.283,.576
434,44,김경호,20SLF,-0.21,56,110,105,17,30,3,1,0,35,9,1,4,3,0,0,16,2,1,1,.286,.303,.333,.636
435,45,정진기,20SRF,-0.22,50,140,126,14,30,2,2,2,42,15,7,1,7,1,1,34,2,4,2,.238,.279,.333,.613
436,46,김창평,19S2B,-0.22,18,53,45,4,8,2,0,0,10,3,0,0,4,1,0,11,1,3,0,.178,.260,.222,.482
437,47,안상현,19S2B,-0.28,65,108,102,14,24,3,0,0,27,5,7,3,4,0,0,28,3,1,1,.235,.262,.265,.526
438,48,남태혁,20SDH,-0.36,35,72,66,3,13,1,0,1,17,11,0,0,6,0,0,22,2,0,0,.197,.264,.258,.522
439,49,이현석,20SC,-0.37,58,109,101,7,18,2,0,2,26,7,1,0,4,2,0,30,4,2,0,.178,.224,.257,.482
440,50,이홍구,20SC,-0.39,23,53,48,3,9,1,0,1,13,3,0,0,3,1,0,16,3,0,1,.188,.245,.271,.516
441,51,박성한,18SSS,-0.42,42,59,52,3,7,1,0,0,8,2,0,0,7,0,0,16,0,0,0,.135,.237,.154,.391
442,52,윤석민,20S3B,-0.46,34,76,73,4,14,2,0,3,25,12,0,0,2,0,0,12,3,0,1,.192,.211,.342,.553
443,53,나주환,19S2B,-0.51,94,245,225,14,50,9,0,3,68,20,1,2,12,3,0,54,6,4,1,.222,.270,.302,.572
444,54,정현,20SSS,-0.53,89,128,112,14,17,4,0,2,27,4,0,2,11,2,0,34,3,3,0,.152,.240,.241,.481
445,55,정진기,18SCF,-0.54,96,212,201,33,49,8,1,3,68,17,11,3,6,2,0,45,2,3,0,.244,.273,.338,.611
446,56,허도환,19SC,-0.65,56,93,79,3,10,3,0,1,16,6,0,1,5,3,0,18,3,4,2,.127,.202,.203,.405
447,57,이재원,20SC,-0.68,80,251,222,18,41,8,0,2,55,21,0,0,19,6,3,24,12,3,1,.185,.266,.248,.514
448,58,정의윤,20SDH,-0.78,76,203,187,13,45,5,1,1,55,20,0,1,12,1,1,38,7,0,3,.241,.286,.294,.580
449,1,김재환,18두LF,6.94,139,602,527,104,176,36,1,44,346,133,2,0,59,9,4,134,6,0,7,.334,.405,.657,1.062
450,2,양의지,18두C,6.42,133,503,439,84,157,29,1,23,257,77,6,0,45,13,6,40,13,0,6,.358,.427,.585,1.013
451,3,페르난데스,19두DH,5.15,144,645,572,87,197,34,0,15,276,88,1,2,61,6,4,54,16,0,6,.344,.409,.483,.892
452,4,김재환,21두LF,4.77,137,566,475,86,130,23,2,27,238,102,2,3,81,5,3,127,9,0,5,.274,.382,.501,.883
453,5,박건우,19두RF,4.71,127,537,458,83,146,27,5,10,213,64,12,3,60,7,0,57,23,1,11,.319,.397,.465,.863
454,6,김재환,20두LF,4.68,140,613,515,82,137,26,1,30,255,113,6,0,91,1,3,154,14,0,6,.266,.374,.495,.869
455,7,최주환,18두DH,4.66,138,590,519,87,173,39,6,26,302,108,1,0,51,10,1,89,5,0,10,.333,.397,.582,.979
456,8,박건우,21두RF,4.62,126,525,458,82,149,31,2,6,202,63,13,0,50,11,2,72,16,0,6,.325,.400,.441,.841
457,9,페르난데스,20두DH,4.39,144,668,586,104,199,29,0,21,291,105,0,1,58,13,1,42,26,0,11,.340,.404,.497,.901
458,10,오재일,19두1B,4.17,130,529,467,76,137,29,1,21,231,102,2,1,55,3,1,99,5,0,4,.293,.369,.495,.863
459,11,최주환,20두2B,4.00,140,573,508,63,155,29,4,16,240,86,2,2,47,7,5,66,7,1,10,.305,.365,.472,.838
460,12,김재호,18두SS,3.79,131,467,402,78,125,20,0,16,193,75,6,2,52,4,1,77,12,3,6,.311,.390,.480,.870
461,13,박건우,20두RF,3.77,129,551,487,103,148,40,0,14,230,70,8,2,42,12,2,65,9,3,7,.304,.369,.472,.841
462,14,오재일,20두1B,3.56,127,534,471,62,147,32,0,16,227,89,2,1,61,0,1,92,12,0,2,.312,.390,.482,.872
463,15,김재환,19두LF,3.56,136,573,494,76,140,20,5,15,215,91,3,1,63,5,5,113,7,0,11,.283,.363,.435,.798
464,16,허경민,18두3B,3.56,133,577,516,85,167,30,5,10,237,79,20,4,32,16,0,52,15,5,8,.324,.376,.459,.835
465,17,허경민,20두3B,3.55,117,487,437,70,145,25,1,7,193,58,14,6,35,5,2,28,10,3,7,.332,.382,.442,.824
466,18,박건우,18두CF,3.42,125,529,488,79,159,24,6,12,231,84,7,3,28,10,1,65,14,1,2,.326,.373,.473,.847
467,19,오재원,18두2B,3.29,132,521,473,78,148,24,1,15,219,81,15,6,41,2,0,119,13,3,2,.313,.369,.463,.832
468,20,양석환,21두1B,3.10,133,546,488,66,133,22,0,28,239,96,2,3,42,9,2,136,10,0,7,.273,.337,.490,.827
469,21,박세혁,19두C,3.09,137,505,441,58,123,19,9,4,172,63,8,2,41,7,1,68,5,10,6,.279,.346,.390,.736
470,22,페르난데스,21두DH,3.07,141,617,540,73,170,24,0,15,239,81,0,2,65,6,3,35,25,0,6,.315,.391,.443,.833
471,23,정수빈,20두CF,2.95,141,559,490,84,146,17,8,5,194,59,15,6,55,2,3,56,10,7,5,.298,.368,.396,.764
472,24,김재호,19두SS,2.92,130,470,377,51,101,22,0,4,135,48,3,3,67,7,3,58,10,8,11,.268,.379,.358,.737
473,25,오재일,18두1B,2.85,123,477,401,69,112,19,2,27,216,80,1,1,60,6,2,121,3,0,10,.279,.373,.539,.912
474,26,허경민,19두3B,2.47,133,540,475,71,137,25,1,4,176,60,11,5,34,17,2,36,16,3,11,.288,.350,.371,.721
475,27,정수빈,19두CF,2.08,123,513,441,75,117,19,5,0,146,42,26,8,57,6,0,60,6,4,5,.265,.354,.331,.685
476,28,허경민,21두3B,2.07,136,518,468,61,130,24,1,5,171,59,5,7,36,8,1,35,21,3,3,.278,.338,.365,.703
477,29,박계범,21두SS,2.06,118,385,322,44,86,12,1,5,115,46,4,3,44,9,0,68,8,7,3,.267,.368,.357,.725
478,30,김재호,20두SS,1.97,120,457,401,48,116,15,1,2,139,39,6,2,45,4,1,45,17,2,5,.289,.363,.347,.709
479,31,허경민,22두3B,1.81,56,232,199,31,61,14,0,2,81,35,6,1,19,7,0,19,7,2,5,.307,.378,.407,.785
480,32,박세혁,20두C,1.76,124,423,360,47,97,18,2,4,131,51,5,3,35,12,0,45,7,9,7,.269,.348,.364,.712
481,33,김인태,21두RF,1.74,133,418,344,51,89,15,1,8,130,46,0,2,62,3,0,67,10,5,4,.259,.373,.378,.751
482,34,페르난데스,22두DH,1.59,65,286,263,34,82,15,0,6,115,42,0,0,20,2,0,27,20,0,1,.312,.364,.437,.801
483,35,김재환,22두LF,1.47,64,276,235,33,54,14,1,11,103,36,1,0,38,2,2,63,2,0,1,.230,.341,.438,.779
484,36,정수빈,21두CF,1.47,104,351,313,50,81,19,4,3,117,37,12,7,29,3,1,50,7,4,2,.259,.326,.374,.700
485,37,안권수,22두RF,1.36,54,186,164,35,56,6,1,0,64,18,2,4,21,0,0,28,3,1,0,.341,.416,.390,.807
486,38,김인태,22두RF,1.28,40,150,128,19,40,4,0,2,50,16,1,0,20,2,1,17,1,0,0,.313,.413,.391,.804
487,39,박세혁,18두C,1.26,89,194,170,37,48,12,0,3,69,22,5,0,16,4,0,55,0,3,1,.282,.356,.406,.762
488,40,정수빈,18두CF,1.06,26,112,98,20,36,2,1,2,46,23,5,2,11,1,0,13,1,0,2,.367,.429,.469,.898
489,41,조수행,21두CF,1.01,115,104,84,34,24,2,1,1,31,8,21,4,16,3,0,26,1,1,0,.286,.418,.369,.787
490,42,양석환,22두1B,0.98,30,125,108,23,29,5,1,6,54,15,0,0,15,1,1,21,1,0,1,.269,.360,.500,.860
491,43,강승호,21두2B,0.94,113,340,301,47,72,16,2,7,113,37,8,2,22,6,1,78,8,8,3,.239,.301,.375,.677
492,44,안재석,21두SS,0.79,96,224,200,28,51,8,2,2,69,14,1,0,16,4,0,53,4,0,4,.255,.317,.345,.662
493,45,최주환,19두2B,0.77,87,325,285,27,79,13,0,4,104,47,0,0,28,1,0,35,10,0,11,.277,.332,.365,.697
494,46,류지혁,18두SS,0.67,128,280,228,52,61,7,0,1,71,29,7,2,29,10,0,43,3,11,2,.268,.372,.311,.683
495,47,장승현,21두C,0.57,92,211,177,18,41,10,0,2,57,27,0,0,19,8,0,50,2,6,1,.232,.332,.322,.654
496,48,최용제,21두C,0.54,79,119,104,7,29,3,0,0,32,15,0,0,11,2,0,21,0,1,1,.279,.356,.308,.664
497,49,류지혁,19두SS,0.53,118,316,276,36,69,6,2,0,79,34,18,5,24,7,0,40,6,6,3,.250,.323,.286,.609
498,50,이유찬,20두3B,0.47,101,108,89,30,23,2,1,0,27,6,13,4,14,2,0,25,2,2,1,.258,.368,.303,.671
499,51,정진호,18두RF,0.47,111,299,269,53,81,12,1,2,101,37,8,1,19,1,0,44,8,9,1,.301,.348,.375,.724
500,52,강승호,22두2B,0.46,65,245,224,28,55,11,0,3,75,34,7,2,13,1,0,48,4,4,3,.246,.286,.335,.621
501,53,이우성,18두LF,0.36,31,66,58,13,17,3,0,2,26,11,1,0,6,2,0,18,2,0,0,.293,.379,.448,.827
502,54,김인태,20두LF,0.30,77,110,84,15,17,5,0,1,25,13,0,0,21,2,0,13,3,2,1,.202,.370,.298,.668
503,55,박세혁,22두C,0.28,62,208,179,15,39,10,0,0,49,24,0,1,18,3,0,29,2,5,3,.218,.296,.274,.569
504,56,정수빈,22두CF,0.28,65,229,205,33,48,5,3,0,59,21,12,4,19,0,0,30,0,4,1,.234,.298,.288,.586
505,57,오재원,20두2B,0.24,85,174,155,25,36,7,1,5,60,27,10,5,16,0,0,49,3,1,2,.232,.301,.387,.688
506,58,박세혁,21두C,0.24,96,270,237,25,52,12,0,0,64,30,4,2,22,5,0,43,6,3,3,.219,.296,.270,.566
507,59,김인태,19두LF,0.20,26,70,60,6,14,2,1,2,24,7,1,1,8,0,0,12,2,1,1,.233,.319,.400,.719
508,60,박계범,22두3B,0.19,42,94,82,12,18,7,0,2,31,9,2,1,7,0,1,21,1,3,2,.220,.275,.378,.653
509,61,조수행,22두LF,0.16,54,76,67,19,16,3,0,1,22,5,12,5,7,0,0,18,4,0,2,.239,.303,.328,.631
510,62,조수행,18두CF,0.12,119,198,183,35,51,6,4,1,68,17,9,0,9,0,0,33,4,5,1,.279,.311,.372,.683
511,63,김인태,18두RF,0.11,46,109,95,16,25,7,0,1,35,10,0,0,12,0,0,26,0,1,1,.263,.343,.368,.711
512,64,신성현,19두1B,0.07,35,54,41,9,8,0,0,1,11,6,0,0,10,1,0,14,0,0,2,.195,.352,.268,.620
513,65,강진성,22두1B,-0.01,31,82,69,7,13,2,0,1,18,7,3,0,10,2,1,16,2,1,0,.188,.309,.261,.570
514,66,김재호,21두SS,-0.02,89,251,211,23,44,8,0,1,55,24,1,1,29,2,0,34,7,6,3,.209,.306,.261,.567
515,67,김재호,22두SS,-0.04,49,117,99,9,21,4,0,0,25,9,0,0,12,1,0,14,3,3,2,.212,.298,.253,.551
516,68,김민혁,18두DH,-0.06,22,58,53,7,12,2,0,2,20,10,0,0,5,0,0,19,3,0,0,.226,.293,.377,.671
517,69,권민석,20두3B,-0.07,55,57,50,6,13,2,0,0,15,7,1,0,3,0,0,15,0,2,2,.260,.291,.300,.591
518,70,국해성,20두RF,-0.14,46,94,86,10,20,1,0,3,30,17,1,1,6,1,2,21,2,0,1,.233,.287,.349,.636
519,71,안재석,22두SS,-0.23,59,150,132,9,26,3,0,0,29,8,3,0,13,2,1,43,2,2,1,.197,.277,.220,.497
520,72,백동훈,19두RF,-0.27,41,52,47,8,8,2,0,0,10,2,0,1,3,2,0,16,0,0,0,.170,.250,.213,.463
521,73,오재원,19두2B,-0.29,98,204,177,30,29,8,1,3,48,18,6,2,25,0,0,50,3,2,0,.164,.267,.271,.539
522,74,정진호,19두RF,-0.36,66,110,96,13,20,0,0,1,23,3,5,2,11,0,0,24,2,3,0,.208,.290,.240,.529
523,75,오재원,21두2B,-0.43,45,79,72,6,12,3,0,0,15,5,2,0,6,0,0,18,3,0,1,.167,.228,.208,.436
524,76,정상호,20두C,-0.68,42,92,86,3,14,6,0,0,20,8,0,0,2,0,0,29,4,3,1,.163,.180,.233,.412
525,77,파레디스,18두RF,-0.73,21,71,65,7,9,2,1,1,16,4,1,0,4,1,1,17,0,0,1,.138,.197,.246,.443
526,1,전준우,18롯LF,5.67,144,614,556,118,190,36,2,33,329,90,7,7,48,7,1,82,12,1,2,.342,.400,.592,.991
527,2,손아섭,18롯RF,5.30,141,625,553,109,182,32,5,26,302,93,20,3,68,2,1,99,15,1,1,.329,.404,.546,.950
528,3,전준우,21롯LF,4.93,144,619,552,88,192,46,0,7,259,92,6,3,53,5,0,71,10,1,8,.348,.405,.469,.874
529,4,손아섭,20롯RF,4.92,141,611,540,98,190,43,0,11,266,85,5,0,61,2,4,56,9,1,7,.352,.415,.493,.907
530,5,전준우,19롯LF,4.24,141,606,545,85,164,30,1,22,262,83,8,2,46,7,2,71,19,1,7,.301,.359,.481,.839
531,6,이대호,18롯DH,3.84,144,604,543,81,181,30,0,37,322,125,0,1,43,14,7,75,18,0,4,.333,.394,.593,.987
532,7,민병헌,19롯CF,3.52,101,420,369,52,112,24,2,9,167,43,13,6,42,5,0,55,9,1,3,.304,.380,.453,.832
533,8,안치홍,21롯2B,3.45,119,490,421,58,129,30,2,10,193,82,3,6,52,3,2,58,10,5,9,.306,.379,.458,.838
534,9,손아섭,21롯RF,3.33,139,610,542,88,173,29,2,3,215,58,11,6,61,3,3,67,15,3,1,.319,.390,.397,.787
535,10,한동희,21롯3B,3.28,129,496,424,54,113,24,0,17,188,69,0,1,61,6,1,95,21,1,4,.267,.364,.443,.807
536,11,마차도,20롯SS,3.24,144,560,486,79,136,31,1,12,205,67,15,1,54,8,2,60,20,4,8,.280,.356,.422,.778
537,12,전준우,20롯LF,3.06,143,628,562,95,157,34,1,26,271,96,5,5,52,8,0,79,21,3,3,.279,.347,.482,.829
538,13,민병헌,18롯CF,3.05,118,494,443,74,141,21,0,17,213,66,8,3,35,8,3,68,10,2,6,.318,.374,.481,.855
539,14,손아섭,19롯RF,2.76,134,568,512,78,151,22,1,10,205,63,12,8,52,1,1,92,6,1,2,.295,.360,.400,.760
540,15,한동희,22롯3B,2.72,56,217,198,27,67,17,0,9,111,35,0,0,15,3,1,26,5,0,1,.338,.392,.561,.952
541,16,정훈,20롯CF,2.68,111,476,410,72,121,19,1,11,175,58,11,1,56,4,0,85,8,2,4,.295,.382,.427,.809
542,17,번즈,18롯2B,2.67,133,505,462,80,124,34,5,23,237,64,5,2,33,9,2,133,8,1,0,.268,.329,.513,.842
543,18,안치홍,22롯2B,2.64,64,285,256,42,79,15,2,10,128,32,2,2,25,1,3,25,6,1,2,.309,.370,.500,.870
544,19,마차도,21롯SS,2.55,134,539,466,83,130,21,1,5,168,58,8,5,58,4,1,65,8,4,7,.279,.359,.361,.719
545,20,한동희,20롯3B,2.47,135,531,461,62,128,22,0,17,201,67,0,3,57,5,0,97,15,5,3,.278,.361,.436,.797
546,21,정훈,21롯1B,2.46,135,561,486,70,142,27,1,14,213,79,8,1,68,3,8,89,6,1,3,.292,.380,.438,.819
547,22,안치홍,20롯2B,2.01,124,460,412,49,118,28,0,8,170,54,14,3,35,7,2,47,11,4,2,.286,.351,.413,.764
548,23,이병규,18롯DH,1.91,103,257,198,31,54,11,1,10,97,39,0,0,50,7,1,58,5,0,2,.273,.432,.490,.922
549,24,신본기,18롯SS,1.87,139,479,425,55,125,28,1,11,188,71,1,5,33,11,2,95,12,5,5,.294,.357,.442,.799
550,25,이대호,19롯DH,1.80,135,549,485,48,138,23,1,16,211,88,0,0,48,9,4,65,19,0,7,.285,.355,.435,.790
551,26,이대호,22롯DH,1.71,66,277,257,25,88,11,0,8,123,36,0,0,16,1,3,28,10,0,3,.342,.379,.479,.858
552,27,전준우,22롯LF,1.65,51,222,205,35,67,14,1,5,98,33,3,3,12,1,1,33,7,0,4,.327,.360,.478,.838
553,28,윌슨,19롯3B,1.35,68,268,231,21,58,15,0,9,100,37,0,2,31,5,0,60,8,0,1,.251,.351,.433,.784
554,29,오윤석,20롯2B,1.31,63,197,168,31,50,7,1,4,71,32,2,1,24,2,0,47,2,1,2,.298,.388,.423,.810
555,30,이대호,21롯DH,1.10,114,465,420,39,120,11,0,19,188,81,0,0,34,5,3,50,12,0,6,.286,.342,.448,.790
556,31,지시완,21롯C,1.04,73,187,166,23,40,9,0,7,70,26,0,0,14,5,0,54,6,2,0,.241,.319,.422,.741
557,32,전병우,18롯3B,1.02,27,77,66,18,24,7,0,3,40,13,3,0,9,1,0,24,1,0,1,.364,.442,.606,1.048
558,33,이대호,20롯DH,1.02,144,611,542,67,158,27,0,20,245,110,1,0,53,5,9,68,21,0,11,.292,.354,.452,.806
559,34,피터스,22롯CF,0.99,68,289,259,26,57,14,0,11,104,42,5,4,19,7,1,65,4,0,4,.220,.287,.402,.689
560,35,이병규,20롯1B,0.97,53,194,164,28,45,4,0,9,76,32,0,0,28,1,0,55,5,0,1,.274,.381,.463,.845
561,36,김준태,20롯C,0.95,128,369,306,38,69,12,2,5,100,43,2,2,56,1,0,64,5,3,3,.225,.344,.327,.671
562,37,아수아헤,19롯2B,0.93,48,194,163,34,41,5,4,2,60,21,3,2,26,1,1,24,0,3,1,.252,.356,.368,.724
563,38,안중열,21롯C,0.92,58,157,125,19,29,5,0,3,43,16,0,0,27,1,0,25,1,3,1,.232,.370,.344,.714
564,39,정훈,18롯1B,0.91,91,194,174,33,53,10,1,7,86,26,4,2,16,1,1,39,4,0,3,.305,.361,.494,.855
565,40,채태인,18롯1B,0.90,130,420,376,44,110,18,0,15,173,75,0,0,34,5,3,107,10,1,4,.293,.356,.460,.816
566,41,김재유,21롯CF,0.76,87,192,174,27,50,8,0,1,61,18,7,0,10,4,0,36,1,4,0,.287,.340,.351,.691
567,42,강로한,19롯2B,0.71,104,306,288,38,69,15,6,4,108,25,7,1,13,3,0,107,3,1,1,.240,.279,.375,.654
568,43,추재현,21롯CF,0.64,95,300,262,37,66,15,0,5,96,26,4,3,26,7,0,57,3,5,0,.252,.336,.366,.702
569,44,신본기,19롯SS,0.60,121,413,375,43,96,9,0,1,108,26,3,3,24,8,1,62,9,5,1,.256,.314,.288,.602
570,45,지시완,22롯C,0.58,42,118,102,9,23,5,0,2,34,11,0,0,14,1,1,35,5,1,0,.225,.325,.333,.658
571,46,안중열,18롯C,0.49,60,176,154,19,38,11,0,4,61,18,0,0,12,3,0,56,4,7,0,.247,.314,.396,.710
572,47,문규현,18롯SS,0.48,122,349,316,42,87,19,1,6,126,41,3,1,18,0,0,45,9,9,6,.275,.309,.399,.708
573,48,황성빈,22롯LF,0.37,35,119,109,20,32,1,2,0,37,4,4,4,8,1,0,20,1,1,0,.294,.348,.339,.687
574,49,김준태,21롯C,0.32,47,131,111,17,23,5,0,4,40,15,0,0,17,1,0,35,2,0,2,.207,.313,.360,.673
575,50,나경민,18롯CF,0.30,87,71,57,23,15,2,0,0,17,1,12,4,10,3,0,21,0,1,0,.263,.400,.298,.698
576,51,김재유,20롯CF,0.28,68,133,116,20,30,1,0,1,34,9,10,2,12,3,0,35,2,2,0,.259,.344,.293,.637
577,52,오윤석,21롯2B,0.27,34,76,69,9,16,7,0,2,29,5,2,0,7,0,1,21,2,0,0,.232,.303,.420,.723
578,53,채태인,19롯1B,0.25,59,182,167,11,42,11,0,5,68,29,0,0,11,2,1,45,5,0,2,.252,.302,.407,.709
579,54,김동한,19롯2B,0.23,42,85,78,9,22,4,0,0,26,2,3,2,6,0,0,15,1,1,0,.282,.333,.333,.667
580,55,신용수,21롯CF,0.21,71,136,119,23,31,5,2,1,43,6,3,1,11,3,0,20,2,2,1,.261,.336,.361,.697
581,56,김민수,21롯2B,0.15,83,224,199,19,48,11,1,3,70,25,0,0,18,3,0,62,4,3,1,.241,.312,.352,.664
582,57,허일,19롯CF,0.11,71,162,149,14,38,4,0,1,45,17,2,1,12,1,0,28,1,0,0,.255,.315,.302,.617
583,58,고승민,19롯2B,0.07,30,89,83,7,21,6,2,0,31,6,0,0,4,0,0,16,1,1,1,.253,.284,.373,.658
584,59,이호연,22롯3B,0.06,30,87,83,7,23,2,1,0,27,7,1,0,3,1,0,17,1,0,0,.277,.310,.325,.636
585,60,신본기,20롯3B,0.04,81,123,106,18,23,1,0,2,30,12,1,0,14,1,0,22,3,1,1,.217,.312,.283,.595
586,61,배성근,21롯SS,0.03,79,109,93,21,19,4,0,1,26,9,1,0,14,0,0,36,1,2,0,.204,.308,.280,.588
587,62,김문호,18롯LF,-0.03,46,115,100,12,25,7,0,2,38,16,1,0,13,0,1,27,2,2,0,.250,.336,.380,.716
588,63,정훈,19롯1B,-0.06,88,222,190,26,43,4,1,2,55,17,4,3,23,5,1,47,4,3,1,.226,.324,.289,.614
589,64,김문호,19롯CF,-0.07,51,109,103,6,25,7,0,0,32,4,2,0,4,0,0,30,1,1,1,.243,.269,.311,.579
590,65,추재현,22롯RF,-0.07,21,56,49,8,11,3,0,0,14,3,1,0,6,1,0,14,1,0,0,.224,.321,.286,.607
591,66,고승민,22롯RF,-0.08,36,103,92,11,18,5,0,1,26,8,1,1,11,0,0,19,1,0,0,.196,.282,.283,.564
592,67,정훈,22롯1B,-0.18,34,141,116,17,25,0,0,1,28,12,2,1,20,0,0,22,3,3,2,.216,.326,.241,.568
593,68,안중열,19롯C,-0.19,73,145,136,10,26,6,1,2,40,4,0,1,6,2,0,41,2,1,0,.191,.236,.294,.530
594,69,한동희,18롯3B,-0.20,87,226,211,24,49,13,1,4,76,25,0,1,12,2,0,58,7,0,1,.232,.279,.360,.639
595,70,나승엽,21롯1B,-0.21,60,128,113,16,23,2,0,2,31,10,1,0,14,0,0,33,1,0,1,.204,.289,.274,.563
596,71,김민수,22롯1B,-0.21,37,93,85,6,20,2,0,0,22,8,0,1,4,3,0,26,1,1,0,.235,.294,.259,.552
597,72,김동한,20롯3B,-0.24,82,73,68,23,15,5,0,0,20,5,10,4,5,0,0,8,2,0,0,.221,.274,.294,.568
598,73,문규현,19롯3B,-0.27,40,72,64,7,16,2,0,0,18,10,0,0,3,0,0,10,1,2,3,.250,.271,.281,.553
599,74,조홍석,18롯CF,-0.29,39,71,62,14,14,1,0,0,15,1,0,2,6,2,0,13,2,1,0,.226,.314,.242,.556
600,75,박승욱,22롯SS,-0.31,39,78,69,8,13,2,1,0,17,6,0,2,7,0,0,29,1,2,0,.188,.263,.246,.510
601,76,이학주,22롯SS,-0.34,51,168,152,14,33,7,1,0,42,8,2,3,8,1,0,33,2,7,0,.217,.261,.276,.537
602,77,김사훈,18롯C,-0.38,56,79,74,7,17,3,0,0,20,6,0,0,1,1,0,22,0,3,0,.230,.250,.270,.520
603,78,한동희,19롯3B,-0.40,59,207,187,12,38,9,0,2,53,9,1,0,18,0,0,57,3,0,2,.203,.271,.283,.554
604,79,김준태,19롯C,-0.43,43,104,88,10,14,3,0,0,17,8,0,0,12,2,0,23,1,2,0,.159,.275,.193,.468
605,80,정보근,22롯C,-0.57,43,106,96,4,17,2,0,0,19,7,1,0,5,0,0,25,2,5,0,.177,.218,.198,.416
606,81,김동한,18롯3B,-0.57,55,96,83,11,16,1,0,2,23,9,3,1,9,0,0,18,1,2,2,.193,.266,.277,.543
607,82,허일,20롯RF,-0.59,60,95,84,5,15,4,0,1,22,6,0,0,8,1,0,29,4,2,0,.179,.258,.262,.520
608,83,조홍석,19롯RF,-0.64,42,66,61,8,7,2,1,0,11,5,1,0,4,0,0,14,1,0,1,.115,.167,.180,.347
609,84,오윤석,19롯1B,-0.67,76,228,198,21,44,2,0,1,49,21,0,0,20,2,1,43,4,4,4,.222,.295,.247,.542
610,85,민병헌,20롯CF,-0.69,109,342,309,42,72,12,0,2,90,23,10,6,21,5,1,62,12,5,2,.233,.291,.291,.582
611,86,전병우,19롯1B,-0.79,28,54,50,2,5,1,0,0,6,0,0,0,3,0,0,22,0,1,0,.100,.151,.120,.271
612,87,조세진,22롯RF,-0.81,29,79,78,5,13,3,0,0,16,6,0,1,0,0,0,23,4,1,0,.167,.167,.205,.372
613,88,정보근,20롯C,-1.19,85,152,133,9,20,2,0,0,22,5,0,0,11,1,0,32,7,6,1,.150,.219,.165,.385
614,89,나균안,19롯DH,-1.34,104,209,185,12,23,4,0,3,36,13,0,0,9,6,0,88,5,7,2,.124,.188,.195,.383
615,90,나균안,18롯C,-1.71,106,203,177,15,22,3,0,2,31,11,0,0,12,5,0,85,2,9,0,.124,.201,.175,.376
616,1,러프,18삼1B,5.28,137,597,506,97,167,32,4,33,306,125,5,3,65,18,0,107,17,0,8,.330,.419,.605,1.024
617,2,구자욱,21삼RF,5.00,139,610,543,107,166,30,10,22,282,88,27,4,48,6,3,98,9,1,12,.306,.361,.519,.881
618,3,러프,19삼1B,4.19,133,568,472,80,138,35,2,22,243,101,6,3,80,7,6,87,18,0,9,.292,.396,.515,.911
619,4,구자욱,18삼RF,3.91,116,529,478,100,159,26,5,20,255,84,10,0,43,5,2,110,4,1,2,.333,.392,.533,.926
620,5,강민호,21삼C,3.86,123,462,406,55,118,22,0,18,194,67,0,0,45,4,4,53,18,0,7,.291,.362,.478,.839
621,6,피렐라,22삼LF,3.56,66,291,257,45,88,14,3,12,144,46,6,2,28,6,7,31,10,0,0,.342,.419,.560,.980
622,7,구자욱,20삼LF,3.39,118,510,446,70,137,27,2,15,213,78,19,5,51,8,3,91,4,1,4,.307,.385,.478,.863
623,8,박해민,21삼CF,3.38,127,542,454,78,132,22,1,5,171,54,36,15,69,3,2,82,3,9,7,.291,.383,.377,.759
624,9,이원석,18삼3B,3.35,128,543,479,74,144,30,1,20,236,93,2,1,52,7,1,103,10,0,5,.301,.374,.493,.867
625,10,김상수,20삼2B,3.27,120,471,404,71,123,18,3,5,162,47,10,3,55,8,1,55,16,2,2,.304,.397,.401,.798
626,11,피렐라,21삼DH,3.26,140,621,553,102,158,25,2,29,274,97,9,6,57,8,2,89,8,0,3,.286,.359,.495,.855
627,12,박해민,18삼CF,3.20,144,649,576,114,172,30,10,9,249,68,36,10,56,3,0,99,9,8,6,.299,.360,.432,.793
628,13,강민호,20삼C,3.02,119,393,355,46,102,14,0,19,173,61,0,0,31,4,2,54,17,0,3,.287,.349,.487,.836
629,14,김상수,19삼2B,2.98,129,543,468,76,127,20,2,5,166,38,21,3,50,15,1,67,14,6,4,.271,.358,.355,.712
630,15,오재일,21삼1B,2.80,120,484,418,64,119,20,0,25,214,97,1,0,58,0,8,106,5,0,8,.285,.366,.512,.878
631,16,박해민,20삼CF,2.49,132,541,489,84,142,18,5,11,203,55,34,12,39,3,1,77,7,7,3,.290,.345,.415,.760
632,17,김동엽,20삼DH,2.24,115,451,413,60,129,21,0,20,210,74,4,4,29,4,0,79,14,1,4,.312,.360,.508,.869
633,18,이원석,19삼3B,1.99,111,455,395,44,97,20,0,19,174,76,2,1,43,8,0,73,10,2,7,.246,.327,.441,.767
634,19,김헌곤,18삼LF,1.99,141,586,513,77,154,26,2,11,217,71,22,9,54,10,1,70,13,5,4,.300,.375,.423,.798
635,20,구자욱,19삼RF,1.98,122,526,475,66,127,27,6,15,211,71,11,3,38,7,2,88,5,0,6,.267,.327,.444,.771
636,21,강민호,18삼C,1.97,129,477,427,46,115,14,0,22,195,71,0,0,29,14,5,96,11,0,7,.269,.331,.457,.788
637,22,강민호,19삼C,1.84,112,393,346,36,81,20,0,13,140,45,0,0,33,9,2,76,9,2,3,.234,.315,.405,.719
638,23,이학주,19삼SS,1.80,118,436,385,43,101,14,3,7,142,36,15,5,32,10,0,89,3,5,4,.262,.332,.369,.701
639,24,오재일,22삼1B,1.75,64,263,230,27,64,17,0,12,117,43,1,0,29,0,4,66,2,0,4,.278,.354,.509,.862
640,25,김헌곤,19삼LF,1.69,114,467,411,57,122,20,1,5,159,46,10,8,37,8,1,41,18,5,6,.297,.362,.387,.748
641,26,김지찬,22삼2B,1.68,57,233,200,36,56,6,4,0,70,17,19,0,24,0,0,31,0,9,0,.280,.357,.350,.707
642,27,이지영,18삼C,1.58,90,203,178,31,61,10,0,2,77,19,0,0,15,4,1,27,3,6,0,.343,.406,.433,.839
643,28,살라디노,20삼LF,1.37,44,163,132,26,37,8,0,6,63,27,6,1,23,7,0,41,3,0,1,.280,.411,.477,.888
644,29,이원석,20삼3B,1.29,121,467,403,46,108,17,0,13,164,74,0,1,49,2,1,82,7,1,12,.268,.341,.407,.748
645,30,박해민,19삼CF,1.28,144,581,506,64,121,16,7,5,166,44,24,7,58,2,0,82,4,12,3,.239,.318,.328,.646
646,31,이원석,21삼3B,1.22,131,480,399,40,92,19,0,9,138,59,1,0,60,11,2,80,11,2,8,.231,.341,.346,.687
647,32,김헌곤,21삼LF,1.14,118,364,317,38,89,8,2,4,113,27,5,4,34,5,0,46,9,3,5,.281,.355,.356,.711
648,33,김호재,20삼3B,1.12,65,138,118,19,38,5,0,1,46,10,2,0,16,3,0,19,1,1,0,.322,.416,.390,.806
649,34,김태군,22삼C,1.11,48,131,118,13,40,8,0,0,48,12,0,0,7,2,0,18,7,3,1,.339,.383,.407,.790
650,35,박계범,19삼SS,1.02,58,204,168,26,43,8,1,4,65,25,5,1,22,5,0,45,7,6,3,.256,.354,.387,.740
651,36,김현준,22삼CF,1.00,50,127,107,20,33,6,1,0,41,8,4,2,14,3,0,23,0,3,0,.308,.403,.383,.786
652,37,김지찬,21삼SS,0.90,120,336,296,50,81,6,0,1,90,26,23,4,27,0,0,31,0,10,3,.274,.331,.304,.635
653,38,박한이,18삼DH,0.59,114,392,342,47,97,16,0,10,143,43,5,3,43,0,2,91,9,6,1,.284,.363,.418,.781
654,39,구자욱,22삼RF,0.57,40,179,168,22,47,9,1,2,64,19,4,1,7,3,1,39,5,1,0,.280,.320,.381,.701
655,40,강한울,20삼SS,0.56,34,122,105,13,32,3,0,1,38,10,1,0,11,0,0,24,3,5,1,.305,.368,.362,.729
656,41,최영진,20삼3B,0.51,58,118,101,15,30,3,0,1,36,11,2,3,13,2,0,16,3,1,1,.297,.385,.356,.741
657,42,윌리엄슨,19삼RF,0.47,40,168,154,19,42,7,1,4,63,15,0,1,13,0,0,50,2,0,1,.273,.327,.409,.737
658,43,김상수,18삼SS,0.44,122,499,453,63,119,13,1,10,164,50,12,9,27,8,0,91,11,8,3,.263,.314,.362,.676
659,44,김민수,21삼C,0.42,47,87,76,9,20,5,0,3,34,13,0,0,6,1,0,13,2,2,2,.263,.318,.447,.765
660,45,오선진,22삼3B,0.39,40,149,129,10,35,3,0,2,44,15,2,1,10,1,0,24,0,8,1,.271,.326,.341,.667
661,46,김상수,21삼2B,0.38,132,496,429,46,101,17,1,3,129,42,4,2,52,3,0,51,14,8,4,.235,.320,.301,.620
662,47,이학주,20삼SS,0.37,64,243,206,30,47,11,0,4,70,28,6,2,26,2,1,58,3,4,5,.228,.314,.340,.654
663,48,최영진,21삼3B,0.32,44,63,57,9,16,1,2,1,24,6,1,0,5,1,0,12,1,0,0,.281,.349,.421,.770
664,49,이성곤,20삼1B,0.28,62,154,139,16,39,7,0,5,61,18,2,0,11,0,0,38,3,2,2,.281,.329,.439,.768
665,50,최영진,19삼3B,0.24,96,275,251,29,63,15,1,5,95,20,4,1,14,2,2,47,4,8,0,.251,.296,.378,.674
666,51,공민규,19삼1B,0.21,28,60,53,4,13,1,0,3,23,6,0,0,6,1,0,18,0,0,0,.245,.333,.434,.767
667,52,최영진,18삼1B,0.19,61,140,126,13,37,7,0,4,56,18,2,4,10,0,0,30,6,2,2,.294,.341,.444,.785
668,53,강한울,21삼3B,0.19,124,258,223,25,58,5,0,0,63,27,2,2,29,0,0,58,5,3,3,.260,.341,.283,.624
669,54,송준석,20삼RF,0.12,32,50,47,5,13,5,0,1,21,7,0,0,2,1,0,6,4,0,0,.277,.320,.447,.767
670,55,김지찬,20삼2B,0.12,135,287,254,47,59,5,1,1,69,13,21,4,24,2,0,44,1,5,2,.232,.301,.272,.573
671,56,이해승,22삼SS,0.11,18,57,52,5,16,2,0,0,18,3,0,0,0,0,0,13,0,5,0,.308,.308,.346,.654
672,57,김도환,19삼C,0.11,61,106,93,7,19,6,0,2,31,7,0,0,8,0,0,36,0,4,1,.204,.265,.333,.598
673,58,박한이,19삼DH,0.10,30,85,74,6,19,3,0,2,28,13,0,0,9,0,0,17,0,1,1,.257,.333,.378,.712
674,59,강한울,22삼3B,0.10,48,91,83,12,20,4,0,0,24,6,1,0,6,0,0,28,2,1,1,.241,.289,.289,.578
675,60,송준석,21삼LF,0.06,19,55,51,5,12,2,0,2,20,4,0,0,3,1,0,13,1,0,0,.235,.291,.392,.683
676,61,강민호,22삼C,0.06,58,208,188,11,43,8,1,1,56,24,0,0,15,2,3,27,10,0,3,.229,.289,.298,.586
677,62,이원석,22삼3B,0.03,29,119,99,11,22,3,0,4,37,18,0,0,12,0,1,29,5,3,5,.222,.293,.374,.667
678,63,김성훈,18삼2B,0.02,110,212,185,24,45,9,3,0,60,24,12,6,16,6,0,23,2,3,2,.243,.321,.324,.645
679,64,이학주,21삼SS,-0.04,66,174,155,17,32,8,0,4,52,20,2,2,14,1,0,61,3,4,0,.206,.277,.335,.612
680,65,박승규,21삼LF,-0.05,59,78,66,13,12,1,0,3,22,5,1,1,9,2,0,9,4,1,0,.182,.299,.333,.632
681,66,김상수,22삼2B,-0.06,20,83,73,6,12,3,0,1,18,12,1,0,10,0,0,16,1,0,0,.164,.265,.247,.512
682,67,송준석,19삼LF,-0.08,26,56,51,6,12,3,0,1,18,4,0,0,2,1,0,14,3,1,1,.235,.273,.353,.626
683,68,김호재,21삼1B,-0.14,87,90,75,9,17,2,0,0,19,7,0,0,9,2,0,14,0,3,1,.227,.322,.253,.575
684,69,박찬도,18삼RF,-0.14,54,82,73,13,17,4,1,0,23,5,3,3,8,0,0,28,0,1,0,.233,.309,.315,.624
685,70,박찬도,20삼LF,-0.14,51,116,96,20,21,5,0,1,29,8,5,1,15,1,1,22,2,2,2,.219,.325,.302,.627
686,71,이재현,22삼SS,-0.20,44,142,138,15,32,2,0,3,43,10,0,0,1,1,0,28,4,2,0,.232,.243,.312,.555
687,72,김응민,20삼C,-0.23,45,85,76,7,17,1,0,0,18,5,0,0,5,1,0,22,1,3,0,.224,.281,.237,.517
688,73,김동엽,22삼DH,-0.25,25,90,86,8,21,5,0,2,32,4,0,3,3,0,0,20,0,0,1,.244,.267,.372,.639
689,74,강한울,18삼2B,-0.28,83,209,193,20,50,5,2,0,59,8,3,4,12,1,0,34,1,3,0,.259,.306,.306,.612
690,75,배영섭,18삼LF,-0.28,69,168,147,15,36,6,0,0,42,13,1,0,16,3,2,35,2,2,0,.245,.331,.286,.617
691,76,김동엽,21삼LF,-0.28,69,203,185,20,44,9,0,4,65,24,2,1,10,4,0,42,2,0,4,.238,.286,.351,.637
692,77,조동찬,18삼1B,-0.30,28,59,54,5,12,1,0,1,16,2,0,0,4,0,0,14,2,1,0,.222,.276,.296,.572
693,78,김헌곤,20삼RF,-0.30,97,283,254,26,63,8,0,3,80,34,7,5,22,3,0,31,7,1,3,.248,.312,.315,.627
694,79,김성훈,19삼2B,-0.31,65,88,77,14,14,1,1,1,20,5,4,3,7,0,0,11,0,4,0,.182,.250,.260,.510
695,80,박승규,20삼RF,-0.34,91,196,182,24,47,11,0,1,61,14,4,5,7,3,0,32,4,4,0,.258,.297,.335,.632
696,81,최영진,22삼1B,-0.36,34,63,56,2,10,2,0,0,12,5,2,2,6,0,0,14,1,1,0,.179,.258,.214,.472
697,82,팔카,20삼DH,-0.65,51,217,196,17,41,7,0,8,72,23,2,0,18,0,0,58,5,0,3,.209,.272,.367,.639
698,83,손주인,18삼2B,-0.70,98,297,265,26,63,10,0,4,85,28,3,0,11,7,0,40,11,10,4,.238,.282,.321,.603
699,84,김동엽,19삼DH,-0.84,60,211,195,15,42,4,1,6,66,25,2,1,12,2,0,47,2,0,2,.215,.265,.338,.604
700,85,이성규,20삼1B,-0.91,98,245,216,25,39,7,1,10,78,30,3,1,18,5,0,64,7,4,2,.181,.257,.361,.618
701,86,박계범,20삼SS,-0.91,80,175,164,21,32,7,0,3,48,16,3,2,7,0,0,42,3,3,1,.195,.227,.293,.519
702,87,김헌곤,22삼CF,-1.52,56,172,159,13,27,3,0,0,30,12,2,1,7,1,0,15,8,2,3,.170,.206,.189,.395
703,1,김하성,19키SS,7.22,139,625,540,112,166,38,2,19,265,104,33,4,70,7,4,80,12,1,7,.307,.389,.491,.880
704,2,김하성,20키SS,6.83,138,622,533,111,163,24,1,30,279,109,23,2,75,8,3,68,12,3,3,.306,.397,.523,.921
705,3,이정후,21키CF,6.73,123,543,463,78,167,42,6,7,242,84,10,3,62,9,1,37,8,0,9,.361,.438,.523,.961
706,4,샌즈,19키RF,6.21,139,613,525,100,160,39,1,28,285,113,1,2,77,6,1,101,17,0,5,.305,.396,.543,.939
707,5,이정후,20키RF,5.56,140,617,544,85,181,49,5,15,285,101,12,2,59,4,6,47,16,2,8,.333,.397,.524,.921
708,6,박병호,19키1B,5.50,122,532,432,92,121,22,0,33,242,98,0,1,78,13,5,117,7,0,9,.280,.399,.560,.959
709,7,이정후,19키LF,4.92,140,630,574,91,193,31,10,6,262,68,13,7,45,4,0,40,15,3,4,.336,.386,.456,.842
710,8,김혜성,21키SS,4.73,144,634,559,99,170,20,3,3,205,66,46,4,64,1,3,97,8,0,10,.304,.371,.367,.737
711,9,이정후,22키CF,4.36,68,300,262,38,91,14,2,12,145,51,2,0,34,2,8,14,7,0,2,.347,.423,.553,.977
712,10,이용규,21키LF,3.10,133,547,459,88,136,16,8,1,171,43,16,2,71,5,2,46,5,6,6,.296,.392,.373,.764
713,11,박동원,21키C,3.09,131,481,413,61,103,21,0,22,190,83,2,0,53,7,0,114,12,5,3,.249,.342,.460,.803
714,12,박동원,19키C,2.94,112,361,317,50,94,15,1,10,141,55,1,0,34,2,0,56,10,7,1,.297,.367,.445,.812
715,13,김혜성,20키2B,2.72,142,553,499,80,142,24,6,7,199,61,25,7,46,2,0,94,6,2,4,.285,.345,.399,.744
716,14,서건창,19키2B,2.36,113,486,426,67,128,23,3,2,163,41,17,3,49,3,1,50,5,3,5,.300,.373,.383,.755
717,15,김혜성,22키2B,2.28,70,308,274,43,77,7,4,2,98,28,25,4,32,0,2,47,5,0,2,.281,.354,.358,.712
718,16,박동원,20키C,2.24,112,372,324,45,81,21,0,12,138,50,0,0,38,6,0,68,10,2,2,.250,.338,.426,.764
719,17,서건창,20키DH,2.18,135,595,484,79,134,28,5,5,187,52,24,10,91,5,1,58,8,5,10,.277,.390,.386,.776
720,18,김혜성,19키2B,1.93,122,387,348,57,96,17,6,0,125,32,20,3,29,2,1,85,4,4,4,.276,.332,.359,.691
721,19,박준태,20키CF,1.88,128,443,347,71,85,13,1,5,115,29,5,1,65,19,0,120,4,9,3,.245,.389,.331,.721
722,20,박병호,20키1B,1.81,93,383,309,56,69,7,0,21,139,66,0,0,57,9,2,114,8,0,8,.223,.353,.450,.802
723,21,서건창,21키2B,1.70,76,332,277,45,72,12,1,4,98,28,6,4,45,6,2,43,9,1,3,.260,.372,.354,.725
724,22,송우현,21키RF,1.51,69,282,250,34,74,17,2,3,104,42,1,1,28,2,1,49,4,1,1,.296,.370,.416,.786
725,23,박병호,21키1B,1.47,118,477,409,48,93,23,0,20,176,76,0,1,47,14,3,141,9,0,7,.227,.323,.430,.753
726,24,허정협,20키LF,1.29,111,360,314,45,84,12,0,10,126,43,0,0,40,2,0,73,7,3,1,.268,.353,.401,.754
727,25,푸이그,22키RF,1.17,64,271,237,33,55,15,0,8,94,32,5,0,27,6,1,55,3,0,1,.232,.325,.397,.721
728,26,이지영,20키C,1.14,101,289,262,22,81,10,2,0,95,36,1,1,19,4,1,28,8,3,1,.309,.364,.363,.726
729,27,김휘집,22키SS,1.01,39,128,106,19,31,6,0,1,40,12,0,0,15,4,0,36,2,1,2,.292,.394,.377,.771
730,28,송성문,22키3B,1.01,70,299,281,32,70,15,3,6,109,41,0,0,15,0,2,37,4,0,3,.249,.284,.388,.672
731,29,송성문,21키3B,0.94,66,274,245,30,61,10,1,6,91,33,0,0,25,1,0,42,2,2,1,.249,.320,.371,.691
732,30,이지영,19키C,0.89,106,331,308,40,87,5,1,1,97,39,5,1,15,1,1,28,14,6,1,.282,.317,.315,.632
733,31,김웅빈,21키3B,0.78,97,278,231,23,55,13,1,5,85,34,1,1,34,9,2,73,2,2,2,.238,.355,.368,.723
734,32,김웅빈,20키1B,0.74,73,235,207,25,57,13,0,8,94,31,1,0,17,3,1,65,6,5,3,.275,.335,.454,.789
735,33,전병우,20키3B,0.71,119,402,359,46,85,13,3,8,128,48,7,0,37,2,0,100,7,2,2,.237,.310,.357,.667
736,34,임병욱,19키CF,0.60,117,419,379,39,92,17,5,0,119,41,10,2,23,11,0,110,6,6,0,.243,.305,.314,.619
737,35,장영석,19키3B,0.55,119,413,372,41,92,15,0,7,128,62,0,0,27,9,0,77,14,0,5,.247,.310,.344,.654
738,36,김수환,22키1B,0.45,27,88,76,10,18,5,0,3,32,8,0,0,10,1,0,26,0,1,0,.237,.333,.421,.754
739,37,전병우,21키3B,0.44,114,260,213,35,40,8,0,6,66,31,3,1,33,9,0,82,0,4,1,.188,.320,.310,.630
740,38,김주형,22키SS,0.43,40,120,102,13,20,7,1,1,32,5,1,0,4,13,0,29,3,0,1,.196,.308,.314,.622
741,39,러셀,20키2B,0.42,65,271,244,22,62,14,0,2,82,31,2,0,22,2,1,37,6,0,3,.254,.317,.336,.653
742,40,이지영,21키C,0.33,108,257,232,29,63,5,1,0,70,30,3,1,19,1,2,17,10,2,3,.272,.326,.302,.627
743,41,크레익,21키1B,0.30,61,247,222,25,55,12,0,6,85,30,0,1,20,4,1,43,4,0,1,.248,.320,.383,.703
744,42,김주형,21키SS,0.30,36,70,50,5,9,3,0,0,12,5,1,0,4,13,0,15,0,3,0,.180,.388,.240,.628
745,43,김규민,19키LF,0.29,94,250,222,33,55,8,1,3,74,24,2,4,22,4,0,68,4,0,2,.248,.324,.333,.657
746,44,이지영,22키C,0.29,65,213,196,13,46,6,3,0,58,16,0,0,13,0,1,24,5,4,0,.235,.282,.296,.578
747,45,박찬혁,22키DH,0.27,38,137,125,13,26,5,0,6,49,16,0,1,8,4,0,54,0,0,0,.208,.277,.392,.669
748,46,김태진,22키LF,0.21,20,84,78,14,24,2,0,0,26,4,0,2,4,0,0,7,0,1,1,.308,.337,.333,.671
749,47,김주형,20키3B,0.19,39,50,43,8,10,3,0,1,16,6,0,1,4,2,0,10,0,1,0,.233,.327,.372,.699
750,48,변상권,20키CF,0.14,35,64,62,7,17,5,0,1,25,16,0,0,1,0,0,20,2,0,1,.274,.281,.403,.685
751,49,김웅빈,22키DH,0.06,19,67,59,11,14,4,0,1,21,6,0,1,7,0,1,22,0,1,0,.237,.318,.356,.674
752,50,전병우,22키1B,0.04,64,170,145,11,31,5,0,5,51,14,0,0,12,5,0,41,4,7,1,.214,.295,.352,.646
753,51,김재현,21키C,0.03,39,51,46,2,10,7,0,0,17,8,0,1,3,0,0,12,1,2,0,.217,.265,.370,.635
754,52,박준태,21키RF,0.03,27,58,46,10,9,3,0,0,12,4,1,0,10,2,0,16,0,0,0,.196,.362,.261,.623
755,53,박주홍,22키LF,0.03,20,56,48,4,11,1,1,0,14,3,0,0,8,0,1,18,1,0,0,.229,.339,.292,.631
756,54,김준완,22키LF,-0.02,41,111,85,13,17,2,1,0,21,7,0,0,19,3,0,14,1,2,2,.200,.358,.247,.605
757,55,프레이타스,21키DH,-0.04,43,148,139,13,36,10,0,2,52,14,0,0,7,1,0,29,7,0,1,.259,.297,.374,.671
758,56,박정음,19키LF,-0.08,60,88,71,13,14,2,1,0,18,7,6,5,11,5,0,31,1,1,0,.197,.345,.254,.598
759,57,허정협,19키LF,-0.12,37,77,68,3,16,1,0,0,17,8,0,0,7,1,0,19,1,0,1,.235,.312,.250,.562
760,58,주효상,20키C,-0.14,63,101,84,6,16,4,0,0,20,7,0,0,13,0,0,26,0,3,1,.190,.296,.238,.534
761,59,송성문,19키3B,-0.14,103,335,308,33,70,12,5,3,101,34,2,1,19,0,0,53,7,4,4,.227,.269,.328,.597
762,60,이택근,20키LF,-0.21,20,64,57,5,11,5,0,0,16,7,0,0,7,0,0,21,1,0,0,.193,.281,.281,.562
763,61,신준우,21키SS,-0.25,56,51,42,7,7,3,0,0,10,4,0,1,4,3,0,21,1,1,1,.167,.280,.238,.518
764,62,허정협,21키LF,-0.37,28,51,45,4,7,0,0,0,7,2,0,0,6,0,0,10,1,0,0,.156,.255,.156,.411
765,63,김휘집,21키3B,-0.38,34,89,70,9,9,1,0,1,13,8,1,0,13,2,0,23,0,3,1,.129,.279,.186,.465
766,64,변상권,21키LF,-0.39,72,171,159,19,38,5,4,0,51,20,0,0,9,0,0,40,2,0,3,.239,.275,.321,.596
767,65,이용규,22키LF,-0.41,31,135,114,15,22,4,0,0,26,8,4,2,17,1,0,11,1,1,2,.193,.299,.228,.527
768,66,박주홍,21키DH,-0.45,23,56,47,4,5,2,0,0,7,3,1,1,9,0,0,21,1,0,0,.106,.250,.149,.399
769,67,김규민,20키LF,-0.56,54,111,101,13,21,2,1,1,28,6,1,0,5,1,0,24,3,3,1,.208,.250,.277,.527
770,68,예진원,21키CF,-0.75,52,132,114,16,18,6,1,1,29,8,0,1,12,2,0,28,2,3,1,.158,.248,.254,.502
771,1,정은원,21한2B,4.47,139,608,495,85,140,22,5,6,190,39,19,11,105,1,1,105,9,4,3,.283,.407,.384,.791
772,2,노시환,21한3B,3.75,107,458,380,56,103,18,1,18,177,84,5,2,73,1,9,107,15,0,4,.271,.387,.466,.852
773,3,호잉,18한RF,3.72,142,590,529,85,162,47,2,30,303,110,23,9,51,5,10,93,5,0,5,.306,.370,.573,.942
774,4,최재훈,21한C,3.67,116,467,375,52,103,21,0,7,145,44,3,2,71,13,2,68,16,5,3,.275,.405,.387,.791
775,5,최재훈,19한C,3.56,135,451,373,47,108,18,0,3,135,31,3,10,56,14,0,61,9,4,4,.290,.398,.362,.760
776,6,호잉,19한RF,3.50,124,525,476,74,135,26,2,18,219,73,22,7,38,5,5,90,6,1,5,.284,.340,.460,.800
777,7,하주석,21한SS,3.09,138,594,525,84,143,27,3,10,206,68,23,6,51,10,1,135,9,5,3,.272,.346,.392,.739
778,8,최재훈,20한C,2.77,126,389,339,46,102,19,0,3,130,36,0,0,29,16,0,44,7,5,0,.301,.383,.383,.766
779,9,정은원,22한2B,2.46,66,286,247,37,72,11,2,5,102,28,5,0,36,0,0,57,5,1,2,.292,.379,.413,.792
780,10,이성열,19한RF,2.44,129,476,414,60,106,21,1,21,192,85,8,4,48,9,1,114,7,1,4,.256,.343,.464,.807
781,11,이용규,20한CF,2.21,120,487,419,60,120,14,2,1,141,32,17,8,59,6,0,36,9,2,1,.286,.381,.337,.718
782,12,터크먼,22한CF,2.20,68,303,273,43,81,16,3,3,112,14,13,6,25,3,2,53,7,0,2,.297,.360,.410,.770
783,13,정은원,19한2B,2.08,142,624,564,83,148,27,6,8,211,57,14,7,48,0,0,101,6,6,6,.262,.317,.374,.691
784,14,노시환,22한3B,2.03,56,230,196,29,58,11,1,3,80,31,2,2,31,2,0,45,8,0,1,.296,.396,.408,.804
785,15,김태연,21한3B,1.91,53,220,176,29,53,12,0,3,74,34,5,3,34,5,0,44,4,0,5,.301,.418,.420,.839
786,16,김태균,19한DH,1.90,127,500,433,47,132,21,0,6,171,62,3,0,54,5,5,94,15,0,8,.305,.382,.395,.777
787,17,이성열,18한DH,1.87,131,528,485,76,143,21,1,34,268,102,9,7,35,5,3,143,9,1,2,.295,.347,.553,.900
788,18,이용규,18한CF,1.84,134,575,491,82,144,14,1,1,163,36,30,11,59,12,0,62,8,8,5,.293,.379,.332,.711
789,19,정근우,18한2B,1.64,102,425,375,63,114,24,1,11,173,57,6,5,39,7,1,43,12,1,3,.304,.377,.461,.839
790,20,송광민,18한3B,1.58,113,460,434,63,129,24,0,18,207,79,4,4,18,4,0,93,13,0,4,.297,.328,.477,.805
791,21,강경학,18한2B,1.38,77,289,245,42,68,11,1,5,96,27,6,3,38,4,0,59,7,1,1,.278,.382,.392,.774
792,22,반즈,20한1B,1.23,74,319,283,38,75,17,1,9,121,42,2,1,27,7,1,81,4,0,2,.265,.342,.428,.769
793,23,이성곤,21한1B,1.06,60,206,172,17,46,12,2,1,65,24,1,3,29,3,0,52,4,1,1,.267,.381,.378,.758
794,24,송광민,19한3B,1.04,122,486,454,50,119,21,0,7,161,51,8,2,21,3,0,91,18,3,5,.262,.296,.355,.651
795,25,정은원,20한2B,0.92,79,303,254,28,63,9,2,3,85,29,1,1,41,5,0,41,4,2,1,.248,.362,.335,.697
796,26,노시환,20한3B,0.84,107,387,346,46,76,18,2,12,134,43,0,1,33,6,1,116,8,1,1,.220,.298,.387,.685
797,27,하주석,20한SS,0.83,72,281,262,22,75,11,0,2,92,32,4,1,13,2,0,66,3,2,2,.286,.323,.351,.674
798,28,김인환,22한1B,0.78,41,154,144,19,40,6,0,7,67,23,0,0,9,0,0,41,2,0,1,.278,.318,.465,.784
799,29,최재훈,18한C,0.77,128,341,298,36,78,17,0,1,98,27,8,0,20,15,0,61,8,6,2,.262,.337,.329,.666
800,30,정근우,19한CF,0.76,88,305,277,37,77,10,1,3,98,30,8,5,20,4,1,43,11,3,1,.278,.334,.354,.688
801,31,페레즈,21한1B,0.69,59,252,225,26,60,15,1,5,92,33,4,5,17,4,0,52,4,0,6,.267,.321,.409,.730
802,32,장진혁,19한CF,0.63,113,349,315,42,80,16,5,1,109,24,13,5,26,5,0,74,4,2,1,.254,.320,.346,.666
803,33,지성준,18한C,0.61,99,224,207,22,57,7,0,7,85,29,1,0,12,2,0,55,6,2,1,.275,.320,.411,.730
804,34,오선진,19한SS,0.60,122,453,392,37,88,16,0,3,113,36,7,2,38,10,0,72,8,10,3,.224,.307,.288,.595
805,35,김태균,18한DH,0.47,73,271,254,25,80,11,0,10,121,34,0,1,13,4,1,56,7,0,0,.315,.358,.476,.834
806,36,이해창,20한C,0.46,70,135,119,11,32,5,0,3,46,17,0,2,9,4,0,23,6,1,2,.269,.336,.387,.722
807,37,이진영,22한RF,0.42,44,158,147,25,33,8,1,7,64,25,2,1,10,0,0,59,3,0,1,.224,.272,.435,.708
808,38,권광민,22한LF,0.42,19,50,36,3,9,2,1,0,13,6,0,1,12,1,0,18,0,0,1,.250,.440,.361,.801
809,39,최재훈,22한C,0.41,59,234,195,19,39,5,0,1,47,14,1,0,24,10,0,37,7,2,2,.200,.316,.241,.557
810,40,강경학,20한2B,0.40,94,238,193,25,44,7,1,4,65,19,1,2,35,3,0,64,2,5,2,.228,.352,.337,.689
811,41,힐리,21한1B,0.35,67,268,249,27,64,11,1,7,98,37,2,1,16,2,0,58,6,0,1,.257,.306,.394,.700
812,42,김회성,18한3B,0.34,58,102,85,15,22,5,0,4,39,17,1,0,11,3,0,26,3,3,0,.259,.364,.459,.823
813,43,김민하,20한RF,0.34,36,85,74,10,21,6,0,1,30,11,0,0,8,2,0,16,2,1,0,.284,.369,.405,.775
814,44,최진행,19한LF,0.34,45,129,117,10,27,6,0,6,51,19,0,0,9,2,0,28,3,0,1,.231,.295,.436,.731
815,45,지성준,19한C,0.33,58,109,104,7,26,6,0,2,38,11,0,0,5,0,0,21,3,0,0,.250,.284,.365,.650
816,46,정진호,20한LF,0.33,113,326,282,30,78,14,1,2,100,19,9,7,29,3,1,50,5,10,2,.277,.348,.355,.703
817,47,정은원,18한2B,0.32,98,227,201,33,50,5,3,4,73,20,5,1,22,1,0,50,0,2,1,.249,.324,.363,.688
818,48,노수광,21한CF,0.30,52,180,160,21,37,7,0,3,53,14,13,1,17,1,0,46,1,2,0,.231,.309,.331,.640
819,49,박상언,22한C,0.29,25,54,49,8,13,3,0,2,22,7,0,2,3,0,0,9,0,2,0,.265,.308,.449,.757
820,50,최인호,21한LF,0.27,49,164,136,17,28,6,0,4,46,23,2,1,24,2,0,43,1,0,2,.206,.329,.338,.668
821,51,하주석,18한SS,0.26,141,517,484,67,123,20,3,9,176,52,14,12,28,4,0,130,7,1,0,.254,.300,.364,.664
822,52,강경학,19한SS,0.25,52,135,113,21,27,4,0,0,31,12,1,2,15,3,0,32,3,3,1,.239,.341,.274,.615
823,53,김민하,19한LF,0.22,72,140,125,14,32,6,0,2,44,14,5,2,9,3,0,41,4,2,1,.256,.319,.352,.671
824,54,김회성,19한1B,0.17,58,117,104,7,24,4,0,3,37,18,2,1,11,0,0,24,1,1,1,.231,.302,.356,.658
825,55,박정현,20한SS,0.13,30,64,61,6,17,3,0,1,23,9,0,0,3,0,0,17,2,0,0,.279,.313,.377,.690
826,56,하주석,22한SS,0.11,60,222,202,23,43,7,0,3,59,31,10,3,16,2,1,62,2,0,2,.213,.275,.292,.567
827,57,박정현,22한SS,0.09,42,125,119,15,29,1,1,3,41,13,3,1,5,0,0,33,1,1,0,.244,.274,.345,.619
828,58,노수광,20한CF,0.06,71,247,216,26,53,8,1,0,63,16,9,3,27,2,2,48,2,1,1,.245,.333,.292,.625
829,59,김문호,20한1B,0.05,18,52,46,6,10,1,0,2,17,5,0,0,5,1,0,11,1,0,0,.217,.308,.370,.677
830,60,조한민,21한RF,0.05,52,145,127,15,25,6,2,5,50,18,3,2,13,2,0,57,4,1,2,.197,.278,.394,.672
831,61,김민하,21한RF,0.04,46,142,115,14,24,4,1,1,33,17,6,3,17,8,0,36,3,0,2,.209,.345,.287,.632
832,62,변우혁,19한1B,-0.01,29,61,53,7,12,1,0,1,16,2,0,0,7,1,0,17,3,0,0,.226,.328,.302,.630
833,63,조한민,20한SS,-0.07,25,52,50,7,11,4,0,0,15,2,0,0,0,2,0,22,0,0,0,.220,.250,.300,.550
834,64,최진행,20한DH,-0.08,84,240,214,23,50,5,0,8,79,30,0,0,18,5,0,59,11,0,3,.234,.304,.369,.673
835,65,이성곤,22한1B,-0.10,27,80,68,4,14,3,0,0,17,4,1,1,12,0,0,23,0,0,0,.206,.325,.250,.575
836,66,백진우,18한LF,-0.11,70,169,152,21,37,15,1,3,63,18,0,0,12,4,0,36,5,0,1,.243,.314,.414,.728
837,67,양성우,18한LF,-0.12,73,236,209,32,53,9,0,2,68,13,1,1,22,4,2,32,8,0,1,.254,.335,.325,.660
838,68,오선진,20한SS,-0.13,93,222,197,17,46,4,0,2,56,17,0,1,16,3,0,39,10,6,0,.234,.301,.284,.585
839,69,이도윤,22한SS,-0.14,49,86,79,7,14,5,0,1,22,4,3,1,5,0,0,24,0,1,1,.177,.224,.278,.502
840,70,허관회,21한C,-0.16,28,79,63,4,12,0,0,0,12,2,0,0,13,1,0,22,1,0,2,.190,.329,.190,.520
841,71,이동훈,18한LF,-0.17,28,50,46,6,11,1,0,1,15,2,0,1,3,1,0,8,1,0,0,.239,.300,.326,.626
842,72,송광민,20한3B,-0.19,94,298,277,31,65,12,0,9,104,43,0,0,14,3,1,69,17,1,3,.235,.276,.375,.652
843,73,노수광,22한LF,-0.23,56,184,163,14,35,7,5,1,55,17,9,4,16,0,1,56,0,4,1,.215,.283,.337,.621
844,74,임종찬,22한RF,-0.24,20,57,53,2,10,1,0,2,17,6,0,1,3,0,1,23,1,0,1,.189,.228,.321,.549
845,75,노태형,20한2B,-0.27,55,113,102,14,22,4,1,0,28,6,0,1,7,3,0,31,0,1,0,.216,.286,.275,.560
846,76,백용환,21한C,-0.27,36,95,81,10,12,1,0,4,25,4,0,0,9,3,0,24,4,2,0,.148,.258,.309,.567
847,77,김태연,22한3B,-0.27,51,194,175,18,37,6,0,2,49,25,1,2,15,2,1,49,5,0,2,.211,.278,.280,.558
848,78,이성열,21한DH,-0.27,46,140,119,15,25,8,0,2,39,20,1,0,18,1,0,36,2,0,2,.210,.314,.328,.642
849,79,유장혁,19한LF,-0.28,38,61,55,10,9,1,0,1,13,4,3,0,5,0,0,17,0,0,1,.164,.230,.236,.466
850,80,장운호,21한RF,-0.30,102,338,285,36,67,10,0,0,77,28,3,6,36,7,0,77,7,7,3,.235,.332,.270,.603
851,81,장지승,21한RF,-0.30,24,72,61,7,11,1,0,1,15,5,2,0,7,1,0,24,4,2,1,.180,.271,.246,.517
852,82,오선진,18한3B,-0.32,56,148,133,14,30,4,0,1,37,9,3,0,7,5,0,33,2,3,0,.226,.290,.278,.568
853,83,임종찬,20한RF,-0.32,52,119,108,5,25,5,0,1,33,12,0,1,9,1,0,38,2,1,0,.231,.297,.306,.602
854,84,이동훈,21한CF,-0.37,33,62,53,8,10,1,0,0,11,2,2,2,3,2,0,12,2,4,0,.189,.259,.208,.466
855,85,최진행,18한LF,-0.39,57,154,136,14,29,3,0,7,53,13,0,1,15,3,0,53,5,0,0,.213,.305,.390,.695
856,86,이해창,21한C,-0.41,20,60,54,4,9,3,0,0,12,4,0,1,1,1,0,13,0,3,1,.167,.193,.222,.415
857,87,정진호,21한LF,-0.42,50,167,145,9,33,9,0,0,42,15,4,1,15,1,1,22,5,4,2,.228,.301,.290,.590
858,88,이도윤,21한SS,-0.45,56,68,63,5,11,0,0,0,11,2,1,2,4,0,0,18,1,1,0,.175,.224,.175,.399
859,89,김민하,18한LF,-0.49,59,108,97,13,21,4,0,3,34,17,5,5,5,3,0,30,6,2,1,.216,.274,.351,.624
860,90,박정현,21한SS,-0.52,33,120,107,10,21,4,0,0,25,9,1,0,9,0,0,32,1,3,1,.196,.256,.234,.490
861,91,김태균,20한1B,-0.53,67,254,219,14,48,11,0,2,65,29,0,0,30,2,3,42,8,1,2,.219,.316,.297,.613
862,92,호잉,20한RF,-0.55,34,134,124,12,24,4,0,4,40,14,5,3,9,1,0,34,4,0,0,.194,.254,.323,.576
863,93,이원석,21한CF,-0.71,43,130,114,12,20,1,1,1,26,9,4,2,8,2,0,43,1,4,2,.175,.238,.228,.466
864,94,유장혁,21한CF,-0.72,34,112,98,11,14,5,0,1,22,7,2,1,8,2,0,39,2,2,2,.143,.218,.224,.443
865,95,최인호,20한LF,-0.73,47,135,127,8,30,0,0,0,30,8,0,0,4,1,0,34,3,1,2,.236,.261,.236,.497
866,96,양성우,19한LF,-0.77,56,129,119,11,20,3,0,1,26,6,1,0,9,0,0,28,2,1,0,.168,.227,.218,.445
867,97,노시환,19한1B,-0.80,91,192,177,19,33,8,1,1,46,13,2,2,11,2,0,72,3,1,1,.186,.241,.260,.501
868,98,이성열,20한DH,-0.94,79,248,227,23,46,5,0,8,75,34,1,1,16,5,0,69,4,0,0,.203,.270,.330,.601
869,99,임종찬,21한RF,-1.06,42,146,132,9,20,5,0,1,28,8,0,1,12,1,0,49,2,1,0,.152,.228,.212,.440
