,ranking,name,season_team_position,war,game,tasuk,tasu,score,hit,2hit,3hit,homerun,ruta,tazeom,doru,dosil,ballfour,sagu,gofour,samzin,beongsal,heeta,teebi,tayul,choolru,zhangta,ops,woba,wrc+,wpa
0,1,최형우,20KDH,5.75,140,600,522,93,185,37,1,28,308,115,0,0,70,5,5,101,9,0,3,.354,.433,.590,1.023,.450,169.3,7.20
1,2,터커,20KRF,5.74,142,631,542,100,166,40,0,32,302,113,0,2,76,9,3,67,12,0,4,.306,.398,.557,.955,.420,149.6,2.40
2,3,안치홍,18K2B,4.98,130,549,494,88,169,38,1,23,278,118,5,1,36,10,1,57,13,0,9,.342,.392,.563,.954,.407,140.3,4.06
3,4,최형우,18KLF,4.94,143,609,528,92,179,34,1,25,290,103,3,0,66,7,7,87,17,0,8,.339,.414,.549,.963,.411,143.4,5.70
4,5,버나디나,18KCF,4.55,131,590,513,106,159,25,3,20,250,70,32,13,63,10,3,103,9,3,1,.310,.395,.487,.883,.385,125.4,3.55
5,6,최형우,19KDH,4.16,136,555,456,65,137,31,1,17,221,86,0,1,85,7,6,77,13,0,7,.300,.413,.485,.897,.406,150.3,3.05
6,7,소크라테스,22KCF,4.15,69,300,279,50,96,19,6,11,160,46,9,3,19,1,4,48,6,0,1,.344,.387,.573,.960,.427,175.0,1.52
7,8,김선빈,21K2B,3.42,130,564,501,55,154,32,0,5,201,67,0,0,56,1,2,39,19,1,5,.307,.375,.401,.776,.366,116.0,3.06
8,9,나성범,22KRF,3.39,69,313,263,45,80,20,1,10,132,47,4,0,37,10,1,64,4,0,3,.304,.406,.502,.908,.412,162.8,2.20
9,10,터커,19KRF,3.25,95,399,357,50,111,33,0,9,171,50,0,0,38,3,0,44,12,0,1,.311,.381,.479,.860,.393,141.4,0.56
10,11,최원준,21KRF,3.14,143,668,589,82,174,21,6,4,219,44,40,13,61,11,0,68,7,4,3,.295,.371,.372,.742,.354,108.6,1.24
11,12,나지완,20KLF,3.12,137,556,468,73,136,19,1,17,208,92,0,0,64,18,1,114,6,0,6,.291,.392,.444,.837,.383,124.8,4.11
12,13,안치홍,19K2B,2.84,105,408,362,45,114,18,1,5,149,49,4,2,40,1,1,37,9,0,5,.315,.380,.412,.792,.368,123.3,0.93
13,14,김주찬,18K1B,2.75,121,471,429,71,146,23,0,18,223,93,8,1,23,7,5,57,15,2,10,.340,.375,.520,.895,.380,122.1,2.43
14,15,이창진,19KCF,2.50,133,470,400,57,108,25,1,6,153,48,8,8,57,4,0,92,8,4,5,.270,.363,.383,.745,.347,108.8,-0.85
15,16,최원준,20KCF,2.49,123,412,359,72,117,16,6,2,151,35,14,3,33,6,0,35,1,9,5,.326,.387,.421,.808,.365,113.3,2.31
16,17,나지완,18KDH,2.35,114,379,317,50,86,18,0,26,182,78,0,0,38,19,2,81,14,0,5,.271,.377,.574,.951,.397,134.3,0.90
17,18,김선빈,19KSS,2.30,121,447,394,55,115,22,0,3,146,40,5,4,43,1,0,26,7,5,4,.292,.360,.371,.730,.340,104.6,1.05
18,19,김선빈,20K2B,2.26,85,351,303,42,100,19,0,1,122,37,1,1,40,2,0,43,12,1,5,.330,.406,.403,.808,.378,121.1,1.07
19,20,이범호,18K3B,2.23,101,380,332,41,93,7,0,20,160,69,1,0,42,4,4,59,12,0,2,.280,.366,.482,.848,.365,112.5,1.03
20,21,김선빈,18KSS,2.10,127,492,424,73,125,17,2,4,158,49,4,1,48,9,1,42,10,6,5,.295,.375,.373,.747,.339,94.5,1.23
21,22,김선빈,22K2B,1.87,66,294,248,30,73,13,0,1,89,21,6,1,36,4,0,25,7,4,1,.294,.391,.359,.750,.352,120.9,1.15
22,23,류지혁,22K3B,1.55,60,220,188,30,56,10,0,2,72,23,3,1,26,3,0,40,3,1,2,.298,.388,.383,.771,.362,127.9,0.62
23,24,이명기,18KRF,1.35,120,502,447,88,135,28,6,4,187,42,12,5,40,3,3,64,5,11,1,.302,.363,.418,.781,.340,95.0,0.16
24,25,박찬호,22KSS,1.31,58,239,211,28,58,14,0,1,75,27,13,6,22,0,0,27,8,2,4,.275,.338,.355,.693,.322,99.8,0.20
25,26,이명기,19KRF,1.28,80,302,265,37,75,10,2,1,92,20,4,3,28,4,1,41,4,3,2,.283,.358,.347,.705,.331,97.6,-0.90
26,27,류지혁,21K3B,1.28,92,327,273,37,76,8,0,2,90,34,0,0,42,7,1,46,7,2,3,.278,.385,.330,.714,.348,104.4,-0.08
27,28,유민상,19K1B,1.23,61,202,175,23,51,15,0,5,81,26,0,0,23,4,0,35,6,0,0,.291,.386,.463,.849,.391,139.6,0.46
28,29,박찬호,21KSS,1.15,131,483,418,51,103,15,5,1,131,59,9,4,54,0,0,73,11,8,3,.246,.331,.313,.644,.308,77.7,0.17
29,30,이창진,22KLF,1.07,44,148,128,20,38,5,0,5,58,24,1,0,15,1,0,27,2,3,1,.297,.372,.453,.826,.372,134.9,0.07
30,31,최형우,22KDH,0.99,66,269,221,27,51,13,0,7,85,32,0,0,46,1,4,47,6,0,1,.231,.364,.385,.749,.347,118.0,0.31
31,32,박찬호,19K3B,0.91,133,541,504,60,131,15,4,2,160,49,39,6,26,4,0,83,8,5,2,.260,.300,.317,.618,.289,68.7,-0.19
32,33,김민식,18KC,0.84,125,365,310,53,76,9,3,6,109,37,5,2,39,3,0,63,8,11,2,.245,.333,.352,.685,.304,71.1,-0.92
33,34,터커,21KLF,0.81,127,539,468,42,111,24,1,9,164,59,0,0,61,8,1,66,12,0,2,.237,.334,.350,.684,.327,91.0,0.02
34,35,박동원,22KC,0.81,48,181,160,26,37,11,0,7,69,21,1,0,12,6,1,36,5,2,1,.231,.307,.431,.739,.331,107.1,-0.92
35,36,황대인,22K1B,0.80,67,273,250,19,65,11,0,9,103,51,0,0,14,6,0,47,9,0,3,.260,.311,.412,.723,.331,107.1,-0.58
36,37,이창진,20KCF,0.72,22,99,88,19,29,8,1,0,39,7,0,1,10,1,0,17,2,0,0,.330,.404,.443,.847,.392,130.7,0.16
37,38,김주찬,19K1B,0.71,100,363,337,35,101,16,0,3,126,32,3,1,17,5,3,44,6,1,3,.300,.340,.374,.714,.330,97.0,-0.46
38,39,정성훈,18K1B,0.70,88,205,183,22,54,11,0,4,77,28,0,1,16,5,1,49,5,0,1,.295,.366,.421,.787,.351,102.7,-0.32
39,40,김태진,21K3B,0.64,99,414,381,43,105,12,5,1,130,36,8,5,23,0,1,64,7,6,4,.276,.314,.341,.655,.305,76.0,-0.62
40,41,김민식,21KC,0.62,100,301,250,30,55,8,0,3,72,26,0,0,41,4,1,49,2,3,3,.220,.336,.288,.624,.305,75.7,-0.34
41,42,한승택,21KC,0.59,82,239,203,17,44,7,0,3,60,16,0,0,28,3,0,61,6,5,0,.217,.321,.296,.616,.297,70.2,-1.16
42,43,백용환,20KC,0.52,51,106,91,12,20,4,0,5,39,10,0,0,14,0,0,29,2,1,0,.220,.324,.429,.752,.336,93.9,-0.10
43,44,한승택,20KC,0.52,83,262,226,22,51,6,0,9,84,29,0,0,21,6,0,58,7,9,0,.226,.308,.372,.680,.303,72.1,-0.17
44,45,나주환,20K3B,0.52,64,222,204,21,57,5,0,6,80,26,0,0,12,1,0,44,6,4,1,.279,.321,.392,.713,.320,83.4,-0.47
45,46,유민상,20K1B,0.48,126,455,390,38,96,23,0,8,143,65,0,0,53,6,1,80,13,2,4,.246,.342,.367,.709,.329,89.3,0.98
46,47,이우성,22KLF,0.48,39,84,70,16,20,6,0,1,29,7,1,1,10,0,0,13,3,4,0,.286,.375,.414,.789,.351,119.7,-0.30
47,48,황대인,20K1B,0.48,63,138,116,14,32,4,0,4,48,16,0,0,21,0,0,29,5,0,1,.276,.384,.414,.798,.370,115.8,0.51
48,49,황윤호,19K2B,0.43,57,130,123,9,37,5,2,1,49,9,2,2,5,0,0,12,2,1,1,.301,.326,.398,.724,.331,97.3,-0.25
49,50,김호령,21KCF,0.36,62,154,130,16,27,2,0,4,41,15,4,1,16,6,0,44,2,2,0,.208,.322,.315,.638,.308,77.9,-0.97
50,51,류승현,18K3B,0.34,35,85,75,9,23,3,1,1,31,13,0,0,7,1,0,12,2,1,1,.307,.369,.413,.782,.347,99.6,0.36
51,52,신범수,19KC,0.34,39,65,57,4,12,5,0,2,23,7,0,0,7,1,0,14,1,0,0,.211,.308,.404,.711,.327,96.2,-0.08
52,53,한승택,18KC,0.33,61,101,89,10,22,6,0,3,37,15,0,0,7,2,0,24,4,3,0,.247,.316,.416,.732,.313,77.5,-0.70
53,54,김호령,20KCF,0.30,88,159,138,36,32,5,2,4,53,16,3,3,14,3,0,55,2,3,1,.232,.314,.384,.698,.314,78.6,-0.41
54,55,최원준,18KSS,0.28,101,331,302,46,82,14,1,4,110,32,10,4,20,4,0,58,4,4,1,.272,.324,.364,.688,.308,73.7,1.02
55,56,한승택,19KC,0.27,105,288,251,22,56,9,1,3,76,27,1,0,27,1,1,82,8,7,2,.223,.299,.303,.602,.278,61.6,-0.50
56,57,유민상,18KDH,0.26,31,58,48,9,13,2,1,3,26,14,0,0,8,0,0,14,3,0,2,.271,.362,.542,.904,.376,119.5,-0.11
57,58,백용환,19KC,0.24,28,51,47,3,11,2,0,2,19,6,0,0,3,1,0,14,0,0,0,.234,.294,.404,.698,.320,90.9,-0.37
58,59,박준태,18KRF,0.21,85,150,123,32,28,5,1,5,50,24,0,2,13,9,0,37,1,5,0,.228,.345,.407,.751,.326,86.1,0.15
59,60,유민상,21K1B,0.21,24,74,60,7,14,2,0,1,19,6,0,0,8,6,0,18,1,0,0,.233,.378,.317,.695,.348,104.1,-0.18
60,61,최형우,21KDH,0.20,104,446,373,52,87,15,1,12,140,55,0,0,67,4,10,67,9,0,2,.233,.354,.375,.730,.339,99.8,1.38
61,62,백용환,18KC,0.14,34,57,47,7,13,1,0,0,14,4,0,1,9,0,0,15,3,1,0,.277,.393,.298,.691,.330,88.3,0.19
62,63,이정훈,21KDH,0.14,41,151,129,14,32,6,0,2,44,14,0,0,19,3,0,33,3,0,0,.248,.358,.341,.699,.340,98.9,-0.52
63,64,김민식,22KC,0.14,22,62,54,7,13,2,0,1,18,6,0,0,6,0,0,12,1,1,1,.241,.312,.333,.645,.298,83.8,-0.56
64,65,황대인,21K1B,0.11,86,308,282,30,67,10,1,13,118,45,0,0,18,2,0,62,8,1,5,.238,.283,.418,.702,.317,85.1,0.01
65,66,홍재호,18K2B,0.10,56,87,76,16,20,6,0,1,29,9,0,0,8,0,0,12,2,3,0,.263,.333,.382,.715,.311,76.5,-0.57
66,67,김민식,20KC,0.08,69,237,210,22,52,6,1,2,66,21,0,0,17,2,0,28,3,6,2,.248,.307,.314,.622,.286,61.0,-0.36
67,68,오선우,20KRF,0.08,59,73,67,11,16,0,0,4,28,14,0,0,3,3,0,26,2,0,0,.239,.301,.418,.719,.324,85.3,-0.13
68,69,나지완,19KDH,0.06,56,153,129,12,24,5,0,6,47,17,0,0,19,3,1,37,3,0,2,.186,.301,.364,.665,.306,82.2,-0.70
69,70,류승현,19K1B,0.05,57,163,150,14,38,8,1,0,48,14,3,2,9,4,0,29,3,0,0,.253,.313,.320,.633,.301,77.1,-0.12
70,71,문선재,19KLF,-0.02,29,61,49,7,8,0,0,3,17,6,2,1,9,1,0,18,0,0,2,.163,.295,.347,.642,.298,76.9,-0.47
71,72,최정민,18K2B,-0.07,57,95,83,17,21,2,0,2,29,6,1,3,7,1,0,20,2,4,0,.253,.319,.349,.668,.291,63.0,-0.36
72,73,유재신,19KLF,-0.08,71,59,51,17,13,2,1,0,17,6,4,3,6,0,0,12,1,1,1,.255,.328,.333,.661,.306,80.1,0.11
73,74,황윤호,20K3B,-0.09,25,73,70,5,17,3,0,0,20,5,2,0,3,0,0,10,3,0,0,.243,.274,.286,.560,.264,46.3,-1.18
74,75,박정우,21KCF,-0.09,32,61,48,3,9,1,0,0,10,4,0,2,10,2,0,8,2,1,0,.188,.350,.208,.558,.294,67.6,-0.24
75,76,김민식,19KC,-0.14,53,116,96,6,16,2,0,0,18,14,2,0,15,3,0,29,1,0,2,.167,.293,.188,.481,.249,42.3,-0.23
76,77,이창진,21KCF,-0.19,105,293,249,35,52,8,1,3,71,33,5,0,36,1,0,54,10,4,3,.209,.308,.285,.593,.287,63.8,-1.06
77,78,이우성,19KLF,-0.22,32,87,80,7,14,1,0,3,24,10,0,0,5,2,0,22,2,0,0,.175,.241,.300,.541,.254,46.2,-0.52
78,79,이우성,20KLF,-0.22,48,67,59,5,12,1,0,0,13,3,1,0,6,2,0,11,2,0,0,.203,.299,.220,.519,.262,45.2,-0.31
79,80,서동욱,18K1B,-0.23,32,56,49,3,10,3,0,0,13,2,0,0,5,1,0,15,1,0,1,.204,.286,.265,.551,.260,42.0,-0.44
80,81,최정용,21K2B,-0.23,53,65,52,7,10,1,0,0,11,2,2,0,9,0,0,16,1,3,1,.192,.307,.212,.518,.255,42.0,-0.66
81,82,나지완,21KLF,-0.24,31,102,81,3,13,1,0,0,14,7,0,0,14,6,0,29,3,0,1,.160,.324,.173,.496,.272,53.2,-0.12
82,83,김도영,22K3B,-0.26,54,141,132,21,26,6,2,0,36,10,4,1,6,1,0,39,0,1,1,.197,.236,.273,.508,.236,42.3,-0.85
83,84,김석환,22KLF,-0.31,30,75,64,10,9,1,0,1,13,3,0,0,9,2,0,17,1,0,0,.141,.267,.203,.470,.239,43.5,-0.78
84,85,홍종표,20K2B,-0.34,40,88,80,7,20,3,0,0,23,7,0,2,4,0,0,13,1,3,1,.250,.282,.288,.570,.259,43.2,-1.01
85,86,최정용,20K2B,-0.34,38,59,56,5,11,1,0,1,15,5,0,0,2,0,0,15,0,1,0,.196,.224,.268,.492,.224,19.9,-0.04
86,87,이우성,21KLF,-0.34,65,100,85,12,17,5,0,0,22,4,2,1,13,0,0,17,2,1,1,.200,.303,.259,.562,.277,56.7,-0.38
87,88,오선우,19KRF,-0.39,27,57,53,5,8,1,1,1,14,4,0,0,3,1,0,24,0,0,0,.151,.211,.264,.475,.223,22.9,-0.75
88,89,김태진,20K3B,-0.57,45,192,180,18,44,4,0,0,48,17,5,2,9,1,0,23,2,1,1,.244,.283,.267,.549,.261,44.7,-0.60
89,90,최원준,19K3B,-0.65,90,255,232,33,46,11,3,1,66,18,8,4,16,4,0,51,4,2,1,.198,.261,.284,.545,.256,46.6,-1.60
90,91,황윤호,18KSS,-0.70,82,62,57,11,9,1,0,0,10,4,2,2,0,3,0,6,2,2,0,.158,.200,.175,.375,.175,-14.3,0.02
91,92,김규성,20K2B,-1.00,103,182,157,21,28,2,1,3,41,11,2,1,13,1,0,40,1,11,0,.178,.246,.261,.507,.226,21.6,-1.85
92,93,박찬호,20KSS,-1.14,141,530,479,63,106,16,0,3,131,36,15,8,36,0,0,87,14,12,3,.221,.274,.273,.548,.254,40.2,-1.96
93,1,로하스,20kRF,7.76,142,628,550,116,192,39,1,47,374,135,0,1,65,5,5,132,11,0,8,.349,.417,.680,1.097,.467,180.5,7.29
94,2,강백호,21k1B,6.35,142,627,516,76,179,40,1,16,269,102,10,5,103,0,10,85,7,0,8,.347,.450,.521,.971,.443,165.5,5.78
95,3,로하스,18kCF,5.66,144,645,564,114,172,30,1,43,333,114,18,13,71,7,4,142,10,1,2,.305,.388,.590,.979,.410,138.5,5.41
96,4,로하스,19kCF,5.49,142,576,520,68,167,29,3,24,274,104,4,4,48,3,5,120,4,0,5,.321,.379,.527,.905,.405,151.3,1.20
97,5,황재균,20k3B,5.13,134,600,541,108,169,35,5,21,277,97,11,6,47,5,0,98,12,3,4,.312,.370,.512,.882,.391,129.6,3.52
98,6,강백호,19kRF,4.74,117,504,437,72,147,29,1,13,217,65,9,5,61,2,4,87,11,0,4,.336,.417,.497,.913,.415,157.4,3.83
99,7,강백호,20k1B,4.74,129,574,500,95,165,36,1,23,272,89,7,2,66,5,9,93,7,0,3,.330,.411,.544,.955,.421,149.2,3.13
100,8,황재균,19k3B,4.05,124,506,447,78,127,16,3,20,209,67,10,7,52,2,2,70,10,0,5,.284,.358,.468,.825,.373,130.2,2.18
101,9,배정대,20kCF,3.55,144,615,533,88,154,25,3,13,224,65,22,13,68,5,0,142,9,5,4,.289,.372,.420,.792,.362,110.3,0.95
102,10,유한준,18kRF,3.48,121,480,428,59,145,21,1,20,228,83,1,1,47,2,3,53,9,2,1,.339,.406,.533,.939,.404,134.5,2.84
103,11,유한준,19kDH,3.46,139,562,501,61,159,19,1,14,222,86,3,0,52,4,1,61,20,0,5,.317,.383,.443,.826,.381,133.6,4.09
104,12,황재균,18k3B,3.40,142,588,530,76,157,41,3,25,279,88,14,7,49,4,1,120,5,2,3,.296,.358,.526,.885,.376,115.5,1.96
105,13,배정대,21kCF,3.02,144,595,510,85,132,23,1,12,193,68,19,7,65,12,2,132,9,3,5,.259,.353,.378,.732,.345,101.1,-1.05
106,14,황재균,21k3B,2.93,117,507,453,74,132,16,2,10,182,56,11,4,46,3,1,92,11,1,4,.291,.358,.402,.760,.356,108.4,-0.32
107,15,박경수,18k2B,2.51,135,528,458,65,120,21,0,25,216,74,4,1,58,9,2,129,16,0,3,.262,.354,.472,.826,.357,104.0,1.52
108,16,박경수,20k2B,2.39,119,391,324,33,91,17,0,13,147,59,0,1,48,9,2,96,14,3,7,.281,.381,.454,.835,.374,118.7,0.77
109,17,장성우,20kC,2.22,130,455,400,39,111,15,0,13,165,79,0,0,38,1,0,64,15,10,6,.278,.337,.413,.750,.333,92.1,0.62
110,18,박경수,19k2B,2.21,136,489,420,43,104,24,0,10,158,65,0,1,55,4,1,102,14,4,6,.248,.336,.376,.712,.329,98.4,0.30
111,19,강백호,18kLF,2.10,138,585,527,108,153,32,2,29,276,84,3,5,52,3,0,124,4,0,3,.290,.356,.524,.879,.375,115.3,2.81
112,20,장성우,22kC,2.09,60,210,180,25,47,8,0,9,82,27,1,0,28,2,1,37,7,0,0,.261,.367,.456,.822,.376,137.8,0.89
113,21,심우준,19kSS,1.92,138,433,391,54,109,13,1,3,133,28,24,3,23,6,0,68,7,12,1,.279,.328,.340,.668,.307,81.9,-1.54
114,22,유한준,21kDH,1.87,104,336,281,30,87,16,0,5,118,42,1,0,44,7,5,34,12,0,4,.310,.411,.420,.831,.389,130.5,1.27
115,23,심우준,21kSS,1.74,139,460,407,61,109,20,2,6,151,48,16,6,32,4,0,65,2,10,6,.268,.323,.371,.694,.318,83.3,-0.16
116,24,장성우,21kC,1.73,127,460,385,46,89,13,0,14,144,63,1,2,60,3,3,69,16,9,3,.231,.337,.374,.711,.328,90.6,1.25
117,25,박병호,22k1B,1.71,67,272,245,35,59,9,0,20,128,53,3,0,18,7,1,81,5,0,2,.241,.309,.522,.831,.368,133.0,1.27
118,26,조용호,20kLF,1.48,132,482,409,73,121,15,0,0,136,32,12,3,64,2,1,83,6,5,2,.296,.392,.333,.725,.347,99.7,1.84
119,27,조용호,22kLF,1.37,66,252,224,23,69,9,2,1,85,14,2,4,26,2,3,42,1,0,0,.308,.385,.379,.764,.357,122.8,-0.28
120,28,장성우,19kC,1.32,126,412,365,25,96,7,0,7,124,41,0,1,35,2,2,86,11,4,6,.263,.326,.340,.666,.309,83.6,-1.85
121,29,김준태,22kC,1.21,46,139,117,15,34,9,1,2,51,13,0,0,19,0,0,37,2,1,2,.291,.384,.436,.820,.375,135.2,0.66
122,30,김병희,21k3B,1.15,34,69,51,16,15,3,0,5,33,13,3,0,13,3,0,14,0,2,0,.294,.463,.647,1.110,.476,189.8,1.10
123,31,황재균,22k3B,1.12,67,284,251,25,63,14,1,3,88,28,4,2,29,1,2,46,8,2,1,.251,.330,.351,.680,.316,94.8,-0.16
124,32,김민혁,19kLF,1.00,127,521,466,68,131,10,1,0,143,32,22,10,32,13,0,61,8,5,5,.281,.341,.307,.648,.309,82.7,-0.27
125,33,오승택,19k1B,0.89,62,199,187,36,52,11,1,4,77,22,9,0,11,0,0,39,4,0,1,.278,.317,.412,.728,.334,101.2,0.48
126,34,김민혁,21kLF,0.87,75,198,171,22,54,6,2,1,67,13,6,3,20,2,0,27,3,5,0,.316,.394,.392,.786,.367,115.7,0.14
127,35,장성우,18kC,0.79,127,393,356,41,92,13,0,13,144,48,1,1,32,2,0,82,8,1,2,.258,.321,.404,.726,.320,79.1,-1.09
128,36,오윤석,22k2B,0.78,62,203,170,14,42,8,0,3,59,25,2,1,22,4,0,37,6,3,4,.247,.340,.347,.687,.319,97.8,0.17
129,37,심우준,22kSS,0.77,65,213,183,29,45,2,2,1,54,13,11,2,20,1,0,35,7,7,2,.246,.320,.295,.616,.286,74.1,-0.76
130,38,호잉,21kRF,0.76,68,294,259,32,62,11,1,11,108,52,5,2,26,4,2,52,2,0,5,.239,.313,.417,.730,.332,93.5,-0.01
131,39,윤석민,18k1B,0.74,132,509,460,58,127,22,0,19,206,60,4,1,40,4,2,69,17,2,3,.276,.337,.448,.785,.340,92.2,0.31
132,40,배정대,22kCF,0.71,70,258,229,22,58,10,0,2,74,16,9,2,23,2,0,53,0,2,2,.253,.324,.323,.647,.305,87.3,-1.51
133,41,유한준,20kDH,0.63,119,428,386,48,108,17,0,11,158,64,0,0,40,0,2,51,9,1,1,.280,.347,.409,.756,.345,99.2,0.83
134,42,오윤석,21k2B,0.59,64,122,95,14,24,4,0,2,34,11,2,0,20,2,0,26,2,5,0,.253,.393,.358,.751,.352,106.1,-0.71
135,43,알몬테,21kLF,0.57,60,249,224,18,61,9,0,7,91,36,1,0,22,1,0,49,9,0,2,.272,.337,.406,.744,.347,102.5,-0.46
136,44,조용호,19kRF,0.53,87,211,188,15,55,6,3,0,67,19,3,4,21,0,0,28,0,2,0,.293,.364,.356,.720,.339,103.2,0.17
137,45,이진영,18kDH,0.48,110,312,283,40,90,17,1,3,118,39,2,1,25,0,1,35,3,1,3,.318,.370,.417,.787,.351,98.4,1.46
138,46,송민섭,21kRF,0.46,122,64,47,39,11,0,0,0,11,7,15,1,12,0,0,21,0,5,0,.234,.390,.234,.624,.303,73.1,0.35
139,47,권동진,21kSS,0.42,86,85,66,21,17,5,0,1,25,6,3,3,18,0,0,30,0,1,0,.258,.417,.379,.796,.382,124.9,-0.03
140,48,강백호,22kDH,0.42,16,68,58,10,16,6,0,2,28,8,0,0,8,1,2,10,0,0,1,.276,.368,.483,.850,.375,136.4,0.13
141,49,조용호,21kLF,0.39,138,515,428,71,101,14,1,0,117,48,12,9,74,3,0,85,8,5,5,.236,.349,.273,.622,.310,77.7,0.21
142,50,박승욱,20k2B,0.34,97,128,110,23,29,3,2,1,39,10,5,1,11,4,0,37,1,2,1,.264,.349,.355,.704,.327,87.0,-0.37
143,51,허도환,21kC,0.29,62,125,105,8,29,6,0,2,41,21,0,0,8,2,0,28,3,10,0,.276,.339,.390,.730,.317,82.1,0.19
144,52,문상철,20k1B,0.28,74,172,154,24,40,3,2,8,71,25,0,1,11,2,0,43,4,3,2,.260,.314,.461,.775,.336,94.6,-0.98
145,53,강민국,19kSS,0.28,58,94,88,12,24,0,1,0,26,7,2,0,6,0,0,17,2,0,0,.273,.319,.295,.615,.295,72.6,-0.14
146,54,라모스,22kRF,0.26,18,80,72,10,18,1,1,3,30,11,2,0,4,2,0,18,2,1,1,.250,.304,.417,.721,.324,101.7,-0.16
147,55,신본기,21k2B,0.26,96,205,173,25,41,8,0,1,52,19,1,2,22,4,0,44,6,5,1,.237,.335,.301,.636,.305,74.7,-0.52
148,56,허도환,20kC,0.23,52,62,53,2,14,1,0,0,15,5,0,0,6,2,0,15,2,1,0,.264,.361,.283,.644,.314,78.3,0.56
149,57,송민섭,19kRF,0.21,104,64,53,24,16,0,1,0,18,4,0,3,7,2,0,13,0,1,1,.302,.397,.340,.736,.350,110.6,0.31
150,58,박경수,21k2B,0.10,118,280,239,24,46,10,0,9,83,33,0,1,34,3,2,76,7,4,0,.192,.301,.347,.648,.301,72.4,-0.95
151,59,김민혁,22kLF,0.04,64,243,207,30,56,4,1,0,62,23,3,3,22,1,0,35,5,10,3,.271,.339,.300,.639,.294,79.6,0.39
152,60,오태곤,20kLF,-0.01,40,55,50,7,11,1,1,0,14,5,1,0,1,4,0,16,2,0,0,.220,.291,.280,.571,.275,54.0,0.01
153,61,홍현빈,22kRF,-0.03,44,83,68,6,16,2,0,0,18,1,4,0,9,0,0,23,1,6,0,.235,.325,.265,.589,.268,61.8,-0.73
154,62,문상철,21kDH,-0.07,53,105,95,14,20,6,0,2,32,16,2,0,8,2,0,33,1,0,0,.211,.286,.337,.623,.295,67.8,-0.84
155,63,문상철,19k1B,-0.07,33,67,59,8,12,1,0,2,19,7,2,0,4,2,0,26,1,0,2,.203,.269,.322,.591,.274,61.3,-0.28
156,64,정현,18kSS,-0.07,65,132,117,16,31,7,0,2,44,9,3,0,9,0,0,28,3,6,0,.265,.318,.376,.694,.297,63.2,-1.26
157,65,오태곤,19kDH,-0.08,60,192,164,27,36,5,0,2,47,13,10,2,20,4,0,39,4,3,1,.220,.318,.287,.604,.289,70.7,-0.33
158,66,심우준,20kSS,-0.09,144,535,476,58,112,16,3,3,143,51,35,11,37,2,0,98,7,16,4,.235,.291,.300,.591,.271,50.2,-2.65
159,67,심우준,18kSS,-0.09,135,403,367,49,95,23,3,4,136,29,11,11,20,4,1,58,4,11,1,.259,.304,.371,.674,.291,59.5,-0.42
160,68,오태곤,18kLF,-0.10,128,374,342,55,87,17,2,12,144,39,13,8,24,4,0,92,7,3,1,.254,.310,.421,.731,.317,76.5,-0.03
161,69,강민국,21k2B,-0.10,18,50,45,2,11,2,0,0,13,4,0,0,3,0,0,6,1,2,0,.244,.292,.289,.581,.270,50.6,-0.17
162,70,이해창,18kC,-0.15,83,174,162,19,35,4,0,8,63,24,0,3,8,3,0,49,3,1,0,.216,.266,.389,.655,.282,54.5,-0.69
163,71,박승욱,19k1B,-0.15,93,229,209,21,51,3,4,2,68,13,4,1,12,2,0,45,5,6,0,.244,.292,.325,.617,.282,65.2,-1.54
164,72,김민혁,20kLF,-0.16,108,249,222,35,53,5,2,5,77,25,8,4,22,2,0,42,4,2,1,.239,.312,.347,.659,.304,73.1,0.86
165,73,김병희,22k1B,-0.19,31,74,64,6,14,1,0,1,18,6,0,3,6,3,0,22,1,0,1,.219,.311,.281,.592,.287,75.6,-0.27
166,74,김태훈,21kRF,-0.22,44,91,87,6,20,4,1,1,29,6,1,0,2,1,0,19,1,1,0,.230,.256,.333,.589,.271,52.0,0.21
167,75,송민섭,20kRF,-0.24,114,51,41,21,8,1,1,1,14,5,4,3,5,1,0,13,0,3,1,.195,.292,.341,.633,.274,54.1,-0.06
168,76,천성호,20k2B,-0.25,66,77,69,9,14,3,0,0,17,1,1,1,7,1,0,15,0,0,0,.203,.286,.246,.532,.261,44.2,-0.41
169,77,배정대,19kCF,-0.27,66,84,74,15,15,4,0,0,19,6,0,2,7,1,0,23,2,2,0,.203,.281,.257,.537,.256,46.7,-0.70
170,78,이홍구,21kC,-0.43,37,58,55,4,9,0,0,1,12,7,0,0,2,0,1,28,4,0,1,.164,.190,.218,.408,.184,-6.2,-0.48
171,79,신본기,22kSS,-0.48,32,58,56,2,8,1,0,0,9,1,0,0,2,0,0,17,2,0,0,.143,.172,.161,.333,.161,-11.4,-1.05
172,80,강민국,20k2B,-0.52,81,120,107,16,24,3,0,0,27,9,0,1,7,0,0,20,0,6,0,.224,.272,.252,.524,.240,29.7,-0.31
173,81,윤석민,19k1B,-0.67,63,178,169,4,39,4,0,2,49,17,0,0,7,0,0,24,4,0,2,.231,.258,.290,.548,.256,47.6,-1.35
174,82,박경수,22k2B,-0.76,54,95,85,5,10,1,0,0,11,4,0,0,10,0,0,30,3,0,0,.118,.211,.129,.340,.178,1.1,-1.27
175,83,박기혁,18kSS,-0.80,98,196,173,17,37,6,0,1,46,15,1,0,13,2,0,50,8,5,3,.214,.272,.266,.538,.244,28.9,-1.86
176,1,홍창기,21LCF,6.98,144,651,524,103,172,26,2,4,214,52,23,8,110,15,4,95,6,0,2,.328,.456,.408,.865,.417,152.6,4.47
177,2,김현수,20LLF,5.31,142,619,547,98,181,35,2,22,286,119,0,2,63,2,7,53,9,0,7,.331,.397,.523,.920,.407,148.4,5.17
178,3,김현수,18LLF,4.79,117,511,453,95,164,39,2,20,267,101,1,3,47,1,6,61,9,0,10,.362,.415,.589,1.004,.424,155.2,4.23
179,4,채은성,18LRF,4.73,139,578,529,78,175,36,2,25,290,119,3,1,35,9,1,97,12,0,5,.331,.379,.548,.927,.396,137.5,3.44
180,5,오지환,20LSS,4.41,141,591,527,95,158,41,7,10,243,71,20,8,45,9,1,116,4,5,5,.300,.362,.461,.823,.368,119.9,1.21
181,6,라모스,20L1B,4.35,117,494,431,74,120,17,2,38,255,86,2,0,55,4,5,136,7,0,4,.278,.362,.592,.954,.407,153.6,2.45
182,7,이천웅,19LCF,3.98,138,613,546,88,168,24,3,2,204,48,21,10,57,5,1,82,13,4,1,.308,.378,.374,.751,.353,114.3,2.02
183,8,홍창기,20LCF,3.91,135,507,408,87,114,29,6,5,170,39,11,5,83,10,1,87,8,3,3,.279,.411,.417,.827,.384,129.5,2.81
184,9,유강남,18LC,3.68,132,465,425,53,126,33,0,19,216,66,0,0,28,9,1,80,21,2,1,.296,.352,.508,.860,.368,118.7,-0.62
185,10,김현수,19LLF,3.57,140,595,526,75,160,37,0,11,230,82,3,1,54,6,9,52,11,0,9,.304,.370,.437,.807,.366,125.8,3.29
186,11,오지환,19LSS,3.37,134,547,473,63,119,23,5,9,179,53,27,5,57,7,1,113,7,7,3,.252,.339,.378,.717,.330,100.8,0.85
187,12,유강남,19LC,3.35,132,468,418,44,113,22,0,16,183,49,0,0,30,13,2,82,21,1,6,.270,.334,.438,.772,.350,117.0,-0.00
188,13,김현수,21LLF,3.31,140,595,506,70,144,23,1,17,220,97,3,0,77,3,5,42,7,0,9,.285,.377,.435,.811,.375,128.3,3.02
189,14,채은성,19LRF,3.16,128,513,469,59,148,18,1,12,204,72,2,2,24,12,1,66,9,0,8,.316,.359,.435,.794,.364,124.5,-0.31
190,15,이형종,18LCF,3.05,118,485,437,83,138,27,0,13,204,42,6,4,31,12,0,82,6,5,0,.316,.377,.467,.844,.370,117.8,2.16
191,16,이형종,19LLF,2.99,120,482,419,56,120,24,1,13,185,63,6,5,42,10,1,78,9,1,10,.286,.358,.442,.799,.363,125.2,0.34
192,17,김현수,22LLF,2.91,69,300,267,45,79,15,1,13,135,55,2,1,29,4,5,30,3,0,0,.296,.373,.506,.879,.394,157.7,1.64
193,18,유강남,20LC,2.91,137,478,429,51,112,18,0,16,178,74,1,1,32,13,1,84,18,2,2,.261,.330,.415,.745,.337,101.7,0.77
194,19,채은성,21LRF,2.86,110,448,387,59,107,20,0,16,175,82,4,2,38,16,2,80,9,0,7,.276,.359,.452,.812,.373,128.2,2.60
195,20,오지환,18LSS,2.83,144,617,533,93,148,26,2,11,211,71,10,5,59,7,3,146,6,12,6,.278,.354,.396,.750,.329,89.4,2.62
196,21,이형종,20LRF,2.73,81,323,287,41,85,17,2,17,157,50,1,0,27,7,1,61,7,0,2,.296,.368,.547,.916,.401,146.7,0.05
197,22,이천웅,18LLF,2.41,112,405,359,61,122,22,3,2,156,39,10,10,39,3,2,48,11,2,2,.340,.407,.435,.842,.377,119.7,1.65
198,23,오지환,21LSS,2.33,134,532,464,62,118,19,2,8,165,57,12,6,54,5,0,82,11,4,5,.254,.335,.356,.691,.327,93.9,-0.53
199,24,유강남,21LC,2.20,130,441,397,39,100,16,0,11,149,60,2,0,25,14,1,75,11,3,2,.252,.317,.375,.693,.323,93.3,-0.94
200,25,오지환,22LSS,2.12,70,280,250,34,62,9,1,11,106,38,9,2,23,3,2,46,5,3,1,.248,.318,.424,.742,.333,114.9,0.91
201,26,채은성,20LRF,2.08,109,464,416,59,122,17,2,15,188,88,0,3,32,9,1,69,12,0,7,.293,.351,.452,.803,.361,116.9,-0.14
202,27,홍창기,22LRF,2.05,62,292,248,44,76,12,4,1,99,31,4,4,29,10,0,37,4,1,4,.306,.395,.399,.794,.371,134.7,1.71
203,28,박해민,22LCF,1.67,70,305,263,43,74,7,3,2,93,27,14,3,28,5,0,38,3,6,3,.281,.358,.354,.712,.330,106.5,0.47
204,29,김민성,19L3B,1.66,107,401,361,44,94,16,0,8,134,50,2,1,30,4,0,75,12,5,1,.260,.323,.371,.694,.320,94.6,0.43
205,30,가르시아,18L3B,1.53,50,206,183,27,62,9,0,8,95,34,5,0,9,8,0,25,3,0,6,.339,.384,.519,.903,.388,131.4,0.32
206,31,채은성,22L1B,1.45,58,244,216,20,64,13,1,4,91,36,2,3,14,9,0,34,5,0,5,.296,.357,.421,.778,.358,128.8,0.01
207,32,박용택,18LDH,1.38,134,583,524,89,159,38,1,15,244,76,3,3,47,5,0,107,21,0,7,.303,.362,.466,.828,.362,112.7,2.63
208,33,문성주,22LDH,1.37,43,162,132,20,44,9,2,2,63,17,6,4,23,2,1,19,5,4,1,.333,.437,.477,.914,.409,162.5,0.93
209,34,양석환,18L3B,1.37,140,519,483,53,127,27,0,22,220,82,2,2,24,6,0,81,9,1,5,.263,.303,.455,.759,.324,89.6,0.37
210,35,문보경,22L3B,1.24,56,188,169,18,49,9,0,3,67,20,1,0,16,1,0,28,3,0,2,.290,.351,.396,.748,.347,121.1,-0.07
211,36,페게로,19L1B,1.22,52,214,199,24,57,10,0,9,94,44,2,1,12,2,0,63,2,0,1,.286,.332,.472,.804,.364,127.3,1.80
212,37,유강남,22LC,1.11,68,245,214,33,53,10,0,2,69,23,0,0,24,4,1,52,5,2,1,.248,.333,.322,.656,.309,93.8,0.51
213,38,문보경,21L1B,1.06,107,329,278,37,64,11,1,8,101,39,3,1,46,0,1,64,5,3,2,.230,.337,.363,.701,.329,97.1,0.79
214,39,김민성,20L3B,0.96,87,333,297,29,79,20,0,5,114,47,2,1,24,4,2,66,8,4,4,.266,.325,.384,.709,.319,87.8,-0.30
215,40,이재원,22LDH,0.94,32,113,100,15,26,2,2,7,53,25,1,1,8,5,2,36,1,0,0,.260,.345,.530,.875,.387,153.7,0.40
216,41,이형종,21LDH,0.93,90,281,239,32,52,11,0,10,93,34,3,1,34,7,1,65,10,1,0,.218,.332,.389,.721,.338,104.8,-2.58
217,42,조셉,19L1B,0.91,55,217,197,17,54,3,0,9,84,36,0,1,14,4,0,46,3,0,2,.274,.332,.426,.758,.347,115.6,0.07
218,43,정주현,18L2B,0.85,115,339,303,48,79,14,2,6,115,31,18,3,27,2,0,68,9,6,1,.261,.324,.380,.704,.310,76.9,1.63
219,44,김민성,21L3B,0.83,121,426,360,35,80,22,0,8,126,39,3,3,42,8,2,73,7,11,5,.222,.313,.350,.663,.305,80.7,-0.60
220,45,서건창,21L2B,0.76,68,267,235,33,58,12,1,2,78,24,6,0,24,3,0,34,5,4,1,.247,.323,.332,.655,.310,82.1,-0.29
221,46,라모스,21L1B,0.58,51,205,185,14,45,7,1,8,78,25,0,0,18,2,0,43,2,0,0,.243,.317,.422,.739,.341,107.1,-0.15
222,47,이천웅,20LCF,0.58,89,359,312,44,80,11,2,3,104,36,8,5,35,4,0,44,7,2,6,.256,.333,.333,.667,.313,81.7,-0.87
223,48,정주현,21L2B,0.43,73,214,181,26,43,7,1,3,61,10,3,3,24,0,0,32,4,9,0,.238,.327,.337,.664,.306,79.7,-0.70
224,49,박용택,20LDH,0.39,97,236,217,22,65,15,0,2,86,35,2,0,15,0,1,34,7,0,4,.300,.339,.396,.735,.335,97.2,0.08
225,50,박용택,19LDH,0.34,64,215,195,19,55,9,0,1,67,22,3,1,18,0,1,30,3,0,2,.282,.340,.344,.683,.321,92.7,-0.85
226,51,서상우,18L,0.32,51,84,69,10,20,0,0,2,26,14,0,1,12,1,0,18,1,0,2,.290,.393,.377,.770,.354,106.5,-0.01
227,52,이영빈,21L1B,0.27,72,169,148,21,36,9,0,2,51,16,6,3,15,3,0,51,1,2,1,.243,.323,.345,.668,.316,86.6,0.22
228,53,이재원,21LRF,0.25,62,171,154,22,38,6,0,5,59,17,5,1,14,2,0,48,2,0,1,.247,.316,.383,.699,.327,96.4,-0.60
229,54,양석환,20L3B,0.18,40,132,118,8,29,5,0,3,43,13,0,0,10,2,0,25,1,2,0,.246,.315,.364,.680,.310,82.6,-0.75
230,55,이상호,21L2B,0.11,45,68,65,5,20,2,0,0,22,12,2,1,1,0,0,10,2,2,0,.308,.318,.338,.657,.303,75.4,0.01
231,56,전민수,19L,0.08,75,105,95,8,23,7,0,0,30,8,2,1,9,0,0,18,4,1,0,.242,.308,.316,.624,.294,74.1,-0.03
232,57,송찬의,22L2B,0.08,28,70,64,6,14,3,0,2,23,8,2,1,2,3,0,21,0,0,1,.219,.271,.359,.631,.291,84.4,-0.38
233,58,정주현,20L2B,0.04,134,371,328,50,81,10,4,4,111,30,8,7,29,3,0,63,6,9,2,.247,.312,.338,.651,.297,71.1,-0.59
234,59,이천웅,21LCF,0.03,68,211,181,20,36,7,0,2,49,16,3,2,25,3,0,23,11,1,1,.199,.305,.271,.576,.284,65.2,-0.82
235,60,정주현,19L2B,0.01,129,425,376,53,87,19,2,2,116,27,15,6,31,1,0,91,10,16,1,.231,.291,.309,.600,.273,60.1,-0.98
236,61,김호은,20L1B,0.00,69,112,103,12,25,5,0,2,36,11,0,0,7,2,0,14,2,0,0,.243,.304,.350,.653,.303,77.5,0.74
237,62,장준원,20L3B,0.00,46,68,60,10,13,3,0,1,19,6,0,0,6,0,0,7,2,1,1,.217,.284,.317,.600,.275,58.5,-0.04
238,63,이성우,20LC,-0.00,72,88,77,7,18,1,0,3,28,11,0,0,6,0,0,14,3,5,0,.234,.289,.364,.653,.282,64.4,-0.28
239,64,신민재,19L2B,-0.01,81,93,80,25,19,3,0,0,22,5,10,8,8,3,0,17,0,1,1,.238,.326,.275,.601,.291,72.2,-0.18
240,65,서건창,22L2B,-0.04,47,151,137,24,29,7,0,1,39,11,5,1,10,1,0,25,5,2,1,.212,.269,.285,.553,.259,58.9,-1.22
241,66,정상호,18LC,-0.05,70,128,112,11,25,4,0,1,32,9,0,1,8,5,0,35,3,3,0,.223,.304,.286,.590,.272,50.4,-1.22
242,67,김용의,20L1B,-0.05,101,75,70,28,19,1,1,1,25,12,7,3,3,0,0,15,2,1,1,.271,.297,.357,.654,.295,69.6,0.06
243,68,정근우,20L2B,-0.10,72,177,154,23,37,4,0,1,44,14,7,2,17,2,1,23,4,3,1,.240,.322,.286,.608,.287,64.4,0.10
244,69,문성주,21LLF,-0.13,31,89,79,11,18,1,0,1,22,10,1,1,7,2,0,15,1,0,1,.228,.303,.278,.582,.286,65.3,-0.68
245,70,김용의,19L1B,-0.18,114,210,179,35,39,5,3,0,50,17,8,3,24,2,1,38,1,4,1,.218,.316,.279,.595,.282,65.1,-0.35
246,71,루이즈,22L3B,-0.21,27,94,84,10,13,4,1,1,22,6,1,0,9,0,0,13,5,0,1,.155,.234,.262,.496,.235,42.8,-0.90
247,72,김재성,21LC,-0.23,58,73,65,6,9,2,1,1,16,3,1,0,5,1,0,13,2,1,1,.138,.208,.246,.455,.214,18.1,-0.74
248,73,구본혁,19L3B,-0.28,57,95,85,10,15,1,0,1,19,6,2,1,6,2,0,17,0,1,1,.176,.245,.224,.468,.226,29.0,-0.53
249,74,김민성,22L3B,-0.30,48,103,93,9,19,3,0,0,22,8,0,1,6,1,0,18,1,3,0,.204,.260,.237,.497,.234,40.2,-0.38
250,75,윤진호,18L2B,-0.31,102,61,53,13,11,3,0,0,14,4,0,1,2,2,0,14,2,4,0,.208,.263,.264,.527,.230,22.0,-0.81
251,76,임훈,18LLF,-0.32,54,88,83,10,19,3,0,2,28,7,0,0,3,0,0,15,3,2,0,.229,.256,.337,.593,.256,41.5,-0.44
252,77,이성우,19LC,-0.33,54,74,64,2,10,3,0,0,13,6,0,0,4,3,0,11,2,3,0,.156,.239,.203,.443,.212,18.9,-0.26
253,78,박지규,18L2B,-0.37,26,53,47,6,8,2,0,1,13,5,2,0,3,0,0,17,2,2,1,.170,.216,.277,.492,.210,11.0,-0.38
254,79,구본혁,20L3B,-0.42,125,98,86,20,14,0,1,1,19,7,0,0,7,2,0,18,2,3,0,.163,.242,.221,.463,.220,19.9,-0.22
255,80,보어,21L1B,-0.43,32,117,100,7,17,2,0,3,28,17,0,0,11,3,0,30,2,0,3,.170,.265,.280,.545,.263,52.8,-0.23
256,81,강승호,18L2B,-0.63,32,109,94,4,18,4,0,1,25,10,1,1,9,2,0,30,1,3,1,.191,.274,.266,.540,.246,33.8,-0.43
257,82,안익훈,18LCF,-0.70,62,135,123,13,27,4,0,0,31,10,0,1,8,1,0,12,4,2,1,.220,.271,.252,.523,.242,29.6,0.09
258,83,윤진호,19L3B,-0.71,105,62,59,6,6,2,0,1,11,5,1,1,1,0,0,13,0,2,0,.102,.117,.186,.303,.133,-33.5,-0.88
259,84,김용의,18L1B,-0.85,114,185,159,28,37,2,0,0,39,13,10,1,16,0,1,32,1,7,3,.233,.298,.245,.543,.248,33.0,-0.84
260,1,양의지,19NC,6.69,118,459,390,61,138,26,0,20,224,68,4,3,48,15,4,43,13,0,6,.354,.438,.574,1.012,.452,179.8,1.88
261,2,양의지,20NC,6.00,130,528,461,86,151,26,1,33,278,124,5,2,46,14,7,47,11,1,6,.328,.400,.603,1.003,.432,154.3,3.68
262,3,양의지,21NDH,5.74,141,570,480,81,156,29,2,30,279,111,2,1,69,11,5,60,12,0,10,.325,.414,.581,.995,.443,165.4,5.64
263,4,나성범,20NDH,5.18,130,584,525,115,170,37,2,34,313,112,3,1,49,9,2,148,6,0,1,.324,.390,.596,.987,.430,153.5,4.30
264,5,알테어,21NCF,4.91,143,565,492,83,134,19,2,32,253,84,20,5,57,11,2,156,6,0,5,.272,.358,.514,.872,.393,132.0,2.11
265,6,박민우,19N2B,4.72,125,526,468,89,161,23,8,1,203,45,18,7,41,9,1,40,10,2,6,.344,.403,.434,.836,.387,135.8,1.68
266,7,나성범,18NRF,4.51,144,620,556,110,177,36,3,23,288,91,15,2,44,15,4,131,11,0,5,.318,.381,.518,.899,.387,126.6,4.73
267,8,박민우,20N2B,4.47,126,530,467,82,161,27,5,8,222,63,13,6,36,15,2,48,12,2,10,.345,.402,.475,.877,.396,132.6,1.46
268,9,알테어,20NCF,4.43,136,546,482,90,134,20,7,31,261,108,22,3,46,12,3,149,10,0,6,.278,.352,.541,.893,.387,124.7,2.78
269,10,박석민,20N3B,4.06,123,448,356,58,109,15,0,14,166,63,0,1,75,10,2,62,11,2,4,.306,.436,.466,.902,.411,142.6,2.64
270,11,나성범,21NRF,3.91,144,623,570,96,160,29,1,33,290,101,1,2,38,11,2,155,5,0,4,.281,.336,.509,.844,.380,124.1,3.13
271,12,노진혁,20NSS,3.31,132,484,427,70,117,22,3,20,205,82,0,4,49,5,3,106,8,3,0,.274,.356,.480,.836,.370,114.4,1.41
272,13,박석민,19N3B,3.31,112,444,360,49,96,17,1,19,172,74,1,2,65,12,2,69,17,4,3,.267,.393,.478,.871,.393,139.3,1.42
273,14,박민우,18N2B,2.93,115,460,411,68,133,22,5,5,180,33,17,5,32,10,3,51,4,3,4,.324,.383,.438,.821,.363,112.9,0.96
274,15,노진혁,21NSS,2.90,107,384,330,41,95,22,0,8,141,58,1,1,42,5,0,90,3,4,3,.288,.374,.427,.801,.372,120.4,0.75
275,16,노진혁,19NSS,2.39,110,390,348,51,92,23,2,13,158,43,0,1,31,2,2,80,7,6,3,.264,.326,.454,.780,.345,107.2,-0.48
276,17,마티니,22NLF,2.38,68,283,248,27,73,19,1,10,124,44,2,1,27,4,3,47,5,0,4,.294,.368,.500,.868,.388,145.5,0.41
277,18,모창민,19N1B,2.04,101,386,341,49,104,21,2,10,159,55,3,2,31,3,1,62,8,0,11,.305,.358,.466,.824,.371,124.4,0.47
278,19,권희동,20NRF,1.98,123,426,346,67,90,16,0,12,142,50,3,0,58,11,0,72,6,6,5,.260,.379,.410,.789,.360,109.3,1.68
279,20,손아섭,22NRF,1.96,69,305,273,33,86,20,2,4,122,24,3,3,25,2,1,40,0,0,5,.315,.371,.447,.817,.373,137.3,1.78
280,21,강진성,20N1B,1.81,121,432,395,53,122,25,0,12,183,70,9,1,20,9,0,46,11,2,6,.309,.351,.463,.815,.364,112.0,0.78
281,22,박건우,22NCF,1.76,49,194,169,20,56,10,0,3,75,30,0,3,18,4,0,26,4,0,3,.331,.402,.444,.846,.391,149.9,0.22
282,23,노진혁,18N3B,1.70,125,458,420,52,119,21,4,11,181,42,4,3,33,2,0,92,8,1,2,.283,.337,.431,.768,.337,95.1,0.72
283,24,이명기,20NLF,1.70,136,540,477,82,146,18,3,2,176,45,12,7,50,4,0,78,6,5,4,.306,.374,.369,.743,.347,101.8,1.00
284,25,나성범,19NCF,1.54,23,106,93,19,34,12,1,4,60,14,2,1,12,1,0,26,2,0,0,.366,.443,.645,1.089,.483,201.0,0.52
285,26,양의지,22NC,1.52,60,238,199,26,49,11,0,8,84,35,1,0,28,8,4,28,8,0,3,.246,.357,.422,.779,.354,121.6,-0.13
286,27,스크럭스,18N1B,1.41,142,571,501,75,129,35,0,26,242,97,3,2,55,12,2,144,14,0,3,.257,.343,.483,.826,.355,103.4,2.57
287,28,이명기,21NLF,1.38,56,232,191,30,56,12,0,2,74,14,5,3,37,1,0,27,2,3,0,.293,.411,.387,.798,.381,126.6,1.03
288,29,권희동,19NRF,1.33,116,413,348,37,89,17,0,6,124,41,3,0,50,7,1,60,10,5,3,.256,.358,.356,.714,.334,100.0,0.18
289,30,권희동,21NLF,1.32,55,171,133,25,35,3,0,8,62,26,2,0,29,5,1,24,4,1,3,.263,.406,.466,.872,.400,136.7,0.63
290,31,박석민,21N3B,1.32,59,205,171,27,44,8,0,10,82,41,0,0,27,2,1,43,8,3,2,.257,.361,.480,.841,.377,121.5,0.01
291,32,이명기,19NRF,1.18,59,245,219,25,67,7,1,1,79,15,10,1,20,0,1,25,8,4,2,.306,.361,.361,.722,.334,99.5,-0.43
292,33,김성욱,18NCF,1.04,111,358,323,49,84,13,2,13,140,45,11,2,29,1,0,64,10,2,3,.260,.320,.433,.754,.326,86.0,0.42
293,34,모창민,18N3B,0.95,81,314,287,38,80,10,1,17,143,62,2,3,21,2,0,51,10,0,4,.279,.328,.498,.826,.351,101.4,1.70
294,35,권희동,18NLF,0.92,104,391,343,43,97,19,1,8,142,57,1,3,35,4,2,58,5,5,4,.283,.352,.414,.766,.335,92.3,1.78
295,36,박석민,18NDH,0.91,103,375,318,40,81,14,1,16,145,55,1,0,39,15,4,80,11,0,3,.255,.360,.456,.816,.354,103.4,1.51
296,37,노진혁,22NSS,0.90,46,169,149,17,36,8,0,5,59,21,0,0,19,0,0,44,6,0,1,.242,.325,.396,.721,.334,108.4,-0.94
297,38,박민우,21N2B,0.83,50,215,180,30,47,5,3,1,61,18,12,3,22,7,0,23,4,4,2,.261,.360,.339,.699,.333,94.8,-0.50
298,39,최정원,21N2B,0.80,72,238,212,40,60,4,2,0,68,8,10,7,18,4,0,40,0,4,0,.283,.350,.321,.671,.322,88.4,-0.60
299,40,김주원,21NSS,0.73,69,189,166,20,40,7,1,5,64,16,6,2,17,2,0,57,5,2,2,.241,.316,.386,.701,.324,87.8,-0.58
300,41,김기환,22NCF,0.65,51,114,97,21,24,5,1,0,31,5,12,1,12,2,0,30,0,2,1,.247,.339,.320,.659,.310,94.0,-0.65
301,42,김성욱,19NCF,0.65,116,333,287,38,66,16,1,9,111,36,6,4,29,3,1,69,4,9,5,.230,.303,.387,.689,.306,80.5,-0.28
302,43,스몰린스키,19NRF,0.64,55,228,205,32,47,14,1,9,90,42,3,1,16,5,0,31,7,0,2,.229,.298,.439,.737,.332,98.5,0.78
303,44,김형준,20NC,0.63,44,82,72,12,22,1,0,3,32,11,0,0,10,0,0,21,1,0,0,.306,.390,.444,.835,.384,124.9,-0.17
304,45,김태군,21NC,0.63,102,276,232,23,51,7,0,7,79,24,0,1,21,11,0,30,4,9,3,.220,.311,.341,.651,.301,72.8,-0.39
305,46,김태군,20NC,0.53,80,131,113,16,33,6,0,1,42,18,0,0,6,4,0,14,3,7,1,.292,.347,.372,.719,.318,82.6,0.29
306,47,김태진,19NLF,0.53,123,399,374,44,103,14,5,5,142,46,12,4,16,1,0,67,3,5,3,.275,.305,.380,.684,.311,83.6,-1.28
307,48,베탄코트,19NRF,0.51,53,224,203,23,50,8,0,8,82,29,1,1,18,1,0,51,1,0,2,.246,.308,.404,.712,.326,93.5,-1.58
308,49,이원재,18NLF,0.47,77,150,138,12,42,10,0,5,67,19,0,2,10,0,0,33,3,0,2,.304,.347,.486,.832,.359,107.4,-0.17
309,50,박민우,22N2B,0.46,41,183,165,17,40,12,0,1,55,11,6,2,13,3,2,23,2,1,1,.242,.308,.333,.641,.296,83.8,-0.17
310,51,박준영,21N3B,0.43,111,315,273,37,57,7,2,8,92,31,4,3,27,10,0,92,9,3,2,.209,.301,.337,.638,.302,73.0,-2.04
311,52,서호철,22N3B,0.40,55,154,140,22,32,7,0,2,45,12,3,1,9,3,0,30,4,2,0,.229,.290,.321,.611,.285,75.9,-1.12
312,53,손시헌,19NSS,0.38,68,149,135,17,36,4,1,2,48,10,1,2,5,5,0,23,2,4,0,.267,.317,.356,.673,.308,81.5,-0.79
313,54,김찬형,19NSS,0.36,76,154,141,16,39,4,2,1,50,12,3,4,6,4,0,21,1,2,1,.277,.322,.355,.677,.313,85.3,-0.31
314,55,김주원,22NSS,0.35,28,88,77,10,17,2,1,3,30,9,0,1,7,2,0,30,2,2,0,.221,.302,.390,.692,.313,94.0,-1.20
315,56,이우성,19NLF,0.35,28,81,71,12,19,3,0,3,31,12,0,0,7,0,0,18,1,1,2,.268,.325,.437,.762,.340,102.8,-0.45
316,57,모창민,20N1B,0.34,62,149,136,10,41,10,2,2,61,13,0,0,8,1,1,22,5,2,2,.301,.340,.449,.789,.347,100.2,0.45
317,58,박준영,22N3B,0.29,35,131,112,12,22,4,0,3,35,10,4,1,16,1,0,31,1,2,0,.196,.302,.313,.615,.290,77.9,-0.46
318,59,김찬형,20NSS,0.26,56,72,64,10,19,6,0,0,25,7,3,1,4,1,0,11,0,2,1,.297,.343,.391,.734,.329,89.7,0.17
319,60,강진성,19NLF,0.19,41,104,97,11,24,4,1,2,36,14,2,1,3,4,0,20,6,0,0,.247,.298,.371,.669,.311,83.5,0.18
320,61,강진성,21N1B,0.19,124,462,406,49,101,20,0,7,142,38,9,3,36,14,2,68,12,4,2,.249,.330,.350,.679,.321,86.9,-1.32
321,62,이원재,19N1B,0.17,94,285,256,31,66,11,0,8,101,36,1,2,20,1,0,47,5,5,3,.258,.311,.395,.705,.318,88.5,-0.51
322,63,윤형준,21N1B,0.15,51,81,74,10,22,0,0,5,37,10,0,1,3,0,0,17,2,3,1,.297,.321,.500,.821,.355,107.4,-0.59
323,64,전민수,21N,0.15,71,109,98,12,25,3,0,3,37,16,0,0,11,0,1,23,2,0,0,.255,.330,.378,.708,.331,92.6,0.43
324,65,권희동,22NRF,0.13,27,94,85,8,21,2,1,1,28,9,0,0,8,0,0,13,1,1,0,.247,.312,.329,.641,.300,86.4,0.03
325,66,정현,21N2B,0.12,56,120,96,9,22,3,1,0,27,7,0,1,14,4,0,20,6,6,0,.229,.351,.281,.632,.302,74.6,-0.33
326,67,최준석,18NDH,0.09,93,179,153,7,39,3,0,4,54,24,0,0,24,0,0,41,6,0,2,.255,.352,.353,.705,.324,84.5,-0.11
327,68,김찬형,18NSS,0.01,63,160,142,24,33,5,0,1,41,9,4,1,8,8,0,28,1,1,1,.232,.308,.289,.597,.280,55.5,-0.52
328,69,정진기,21NLF,0.01,86,199,186,27,43,8,0,6,69,21,6,3,10,1,0,37,2,2,0,.231,.274,.371,.645,.296,69.3,-0.17
329,70,김형준,19NC,-0.00,55,119,107,13,24,5,0,2,35,9,0,0,8,0,0,24,1,4,0,.224,.278,.327,.605,.274,58.5,-1.08
330,71,지석훈,20N3B,-0.03,87,142,121,22,25,8,0,1,36,12,1,0,15,2,0,33,4,2,2,.207,.300,.298,.598,.281,57.8,-0.86
331,72,지석훈,19N3B,-0.07,76,169,149,15,34,9,0,2,49,15,0,1,10,6,1,37,6,2,2,.228,.299,.329,.628,.290,69.9,0.44
332,73,도태훈,21N3B,-0.09,77,76,66,10,12,1,0,1,16,9,1,0,6,4,0,14,3,0,0,.182,.290,.242,.532,.269,52.4,-0.57
333,74,이원재,20N1B,-0.09,73,146,132,15,34,5,2,4,55,17,1,0,11,0,1,26,3,2,1,.258,.313,.417,.729,.321,82.5,-0.45
334,75,김준완,20NRF,-0.10,45,75,65,8,14,1,0,1,18,5,0,0,10,0,0,9,3,0,0,.215,.320,.277,.597,.292,65.2,-0.29
335,76,윤여운,18NC,-0.13,44,79,73,8,14,6,0,1,23,8,0,0,5,0,0,21,1,1,0,.192,.244,.315,.559,.245,32.0,-0.25
336,77,김성욱,20NRF,-0.14,104,225,195,32,43,4,1,8,73,26,12,5,17,4,0,40,0,7,2,.221,.294,.374,.668,.295,65.5,-0.13
337,78,손시헌,18NSS,-0.16,67,150,128,12,24,4,0,2,34,14,2,0,15,5,0,20,3,1,1,.188,.295,.266,.561,.266,45.2,-0.22
338,79,이명기,22NLF,-0.18,38,151,134,9,31,7,1,0,40,8,2,2,10,2,0,27,3,3,2,.231,.291,.299,.589,.273,68.7,-0.80
339,80,박준영,20NSS,-0.18,32,51,46,4,7,4,0,0,11,3,1,0,2,3,0,17,2,0,0,.152,.235,.239,.474,.230,24.6,-0.25
340,81,이상호,19N2B,-0.19,102,256,234,30,65,7,0,0,72,12,10,5,9,2,0,22,10,8,3,.278,.307,.308,.614,.281,63.9,-1.34
341,82,도태훈,22N3B,-0.23,45,103,87,9,19,4,0,2,29,7,0,0,6,1,0,15,5,7,2,.218,.271,.333,.604,.260,58.3,-1.17
342,83,김응민,22NC,-0.33,27,62,54,6,7,1,0,1,11,4,0,0,3,2,0,8,2,2,1,.130,.200,.204,.404,.190,9.6,-0.48
343,84,박대온,22NC,-0.35,18,54,50,3,7,3,0,0,10,4,0,0,0,2,0,15,2,1,1,.140,.170,.200,.370,.171,-1.9,-0.74
344,85,김기환,21NLF,-0.35,62,149,140,19,29,7,2,3,49,13,15,4,8,0,0,45,1,1,0,.207,.250,.350,.600,.275,55.2,-0.39
345,86,이원재,21N1B,-0.36,31,69,65,3,15,2,0,0,17,7,1,0,1,1,0,11,1,1,1,.231,.250,.262,.512,.241,34.8,-0.56
346,87,박대온,21NC,-0.38,42,95,85,4,18,1,0,0,19,5,0,0,4,0,0,21,0,4,2,.212,.242,.224,.465,.216,18.3,-0.60
347,88,강진성,18NLF,-0.38,45,75,68,5,16,3,0,0,19,1,0,0,4,0,0,17,3,2,1,.235,.274,.279,.553,.248,35.2,-1.00
348,89,김형준,18NC,-0.45,60,89,81,6,13,1,0,0,14,2,0,0,7,1,0,32,3,0,0,.160,.236,.173,.409,.204,5.5,-0.99
349,90,김태진,20N3B,-0.47,37,88,83,10,18,1,1,1,24,6,2,2,4,0,0,22,0,1,0,.217,.253,.289,.542,.249,36.7,0.03
350,91,오영수,22N1B,-0.60,40,122,111,7,21,6,0,1,30,11,0,3,9,1,0,33,1,0,1,.189,.254,.270,.524,.249,51.4,-0.53
351,92,이우성,18NLF,-0.62,40,133,119,11,23,6,0,2,35,13,0,2,10,2,0,39,4,1,1,.193,.265,.294,.559,.254,37.7,-0.68
352,93,지석훈,18NSS,-0.64,67,105,94,9,17,2,0,1,22,8,1,0,8,0,0,20,2,0,3,.181,.238,.234,.472,.219,15.1,-0.10
353,94,정범모,18NC,-0.65,103,219,190,20,34,9,0,4,55,18,1,0,15,4,0,62,4,7,3,.179,.250,.289,.540,.237,26.1,-1.49
354,95,이상호,20N2B,-0.69,82,65,61,18,8,1,0,0,9,4,6,4,3,0,0,5,2,1,0,.131,.172,.148,.319,.155,-24.0,-0.64
355,96,이종욱,18NLF,-0.71,43,128,122,12,28,7,0,1,38,8,1,1,4,0,0,16,2,1,1,.230,.252,.311,.563,.249,35.1,-0.21
356,97,이상호,18N2B,-0.73,114,204,187,32,47,2,0,0,49,8,13,5,8,2,0,15,8,7,0,.251,.289,.262,.551,.251,37.3,-1.23
357,1,최정,21S3B,6.14,134,555,436,92,121,17,1,35,245,100,8,6,84,22,3,102,9,1,12,.278,.410,.562,.972,.431,155.9,5.40
358,2,한유섬,21SRF,3.90,135,519,442,71,123,18,1,31,236,95,1,0,60,10,4,96,11,1,6,.278,.373,.534,.907,.404,138.6,1.99
359,3,추신수,21SDH,3.89,137,580,461,84,122,19,2,21,208,69,25,9,103,12,4,123,8,0,4,.265,.409,.451,.860,.400,137.4,4.59
360,4,박성한,21SSS,3.34,135,471,407,53,123,21,1,4,158,44,12,5,49,1,0,73,1,12,2,.302,.377,.388,.765,.356,110.3,1.40
361,5,최지훈,22SCF,2.88,71,312,272,47,85,17,3,4,120,26,15,3,27,5,0,43,3,6,2,.313,.382,.441,.824,.373,135.9,1.79
362,6,최정,22S3B,2.71,59,240,198,42,58,8,0,10,96,42,5,0,32,6,0,50,3,0,4,.293,.400,.485,.885,.403,152.2,1.39
363,7,최주환,21S2B,2.36,116,470,406,50,104,16,0,18,174,67,2,1,53,9,4,84,7,0,2,.256,.353,.429,.782,.361,111.2,-0.51
364,8,박성한,22SSS,2.27,68,270,237,35,73,6,2,2,89,25,6,5,31,1,0,41,2,1,0,.308,.390,.376,.766,.362,128.2,1.09
365,9,최지훈,21SCF,2.12,136,534,461,75,121,19,6,5,167,45,26,6,51,8,0,71,6,8,6,.262,.342,.362,.705,.330,93.8,-0.19
366,10,한유섬,22SRF,2.03,67,275,237,33,66,20,1,9,115,55,0,0,28,8,6,68,2,0,2,.278,.371,.485,.856,.382,138.8,1.47
367,11,김성현,21S2B,1.65,110,274,237,27,67,15,0,6,100,37,5,2,29,0,0,29,8,4,4,.283,.356,.422,.778,.357,109.8,1.24
368,12,이재원,21SC,1.50,107,313,271,29,76,13,0,3,98,30,0,2,29,5,4,47,14,6,2,.280,.358,.362,.720,.334,95.2,0.18
369,13,추신수,22SDH,1.19,61,272,218,41,55,9,0,5,79,28,6,3,45,8,1,53,3,0,1,.252,.397,.362,.759,.363,126.4,0.91
370,14,로맥,21S1B,1.13,107,421,355,55,80,11,0,20,151,52,1,0,59,4,1,83,9,0,3,.225,.340,.425,.765,.354,105.5,-0.59
371,15,전의산,22S1B,1.00,14,58,53,11,20,8,1,3,39,15,0,0,5,0,0,11,0,0,0,.377,.431,.736,1.167,.512,229.6,0.78
372,16,김강민,21SCF,0.88,122,260,223,43,53,12,1,8,91,27,3,3,25,6,1,52,3,3,3,.238,.327,.408,.735,.336,95.1,-0.65
373,17,오태곤,21S1B,0.81,122,253,235,47,63,10,0,9,100,35,9,4,14,2,0,52,4,1,1,.268,.314,.426,.739,.339,97.0,-0.33
374,18,이흥련,21SC,0.60,90,146,127,15,30,3,0,3,42,14,0,0,12,5,0,31,4,2,0,.236,.326,.331,.657,.314,80.7,-0.02
375,19,김민식,22SC,0.56,32,86,68,12,20,3,1,0,25,10,0,0,13,1,1,10,1,3,1,.294,.410,.368,.777,.353,123.2,0.02
376,20,이현석,21SC,0.39,39,89,79,7,21,5,0,4,38,19,0,0,4,1,0,29,0,3,2,.266,.302,.481,.783,.338,95.1,-0.14
377,21,이정범,21SLF,0.36,19,66,59,8,15,4,0,3,28,9,0,0,7,0,0,15,1,0,0,.254,.333,.475,.808,.368,115.6,-0.13
378,22,김강민,22SCF,0.35,33,89,80,8,23,6,0,0,29,7,1,3,7,1,0,12,1,0,1,.288,.348,.363,.711,.334,108.3,-0.05
379,23,크론,22S1B,0.23,59,244,229,21,53,13,1,11,101,35,0,0,8,3,0,60,3,0,4,.231,.262,.441,.703,.313,91.2,-0.50
380,24,최항,21S2B,0.22,34,79,69,5,19,2,1,0,23,7,1,0,6,2,1,16,4,1,1,.275,.346,.333,.680,.319,86.6,-0.25
381,25,하재훈,22SLF,0.19,26,56,52,7,11,2,1,3,24,7,1,0,2,1,0,19,0,0,1,.212,.250,.462,.712,.313,92.0,-0.23
382,26,오준혁,21SDH,-0.00,26,50,46,7,10,2,0,2,18,5,0,0,4,0,0,15,2,0,0,.217,.280,.391,.671,.309,76.5,-0.18
383,27,김찬형,21S2B,-0.00,71,135,110,18,22,6,0,2,34,6,0,0,14,3,0,27,1,8,0,.200,.307,.309,.616,.282,60.2,-0.19
384,28,오준혁,22SRF,-0.07,34,55,50,3,12,1,0,0,13,2,0,0,4,0,0,12,3,1,0,.240,.296,.260,.556,.265,60.5,-0.36
385,29,오태곤,22SLF,-0.08,68,187,171,22,39,10,0,1,52,14,7,1,9,4,1,43,2,2,1,.228,.281,.304,.585,.271,64.4,-0.07
386,30,고종욱,21SLF,-0.12,88,199,180,25,48,5,0,2,59,18,2,3,16,0,0,30,6,1,2,.267,.323,.328,.651,.311,80.0,0.00
387,31,정의윤,21SLF,-0.13,62,178,165,21,38,2,0,7,61,24,0,0,11,0,1,37,5,0,2,.230,.275,.370,.645,.295,67.3,-0.04
388,32,이흥련,22SC,-0.17,22,55,45,4,6,2,0,0,8,1,0,0,5,2,0,22,2,3,0,.133,.250,.178,.428,.209,20.8,-0.48
389,33,이재원,22SC,-0.17,46,125,113,9,23,3,0,0,26,12,1,0,5,4,0,25,6,2,1,.204,.260,.230,.490,.235,39.9,-0.62
390,34,최주환,22S2B,-0.47,46,159,143,14,23,5,2,2,38,19,0,0,12,2,1,26,3,0,2,.161,.233,.266,.498,.232,39.3,-0.70
391,35,김성현,22S2B,-0.97,64,159,134,13,25,2,1,0,29,14,0,2,11,1,0,16,9,11,2,.187,.250,.216,.466,.212,25.3,-0.47
392,1,최정,19S3B,6.32,141,606,503,86,147,27,0,29,261,99,3,2,69,26,6,92,4,0,8,.292,.399,.519,.918,.411,148.9,3.85
393,2,최정,20S3B,4.92,133,553,452,90,122,22,0,33,243,96,8,3,75,20,1,98,7,0,6,.270,.392,.538,.930,.409,138.8,4.52
394,3,로맥,18S1B,4.78,141,616,528,102,167,19,0,43,315,107,10,5,72,10,0,123,7,0,6,.316,.404,.597,1.001,.422,144.1,3.95
395,4,로맥,20S1B,4.38,139,586,485,85,137,32,0,32,265,91,4,2,91,6,5,116,5,0,4,.282,.399,.546,.946,.414,142.7,4.31
396,5,이재원,18SC,4.21,130,471,407,63,134,24,0,17,209,57,0,0,43,12,0,65,13,4,5,.329,.405,.514,.918,.397,130.6,2.10
397,6,로맥,19S1B,4.02,137,589,504,86,139,28,1,29,256,95,6,3,73,6,3,117,11,0,6,.276,.370,.508,.878,.393,136.7,1.09
398,7,한유섬,18SRF,3.53,136,562,486,97,138,31,0,41,292,115,4,2,52,16,3,124,10,0,8,.284,.367,.601,.967,.399,129.8,4.03
399,8,최정,18S3B,3.52,115,489,406,95,99,16,1,35,222,74,9,2,58,23,2,129,10,0,2,.244,.368,.547,.915,.385,120.3,2.50
400,9,노수광,18SCF,3.03,135,588,515,93,161,21,8,8,222,53,25,4,48,13,0,86,3,9,3,.313,.383,.431,.815,.360,107.9,3.46
401,10,이재원,19SC,2.66,139,502,451,33,121,19,0,12,176,75,1,0,34,9,2,59,16,1,7,.268,.327,.390,.718,.330,95.9,0.43
402,11,고종욱,19SLF,2.26,137,513,492,76,159,25,7,3,207,56,31,10,18,1,1,89,5,0,2,.323,.347,.421,.768,.353,115.5,1.73
403,12,한유섬,19SRF,2.11,125,502,427,52,113,20,0,12,169,52,0,1,55,20,4,100,6,0,0,.265,.375,.396,.770,.361,116.9,0.83
404,13,김강민,18SCF,1.71,80,267,235,40,70,14,0,14,126,46,10,6,22,5,0,57,1,5,0,.298,.370,.536,.906,.381,119.1,-0.02
405,14,정의윤,19SDH,1.68,110,419,380,44,107,24,0,13,170,59,0,0,30,6,1,60,9,0,2,.282,.342,.447,.790,.359,115.8,0.47
406,15,김강민,19SCF,1.63,127,460,422,54,114,14,2,8,156,50,15,8,31,4,3,103,2,0,3,.270,.324,.370,.694,.321,90.7,-0.67
407,16,최항,18S2B,1.37,98,257,222,38,65,12,1,7,100,35,2,2,25,8,0,57,1,2,0,.293,.384,.450,.835,.370,113.0,0.05
408,17,한유섬,20SRF,1.31,62,231,193,35,48,5,0,15,98,31,2,0,30,6,1,49,8,0,2,.249,.364,.508,.871,.383,121.2,0.56
409,18,나주환,18SSS,0.98,119,420,362,54,95,24,0,12,155,56,5,6,38,5,0,66,2,13,2,.262,.339,.428,.767,.328,85.9,0.65
410,19,김강민,20SCF,0.93,122,327,289,39,73,11,1,12,122,45,7,5,27,4,2,62,10,5,2,.253,.323,.422,.745,.329,88.0,0.17
411,20,오태곤,20SLF,0.89,54,203,184,29,53,11,0,5,79,30,14,6,12,3,0,31,4,4,0,.288,.342,.429,.771,.345,99.3,0.07
412,21,채태인,20SDH,0.85,71,189,160,11,45,5,0,7,71,24,0,0,29,0,2,33,4,0,0,.281,.392,.444,.835,.380,121.5,-0.39
413,22,김성현,18S2B,0.77,135,462,415,51,115,19,1,4,148,55,6,2,29,9,0,42,19,6,3,.277,.336,.357,.692,.312,75.6,-0.24
414,23,최항,20S2B,0.62,47,155,132,21,35,3,0,2,44,15,1,0,21,1,1,27,3,0,1,.265,.368,.333,.701,.334,92.9,-0.09
415,24,노수광,19SLF,0.57,117,445,388,69,97,16,1,2,121,28,27,10,46,2,0,68,1,9,0,.250,.333,.312,.644,.304,80.9,0.92
416,25,강승호,18S2B,0.55,37,103,90,10,29,6,0,2,41,21,0,0,9,1,0,27,1,3,0,.322,.390,.456,.846,.367,111.4,0.20
417,26,박승욱,18SSS,0.53,51,79,65,11,20,3,0,0,23,9,4,1,10,2,0,16,1,2,0,.308,.416,.354,.769,.356,105.0,0.05
418,27,김성현,19SSS,0.50,144,472,426,45,105,16,2,1,128,34,6,2,33,2,0,43,15,8,3,.246,.302,.300,.602,.282,66.1,-1.99
419,28,김성현,20SSS,0.50,133,392,343,34,93,9,1,2,110,25,1,1,30,5,0,27,10,11,3,.271,.336,.321,.657,.304,74.0,-1.33
420,29,최지훈,20SRF,0.39,127,520,466,66,120,19,5,1,152,27,18,6,38,5,0,80,4,8,3,.258,.318,.326,.645,.299,71.5,-2.51
421,30,김재현,18SLF,0.33,53,77,65,19,18,1,1,1,24,5,7,1,9,3,0,17,0,0,0,.277,.390,.369,.759,.353,102.6,0.68
422,31,정의윤,18SDH,0.26,73,239,217,27,59,9,0,11,101,38,1,1,19,2,1,29,8,0,1,.272,.335,.465,.800,.345,94.9,0.14
423,32,박성한,20SSS,0.24,41,112,99,7,24,2,0,2,32,8,1,1,11,1,0,21,1,1,0,.242,.324,.323,.648,.305,73.4,-0.59
424,33,최항,19S2B,0.20,52,147,127,12,29,5,0,0,34,14,2,0,16,2,0,24,3,1,1,.228,.322,.268,.590,.288,70.1,-1.09
425,34,노수광,20SCF,0.15,29,83,75,13,20,2,2,1,29,5,2,4,7,0,0,16,0,1,0,.267,.329,.387,.716,.325,88.9,-0.00
426,35,최승준,18SDH,0.03,27,79,72,5,18,3,0,4,33,11,0,0,6,1,0,25,3,0,0,.250,.317,.458,.775,.334,87.4,0.60
427,36,고종욱,20SLF,0.02,92,288,272,24,77,9,3,3,101,26,1,3,14,1,0,55,3,0,1,.283,.319,.371,.691,.319,83.6,-0.46
428,37,김창평,20S2B,0.02,35,90,78,10,15,4,1,0,21,7,7,0,11,0,0,16,2,0,1,.192,.289,.269,.558,.269,52.3,0.26
429,38,김동엽,18SLF,-0.06,124,446,421,58,106,15,0,27,202,76,11,2,17,4,0,108,13,1,3,.252,.285,.480,.765,.321,77.8,0.16
430,39,오준혁,20SLF,-0.09,70,161,148,19,40,7,0,3,56,18,0,3,11,1,1,34,1,0,1,.270,.323,.378,.701,.320,83.7,0.08
431,40,배영섭,19SLF,-0.11,30,80,71,5,16,1,0,0,17,7,2,0,6,2,0,15,0,0,1,.225,.300,.239,.539,.267,54.8,0.40
432,41,이흥련,20SC,-0.12,47,130,124,6,30,1,0,3,40,19,0,0,6,0,0,28,5,0,0,.242,.277,.323,.600,.278,54.8,-0.35
433,42,최준우,20S2B,-0.18,66,207,182,23,43,4,0,3,56,14,1,1,19,0,0,28,3,5,1,.236,.307,.308,.615,.285,60.3,-0.59
434,43,이성우,18SC,-0.18,88,134,120,10,29,5,0,0,34,5,1,0,8,1,0,16,4,4,1,.242,.292,.283,.576,.260,41.7,-1.03
435,44,김경호,20SLF,-0.21,56,110,105,17,30,3,1,0,35,9,1,4,3,0,0,16,2,1,1,.286,.303,.333,.636,.292,67.2,-0.88
436,45,정진기,20SRF,-0.22,50,140,126,14,30,2,2,2,42,15,7,1,7,1,1,34,2,4,2,.238,.279,.333,.613,.270,51.2,-0.03
437,46,김창평,19S2B,-0.23,18,53,45,4,8,2,0,0,10,3,0,0,4,1,0,11,1,3,0,.178,.260,.222,.482,.225,27.3,-0.49
438,47,안상현,19S2B,-0.29,65,108,102,14,24,3,0,0,27,5,7,3,4,0,0,28,3,1,1,.235,.262,.265,.526,.247,42.0,-0.12
439,48,남태혁,20SDH,-0.36,35,72,66,3,13,1,0,1,17,11,0,0,6,0,0,22,2,0,0,.197,.264,.258,.522,.250,37.4,-0.38
440,49,이현석,20SC,-0.37,58,109,101,7,18,2,0,2,26,7,1,0,4,2,0,30,4,2,0,.178,.224,.257,.482,.222,18.2,-0.55
441,50,이홍구,20SC,-0.39,23,53,48,3,9,1,0,1,13,3,0,0,3,1,0,16,3,0,1,.188,.245,.271,.516,.242,31.3,-0.41
442,51,박성한,18SSS,-0.42,42,59,52,3,7,1,0,0,8,2,0,0,7,0,0,16,0,0,0,.135,.237,.154,.391,.201,2.6,-0.37
443,52,윤석민,20S3B,-0.46,34,76,73,4,14,2,0,3,25,12,0,0,2,0,0,12,3,0,1,.192,.211,.342,.553,.242,30.9,-0.34
444,53,나주환,19S2B,-0.52,94,245,225,14,50,9,0,3,68,20,1,2,12,3,0,54,6,4,1,.222,.270,.302,.572,.265,53.0,-1.91
445,54,정현,20SSS,-0.53,89,128,112,14,17,4,0,2,27,4,0,2,11,2,0,34,3,3,0,.152,.240,.241,.481,.227,22.0,-0.61
446,55,정진기,18SCF,-0.54,96,212,201,33,49,8,1,3,68,17,11,3,6,2,0,45,2,3,0,.244,.273,.338,.611,.269,46.6,0.26
447,56,허도환,19SC,-0.65,56,93,79,3,10,3,0,1,16,6,0,1,5,3,0,18,3,4,2,.127,.202,.203,.405,.189,0.9,-0.53
448,57,이재원,20SC,-0.68,80,251,222,18,41,8,0,2,55,21,0,0,19,6,3,24,12,3,1,.185,.266,.248,.514,.241,31.8,-1.48
449,58,정의윤,20SDH,-0.77,76,203,187,13,45,5,1,1,55,20,0,1,12,1,1,38,7,0,3,.241,.286,.294,.580,.270,51.9,-0.98
450,1,김재환,18두LF,6.94,139,602,527,104,176,36,1,44,346,133,2,0,59,9,4,134,6,0,7,.334,.405,.657,1.062,.438,168.8,5.80
451,2,양의지,18두C,6.42,133,503,439,84,157,29,1,23,257,77,6,0,45,13,6,40,13,0,6,.358,.427,.585,1.013,.431,160.5,3.91
452,3,페르난데스,19두DH,5.10,144,645,572,87,197,34,0,15,276,88,1,2,61,6,4,54,16,0,6,.344,.409,.483,.892,.408,154.7,3.32
453,4,김재환,21두LF,4.77,137,566,475,86,130,23,2,27,238,102,2,3,81,5,3,127,9,0,5,.274,.382,.501,.883,.401,148.2,2.69
454,5,김재환,20두LF,4.70,140,613,515,82,137,26,1,30,255,113,6,0,91,1,3,154,14,0,6,.266,.374,.495,.869,.385,135.2,2.33
455,6,박건우,19두RF,4.68,127,537,458,83,146,27,5,10,213,64,12,3,60,7,0,57,23,1,11,.319,.397,.465,.863,.394,144.3,0.91
456,7,최주환,18두DH,4.66,138,590,519,87,173,39,6,26,302,108,1,0,51,10,1,89,5,0,10,.333,.397,.582,.979,.413,148.6,3.90
457,8,박건우,21두RF,4.62,126,525,458,82,149,31,2,6,202,63,13,0,50,11,2,72,16,0,6,.325,.400,.441,.841,.394,138.5,1.64
458,9,페르난데스,20두DH,4.40,144,668,586,104,199,29,0,21,291,105,0,1,58,13,1,42,26,0,11,.340,.404,.497,.901,.406,146.5,4.31
459,10,오재일,19두1B,4.14,130,529,467,76,137,29,1,21,231,102,2,1,55,3,1,99,5,0,4,.293,.369,.495,.863,.390,145.1,4.60
460,11,최주환,20두2B,4.00,140,573,508,63,155,29,4,16,240,86,2,2,48,6,5,66,7,1,10,.305,.365,.472,.838,.372,123.6,1.70
461,12,김재호,18두SS,3.79,131,467,402,78,125,20,0,16,193,75,6,2,52,4,1,77,12,3,6,.311,.390,.480,.870,.379,124.5,1.69
462,13,박건우,20두RF,3.78,129,551,487,103,148,40,0,14,230,70,8,2,42,12,2,65,9,3,7,.304,.369,.472,.841,.375,126.5,1.67
463,14,오재일,20두1B,3.57,127,534,471,62,147,32,0,16,227,89,2,1,61,0,1,92,12,0,2,.312,.390,.482,.872,.394,138.8,1.35
464,15,허경민,18두3B,3.56,133,577,516,85,167,30,5,10,237,79,20,4,32,16,0,52,15,5,8,.324,.376,.459,.835,.366,113.4,1.89
465,16,허경민,20두3B,3.55,117,487,437,70,145,25,1,7,193,58,14,6,35,5,2,28,10,3,7,.332,.382,.442,.824,.373,122.7,1.58
466,17,김재환,19두LF,3.52,136,573,494,76,140,20,5,15,215,91,3,1,63,5,5,113,7,0,11,.283,.363,.435,.798,.362,123.5,2.53
467,18,박건우,18두CF,3.42,125,529,488,79,159,24,6,12,231,84,7,3,28,10,1,65,14,1,2,.326,.373,.473,.847,.371,117.5,3.97
468,19,오재원,18두2B,3.29,132,521,473,78,148,24,1,15,219,81,15,6,41,2,0,119,13,3,2,.313,.369,.463,.832,.364,114.0,4.07
469,20,양석환,21두1B,3.10,133,546,488,66,133,22,0,28,239,96,2,3,42,9,2,136,10,0,7,.273,.337,.490,.827,.373,130.3,1.93
470,21,페르난데스,21두DH,3.07,141,617,540,73,170,24,0,15,239,81,0,2,65,6,3,35,25,0,6,.315,.391,.443,.833,.389,136.6,1.20
471,22,박세혁,19두C,3.06,137,505,441,58,123,19,9,4,172,63,8,2,41,7,1,68,5,10,6,.279,.346,.390,.736,.334,101.3,1.02
472,23,정수빈,20두CF,2.95,141,559,490,84,146,17,8,5,194,59,15,6,55,2,3,56,10,7,5,.298,.368,.396,.764,.348,104.3,1.48
473,24,김재호,19두SS,2.89,130,470,377,51,101,22,0,4,135,48,3,3,67,7,3,58,10,8,11,.268,.379,.358,.737,.342,108.2,-0.20
474,25,오재일,18두1B,2.85,123,477,401,69,112,19,2,27,216,80,1,1,60,6,2,121,3,0,10,.279,.373,.539,.912,.384,130.4,1.22
475,26,허경민,19두3B,2.44,133,540,475,71,137,25,1,4,176,60,11,5,34,17,2,36,16,3,11,.288,.350,.371,.721,.334,102.4,-0.25
476,27,허경민,21두3B,2.07,136,518,468,61,130,24,1,5,171,59,5,7,36,8,1,35,21,3,3,.278,.338,.365,.703,.332,96.8,-0.83
477,28,박계범,21두SS,2.06,118,385,322,44,86,12,1,5,115,46,4,3,44,9,0,68,8,7,3,.267,.368,.357,.725,.344,104.8,0.60
478,29,정수빈,19두CF,2.05,123,513,441,75,117,19,5,0,146,42,26,8,57,6,0,60,6,4,5,.265,.354,.331,.685,.325,94.8,0.15
479,30,김재호,20두SS,1.98,120,457,401,48,116,15,1,2,139,39,6,2,45,4,1,45,17,2,5,.289,.363,.347,.709,.334,95.3,-0.09
480,31,허경민,22두3B,1.80,56,232,199,31,61,14,0,2,81,35,6,1,19,7,0,19,7,2,5,.307,.378,.407,.785,.362,130.6,0.69
481,32,박세혁,20두C,1.77,124,423,360,47,97,18,2,4,131,51,5,3,35,12,0,45,7,9,7,.269,.348,.364,.712,.326,90.8,1.06
482,33,김인태,21두RF,1.74,133,418,344,51,89,15,1,8,130,46,0,2,62,3,0,67,10,5,4,.259,.373,.378,.751,.355,113.3,1.54
483,34,김재환,22두LF,1.61,65,281,239,34,56,15,1,11,106,36,1,0,39,2,2,64,2,0,1,.234,.345,.444,.789,.358,131.9,0.36
484,35,정수빈,21두CF,1.47,104,351,313,50,81,19,4,3,117,37,12,7,29,3,1,50,7,4,2,.259,.326,.374,.700,.325,91.6,-0.07
485,36,페르난데스,22두DH,1.47,66,291,267,34,82,15,0,6,115,44,0,0,20,2,0,27,21,0,2,.307,.357,.431,.788,.364,132.9,0.16
486,37,안권수,22두RF,1.42,55,191,169,36,58,6,1,0,66,18,2,4,21,0,0,28,3,1,0,.343,.416,.391,.806,.381,140.6,0.34
487,38,김인태,22두RF,1.28,40,150,128,19,40,4,0,2,50,16,1,0,20,2,1,17,1,0,0,.313,.413,.391,.804,.380,142.5,0.73
488,39,박세혁,18두C,1.26,89,194,170,37,48,12,0,3,69,22,5,0,16,4,0,55,0,3,1,.282,.356,.406,.762,.337,95.0,-0.66
489,40,정수빈,18두CF,1.06,26,112,98,20,36,2,1,2,46,23,5,2,11,1,0,13,1,0,2,.367,.429,.469,.898,.402,136.7,0.89
490,41,조수행,21두CF,1.01,115,104,84,34,24,2,1,1,31,8,21,4,16,3,0,26,1,1,0,.286,.418,.369,.787,.381,128.1,0.48
491,42,양석환,22두1B,0.95,31,130,111,23,29,5,1,6,54,15,0,0,17,1,2,21,1,0,1,.261,.362,.486,.848,.378,146.1,-0.20
492,43,강승호,21두2B,0.94,113,340,301,47,72,16,2,7,113,37,8,2,22,6,1,78,8,8,3,.239,.301,.375,.677,.307,81.8,-0.93
493,44,안재석,21두SS,0.79,96,224,200,28,51,8,2,2,69,14,1,0,16,4,0,53,4,0,4,.255,.317,.345,.662,.314,83.8,-1.02
494,45,최주환,19두2B,0.75,87,325,285,27,79,13,0,4,104,47,0,0,28,1,0,35,10,0,11,.277,.332,.365,.697,.323,95.2,-0.87
495,46,류지혁,18두SS,0.67,128,280,228,52,61,7,0,1,71,29,7,2,29,10,0,43,3,11,2,.268,.372,.311,.683,.314,77.7,1.15
496,47,장승현,21두C,0.57,92,211,177,18,41,10,0,2,57,27,0,0,19,8,0,50,2,6,1,.232,.332,.322,.654,.310,82.3,-0.40
497,48,최용제,21두C,0.54,79,119,104,7,29,3,0,0,32,15,0,0,11,2,0,21,0,1,1,.279,.356,.308,.664,.324,89.2,0.50
498,49,류지혁,19두SS,0.51,118,316,276,36,69,6,2,0,79,34,18,5,24,7,0,40,6,6,3,.250,.323,.286,.609,.289,69.9,0.14
499,50,이유찬,20두3B,0.48,101,108,89,30,23,2,1,0,27,6,13,4,14,2,0,25,2,2,1,.258,.368,.303,.671,.322,86.2,-0.12
500,51,정진호,18두RF,0.47,111,299,269,53,81,12,1,2,101,37,8,1,19,1,0,44,8,9,1,.301,.348,.375,.724,.319,81.3,-0.84
501,52,강승호,22두2B,0.40,66,250,228,28,55,11,0,3,75,34,7,2,14,1,0,48,4,4,3,.241,.285,.329,.614,.281,74.9,-0.23
502,53,박세혁,22두C,0.39,63,212,181,15,40,10,0,0,50,25,0,1,19,4,0,29,2,5,3,.221,.304,.276,.581,.274,68.6,-1.00
503,54,이우성,18두LF,0.36,31,66,58,13,17,3,0,2,26,11,1,0,6,2,0,18,2,0,0,.293,.379,.448,.827,.369,117.3,0.22
504,55,김인태,20두LF,0.31,77,110,84,15,17,5,0,1,25,13,0,0,21,2,0,13,3,2,1,.202,.370,.298,.668,.325,90.7,0.98
505,56,정수빈,22두CF,0.27,66,229,205,33,48,5,3,0,59,21,12,4,19,0,0,30,0,4,1,.234,.298,.288,.586,.275,67.4,0.65
506,57,오재원,20두2B,0.24,85,174,155,25,36,7,1,5,60,27,10,5,16,0,0,49,3,1,2,.232,.301,.387,.688,.310,82.4,-1.04
507,58,박세혁,21두C,0.24,96,270,237,25,52,12,0,0,64,30,4,2,22,5,0,43,6,3,3,.219,.296,.270,.566,.275,57.8,-1.05
508,59,김인태,19두LF,0.19,26,70,60,6,14,2,1,2,24,7,1,1,8,0,0,12,2,1,1,.233,.319,.400,.719,.324,98.1,0.41
509,60,박계범,22두3B,0.14,43,96,84,12,18,7,0,2,31,9,2,1,7,0,1,22,1,3,2,.214,.269,.369,.638,.276,73.7,-0.66
510,61,조수행,18두CF,0.12,119,198,183,35,51,6,4,1,68,17,9,0,9,0,0,33,4,5,1,.279,.311,.372,.683,.297,65.4,-0.02
511,62,김인태,18두RF,0.11,46,109,95,16,25,7,0,1,35,10,0,0,12,0,0,26,0,1,1,.263,.343,.368,.711,.320,83.0,0.65
512,63,조수행,22두LF,0.09,55,77,68,19,16,3,0,1,22,5,12,6,7,0,0,18,4,0,2,.235,.299,.324,.622,.291,81.5,-0.53
513,64,신성현,19두1B,0.07,35,54,41,9,8,0,0,1,11,6,0,0,10,1,0,14,0,0,2,.195,.352,.268,.620,.308,86.3,-0.13
514,65,김재호,22두SS,0.01,50,121,102,10,22,4,0,0,26,9,0,0,13,1,0,16,3,3,2,.216,.305,.255,.560,.267,63.3,-0.74
515,66,김재호,21두SS,-0.02,89,251,211,23,44,8,0,1,55,24,1,1,29,2,0,34,7,6,3,.209,.306,.261,.567,.275,58.2,-1.73
516,67,강진성,22두1B,-0.03,32,83,70,7,13,2,0,1,18,7,3,0,10,2,1,16,2,1,0,.186,.305,.257,.562,.270,66.6,-0.36
517,68,김민혁,18두DH,-0.06,22,58,53,7,12,2,0,2,20,10,0,0,5,0,0,19,3,0,0,.226,.293,.377,.671,.296,69.8,0.20
518,69,권민석,20두3B,-0.07,55,57,50,6,13,2,0,0,15,7,1,0,3,0,0,15,0,2,2,.260,.291,.300,.591,.266,49.2,-0.45
519,70,국해성,20두RF,-0.14,46,94,86,10,20,1,0,3,30,17,1,1,6,1,2,21,2,0,1,.233,.287,.349,.636,.282,64.4,-0.04
520,71,안재석,22두SS,-0.18,60,151,133,9,27,3,0,0,30,8,3,0,13,2,1,43,2,2,1,.203,.282,.226,.507,.244,47.2,-0.19
521,72,백동훈,19두RF,-0.27,41,52,47,8,8,2,0,0,10,2,0,1,3,2,0,16,0,0,0,.170,.250,.213,.463,.230,30.7,-0.39
522,73,오재원,19두2B,-0.30,98,204,177,30,29,8,1,3,48,18,6,2,25,0,0,50,3,2,0,.164,.267,.271,.539,.257,51.4,-1.55
523,74,정진호,19두RF,-0.37,66,110,96,13,20,0,0,1,23,3,5,2,11,0,0,24,2,3,0,.208,.290,.240,.529,.254,47.1,-1.24
524,75,오재원,21두2B,-0.43,45,79,72,6,12,3,0,0,15,5,2,0,6,0,0,18,3,0,1,.167,.228,.208,.436,.216,17.9,-0.64
525,76,정상호,20두C,-0.68,42,92,86,3,14,6,0,0,20,8,0,0,2,0,0,29,4,3,1,.163,.180,.233,.412,.182,-4.8,-1.24
526,77,파레디스,18두RF,-0.73,21,71,65,7,9,2,1,1,16,4,1,0,4,1,1,17,0,0,1,.138,.197,.246,.443,.191,-2.4,-0.65
527,1,전준우,18롯LF,5.67,144,614,556,118,190,36,2,33,329,90,7,7,48,7,1,82,12,1,2,.342,.400,.592,.991,.421,146.3,5.45
528,2,손아섭,18롯RF,5.30,141,625,553,109,182,32,5,26,302,93,20,3,68,2,1,99,15,1,1,.329,.404,.546,.950,.409,138.6,4.35
529,3,전준우,21롯LF,4.93,144,619,552,88,192,46,0,7,259,92,6,3,53,5,0,71,10,1,8,.348,.405,.469,.874,.406,140.4,4.09
530,4,손아섭,20롯RF,4.93,141,611,540,98,190,43,0,11,266,85,5,0,61,2,4,56,9,1,7,.352,.415,.493,.907,.409,140.2,4.57
531,5,전준우,19롯LF,4.24,141,606,545,85,164,30,1,22,262,83,8,2,46,7,2,71,19,1,7,.301,.359,.481,.839,.379,130.6,0.53
532,6,이대호,18롯DH,3.84,144,604,543,81,181,30,0,37,322,125,0,1,43,14,7,75,18,0,4,.333,.394,.593,.987,.415,142.3,4.34
533,7,민병헌,19롯CF,3.53,101,420,369,52,112,24,2,9,167,43,13,6,42,5,0,55,9,1,3,.304,.380,.453,.832,.382,133.4,0.10
534,8,안치홍,21롯2B,3.45,119,490,421,58,129,30,2,10,193,82,3,6,52,3,2,58,10,5,9,.306,.379,.458,.838,.382,124.3,1.55
535,9,손아섭,21롯RF,3.33,139,610,542,88,173,29,2,3,215,58,11,6,61,3,3,67,15,3,1,.319,.390,.397,.787,.373,118.8,1.98
536,10,한동희,21롯3B,3.28,129,496,424,54,113,24,0,17,188,69,0,1,61,6,1,95,21,1,4,.267,.364,.443,.807,.373,119.0,0.85
537,11,마차도,20롯SS,3.25,144,560,486,79,136,31,1,12,205,67,15,1,54,8,2,60,20,4,8,.280,.356,.422,.778,.351,102.5,1.71
538,12,전준우,20롯LF,3.06,143,628,562,95,157,34,1,26,271,96,5,5,52,8,0,79,21,3,3,.279,.347,.482,.829,.368,113.3,1.75
539,13,민병헌,18롯CF,3.05,118,494,443,74,141,21,0,17,213,66,8,3,35,8,3,68,10,2,6,.318,.374,.481,.855,.370,113.1,1.13
540,14,안치홍,22롯2B,2.76,65,290,260,44,81,16,2,10,131,33,2,2,26,1,3,25,7,1,2,.312,.374,.504,.878,.393,148.2,0.20
541,15,손아섭,19롯RF,2.75,134,568,512,78,151,22,1,10,205,63,12,8,52,1,1,92,6,1,2,.295,.360,.400,.760,.353,113.9,1.70
542,16,한동희,22롯3B,2.69,57,221,202,27,68,17,0,9,112,36,0,0,15,3,1,26,6,0,1,.337,.389,.554,.944,.424,168.8,1.44
543,17,정훈,20롯CF,2.68,111,476,410,72,121,19,1,11,175,58,11,1,56,4,0,85,8,2,4,.295,.382,.427,.809,.371,115.9,1.87
544,18,번즈,18롯2B,2.67,133,505,462,80,124,34,5,23,237,64,5,2,33,9,2,133,8,1,0,.268,.329,.513,.842,.356,103.2,0.17
545,19,마차도,21롯SS,2.55,134,539,466,83,130,21,1,5,168,58,8,5,58,4,1,65,8,4,7,.279,.359,.361,.719,.341,98.3,-0.66
546,20,한동희,20롯3B,2.47,135,531,461,62,128,22,0,17,201,67,0,3,57,5,0,97,15,5,3,.278,.361,.436,.797,.360,108.6,0.40
547,21,정훈,21롯1B,2.46,135,561,486,70,142,27,1,14,213,79,8,1,68,3,8,89,6,1,3,.292,.380,.438,.819,.377,121.9,0.83
548,22,안치홍,20롯2B,2.01,124,460,412,49,118,28,0,8,170,54,14,3,35,7,2,47,11,4,2,.286,.351,.413,.764,.346,99.1,-0.20
549,23,이병규,18롯DH,1.91,103,257,198,31,54,11,1,10,97,39,0,0,50,7,1,58,5,0,2,.273,.432,.490,.922,.406,137.0,2.36
550,24,신본기,18롯SS,1.87,139,479,425,55,125,28,1,11,188,71,1,5,33,11,2,95,12,5,5,.294,.357,.442,.799,.347,98.4,0.62
551,25,이대호,19롯DH,1.79,135,549,485,48,138,23,1,16,211,88,0,0,48,9,4,65,19,0,7,.285,.355,.435,.790,.360,118.3,0.94
552,26,이대호,22롯DH,1.73,67,278,257,25,88,11,0,8,123,36,0,0,17,1,3,28,10,0,3,.342,.381,.479,.860,.390,145.9,0.43
553,27,전준우,22롯LF,1.70,52,226,208,36,68,14,1,5,99,34,3,3,13,1,1,33,7,0,4,.327,.363,.476,.839,.379,137.7,1.29
554,28,윌슨,19롯3B,1.35,68,268,231,21,58,15,0,9,100,37,0,2,31,5,0,60,8,0,1,.251,.351,.433,.784,.361,118.4,0.73
555,29,오윤석,20롯2B,1.31,63,197,168,31,50,7,1,4,71,32,2,1,24,2,0,47,2,1,2,.298,.388,.423,.810,.373,117.0,0.44
556,30,이대호,21롯DH,1.10,114,465,420,39,120,11,0,19,188,81,0,0,34,5,3,50,12,0,6,.286,.342,.448,.790,.361,111.3,1.44
557,31,지시완,21롯C,1.04,73,187,166,23,40,9,0,7,70,26,0,0,14,5,0,54,6,2,0,.241,.319,.422,.741,.340,96.8,0.01
558,32,전병우,18롯3B,1.02,27,77,66,18,24,7,0,3,40,13,3,0,9,1,0,24,1,0,1,.364,.442,.606,1.048,.447,163.5,0.75
559,33,이대호,20롯DH,1.02,144,611,542,67,158,27,0,20,245,110,1,0,53,5,9,68,21,0,11,.292,.354,.452,.806,.357,106.1,3.56
560,34,이병규,20롯1B,0.97,53,194,164,28,45,4,0,9,76,32,0,0,28,1,0,55,5,0,1,.274,.381,.463,.845,.383,123.9,0.91
561,35,김준태,20롯C,0.95,128,369,306,38,69,12,2,5,100,43,2,2,56,1,0,64,5,3,3,.225,.344,.327,.671,.318,81.7,0.11
562,36,피터스,22롯CF,0.95,69,293,262,26,57,14,0,11,104,42,5,4,20,7,1,67,4,0,4,.218,.287,.397,.684,.311,91.9,1.02
563,37,아수아헤,19롯2B,0.94,48,194,163,34,41,5,4,2,60,21,3,2,26,1,1,24,0,3,1,.252,.356,.368,.724,.334,102.2,0.63
564,38,안중열,21롯C,0.92,58,157,125,19,29,5,0,3,43,16,0,0,27,1,0,25,1,3,1,.232,.370,.344,.714,.341,98.7,0.36
565,39,정훈,18롯1B,0.91,91,194,174,33,53,10,1,7,86,26,4,2,16,1,1,39,4,0,3,.305,.361,.494,.855,.367,110.7,-0.31
566,40,채태인,18롯1B,0.90,130,420,376,44,110,18,0,15,173,75,0,0,34,5,3,107,10,1,4,.293,.356,.460,.816,.353,101.8,1.62
567,41,김재유,21롯CF,0.76,87,192,174,27,50,8,0,1,61,18,7,0,10,4,0,36,1,4,0,.287,.340,.351,.691,.325,87.4,0.46
568,42,강로한,19롯2B,0.74,104,306,288,38,69,15,6,4,108,25,7,1,13,3,0,107,3,1,1,.240,.279,.375,.654,.298,77.1,-0.08
569,43,추재현,21롯CF,0.64,95,300,262,37,66,15,0,5,96,26,4,3,26,7,0,57,3,5,0,.252,.336,.366,.702,.329,90.1,-0.53
570,44,신본기,19롯SS,0.60,121,413,375,43,96,9,0,1,108,26,3,3,24,8,1,62,9,5,1,.256,.314,.288,.602,.286,68.5,-1.68
571,45,지시완,22롯C,0.58,42,118,102,9,23,5,0,2,34,11,0,0,14,1,1,35,5,1,0,.225,.325,.333,.658,.307,88.9,-0.09
572,46,안중열,18롯C,0.49,60,176,154,19,38,11,0,4,61,18,0,0,12,3,0,56,4,7,0,.247,.314,.396,.710,.302,68.4,-0.41
573,47,문규현,18롯SS,0.48,122,349,316,42,87,19,1,6,126,41,3,1,18,0,0,45,9,9,6,.275,.309,.399,.708,.302,68.4,-1.41
574,48,황성빈,22롯LF,0.40,36,122,111,21,33,1,2,0,38,5,5,4,8,1,0,20,1,2,0,.297,.350,.342,.692,.323,100.2,0.14
575,49,김준태,21롯C,0.32,47,131,111,17,23,5,0,4,40,15,0,0,17,1,0,35,2,0,2,.207,.313,.360,.673,.317,82.6,-0.19
576,50,나경민,18롯CF,0.30,87,71,57,23,15,2,0,0,17,1,12,4,10,3,0,21,0,1,0,.263,.400,.298,.698,.337,92.2,-0.22
577,51,이호연,22롯3B,0.28,31,91,87,7,26,4,1,0,32,8,2,0,3,1,0,17,2,0,0,.299,.330,.368,.698,.326,100.8,-0.58
578,52,김재유,20롯CF,0.28,68,133,116,20,30,1,0,1,34,9,10,2,12,3,0,35,2,2,0,.259,.344,.293,.637,.306,74.4,0.16
579,53,오윤석,21롯2B,0.27,34,76,69,9,16,7,0,2,29,5,2,0,7,0,1,21,2,0,0,.232,.303,.420,.723,.327,87.6,-0.88
580,54,채태인,19롯1B,0.25,59,182,167,11,42,11,0,5,68,29,0,0,11,2,1,45,5,0,2,.252,.302,.407,.709,.321,91.5,-0.44
581,55,김동한,19롯2B,0.23,42,85,78,9,22,4,0,0,26,2,3,2,6,0,0,15,1,1,0,.282,.333,.333,.667,.313,86.6,-0.29
582,56,신용수,21롯CF,0.21,71,136,119,23,31,5,2,1,43,6,3,1,11,3,0,20,2,2,1,.261,.336,.361,.697,.327,88.6,-0.63
583,57,김민수,21롯2B,0.15,83,224,199,19,48,11,1,3,70,25,0,0,18,3,0,62,4,3,1,.241,.312,.352,.664,.311,77.8,-1.37
584,58,허일,19롯CF,0.11,71,162,149,14,38,4,0,1,45,17,2,1,12,1,0,28,1,0,0,.255,.315,.302,.617,.296,74.9,0.12
585,59,고승민,19롯2B,0.08,30,89,83,7,21,6,2,0,31,6,0,0,4,0,0,16,1,1,1,.253,.284,.373,.658,.296,76.3,-0.33
586,60,신본기,20롯3B,0.04,81,123,106,18,23,1,0,2,30,12,1,0,14,1,0,22,3,1,1,.217,.312,.283,.595,.285,60.7,-0.30
587,61,배성근,21롯SS,0.03,79,109,93,21,19,4,0,1,26,9,1,0,14,0,0,36,1,2,0,.204,.308,.280,.588,.285,61.5,-0.18
588,62,김문호,18롯LF,-0.03,46,115,100,12,25,7,0,2,38,16,1,0,13,0,1,27,2,2,0,.250,.336,.380,.716,.314,76.3,0.44
589,63,정훈,19롯1B,-0.06,88,222,190,26,43,4,1,2,55,17,4,3,23,5,1,47,4,3,1,.226,.324,.289,.614,.293,73.4,-0.59
590,64,김문호,19롯CF,-0.07,51,109,103,6,25,7,0,0,32,4,2,0,4,0,0,30,1,1,1,.243,.269,.311,.579,.267,55.1,-1.10
591,65,추재현,22롯RF,-0.08,21,56,49,8,11,3,0,0,14,3,1,0,6,1,0,14,1,0,0,.224,.321,.286,.607,.295,79.5,-0.48
592,66,고승민,22롯RF,-0.09,36,103,92,11,18,5,0,1,26,8,1,1,11,0,0,19,1,0,0,.196,.282,.283,.564,.271,63.5,0.14
593,67,안중열,19롯C,-0.19,73,145,136,10,26,6,1,2,40,4,0,1,6,2,0,41,2,1,0,.191,.236,.294,.530,.246,40.6,-1.69
594,68,정훈,22롯1B,-0.19,34,141,116,17,25,0,0,1,28,12,2,1,20,0,0,22,3,3,2,.216,.326,.241,.568,.277,68.9,-0.17
595,69,한동희,18롯3B,-0.20,87,226,211,24,49,13,1,4,76,25,0,1,12,2,0,58,7,0,1,.232,.279,.360,.639,.282,55.3,-1.63
596,70,나승엽,21롯1B,-0.21,60,128,113,16,23,2,0,2,31,10,1,0,14,0,0,33,1,0,1,.204,.289,.274,.563,.276,55.7,-0.56
597,71,김민수,22롯1B,-0.22,37,93,85,6,20,2,0,0,22,8,0,1,4,3,0,26,1,1,0,.235,.294,.259,.552,.266,59.9,0.17
598,72,김동한,20롯3B,-0.24,82,73,68,23,15,5,0,0,20,5,10,4,5,0,0,8,2,0,0,.221,.274,.294,.568,.268,47.6,-0.64
599,73,문규현,19롯3B,-0.27,40,72,64,7,16,2,0,0,18,10,0,0,3,0,0,10,1,2,3,.250,.271,.281,.553,.250,43.9,-0.50
600,74,조홍석,18롯CF,-0.29,39,71,62,14,14,1,0,0,15,1,0,2,6,2,0,13,2,1,0,.226,.314,.242,.556,.268,46.8,0.05
601,75,이학주,22롯SS,-0.35,51,168,152,14,33,7,1,0,42,8,2,3,8,1,0,33,2,7,0,.217,.261,.276,.537,.244,44.8,-1.40
602,76,김사훈,18롯C,-0.38,56,79,74,7,17,3,0,0,20,6,0,0,1,1,0,22,0,3,0,.230,.250,.270,.520,.229,20.3,-0.69
603,77,박승욱,22롯SS,-0.40,40,82,71,8,13,2,1,0,17,6,0,2,7,0,0,29,1,4,0,.183,.256,.239,.496,.229,35.2,-0.32
604,78,한동희,19롯3B,-0.41,59,207,187,12,38,9,0,2,53,9,1,0,18,0,0,57,3,0,2,.203,.271,.283,.554,.263,52.4,-1.93
605,79,김준태,19롯C,-0.44,43,104,88,10,14,3,0,0,17,8,0,0,12,2,0,23,1,2,0,.159,.275,.193,.468,.236,34.2,-0.13
606,80,김동한,18롯3B,-0.57,55,96,83,11,16,1,0,2,23,9,3,1,9,0,0,18,1,2,2,.193,.266,.277,.543,.244,30.1,-0.61
607,81,정보근,22롯C,-0.58,44,106,96,4,17,2,0,0,19,7,1,0,5,0,0,25,2,5,0,.177,.218,.198,.416,.192,9.8,-0.77
608,82,허일,20롯RF,-0.59,60,95,84,5,15,4,0,1,22,6,0,0,8,1,0,29,4,2,0,.179,.258,.262,.520,.244,32.8,-0.46
609,83,조홍석,19롯RF,-0.64,42,66,61,8,7,2,1,0,11,5,1,0,4,0,0,14,1,0,1,.115,.167,.180,.347,.166,-13.0,-0.63
610,84,오윤석,19롯1B,-0.67,76,228,198,21,44,2,0,1,49,21,0,0,20,2,1,43,4,4,4,.222,.295,.247,.542,.258,49.6,-0.56
611,85,민병헌,20롯CF,-0.69,109,342,309,42,72,12,0,2,90,23,10,6,21,5,1,62,12,5,2,.233,.291,.291,.582,.271,50.8,-2.24
612,86,전병우,19롯1B,-0.79,28,54,50,2,5,1,0,0,6,0,0,0,3,0,0,22,0,1,0,.100,.151,.120,.271,.134,-35.3,-1.22
613,87,조세진,22롯RF,-0.82,29,79,78,5,13,3,0,0,16,6,0,1,0,0,0,23,4,1,0,.167,.167,.205,.372,.170,-6.3,-0.62
614,88,정보근,20롯C,-1.19,85,152,133,9,20,2,0,0,22,5,0,0,11,1,0,32,7,6,1,.150,.219,.165,.385,.187,-3.9,-1.76
615,89,나종덕,19롯C,-1.41,104,209,185,12,23,4,0,3,36,13,0,0,9,6,0,88,5,7,2,.124,.188,.195,.383,.180,-4.2,-2.74
616,90,나종덕,18롯C,-1.71,106,203,177,15,22,3,0,2,31,11,0,0,12,5,0,85,2,9,0,.124,.201,.175,.376,.175,-15.1,-1.85
617,1,러프,18삼1B,5.28,137,597,506,97,167,32,4,33,306,125,5,3,65,18,0,107,17,0,8,.330,.419,.605,1.024,.432,152.9,5.89
618,2,구자욱,21삼RF,5.01,139,610,543,107,166,30,10,22,282,88,27,4,48,6,3,98,9,1,12,.306,.361,.519,.881,.394,134.0,3.48
619,3,러프,19삼1B,4.18,133,568,472,80,138,35,2,22,243,101,6,3,80,7,6,87,18,0,9,.292,.396,.515,.911,.406,145.8,1.30
620,4,구자욱,18삼RF,3.91,116,529,478,100,159,26,5,20,255,84,10,0,43,5,2,110,4,1,2,.333,.392,.533,.926,.398,131.9,4.23
621,5,강민호,21삼C,3.86,123,462,406,55,118,22,0,18,194,67,0,0,45,4,4,53,18,0,7,.291,.362,.478,.839,.380,123.6,1.49
622,6,피렐라,22삼LF,3.62,67,295,259,45,88,14,3,12,144,46,7,2,29,7,7,31,10,0,0,.340,.420,.556,.976,.436,175.9,1.99
623,7,구자욱,20삼LF,3.38,118,510,446,70,137,27,2,15,213,78,19,5,51,8,3,91,4,1,4,.307,.385,.478,.863,.387,126.6,4.53
624,8,박해민,21삼CF,3.38,127,542,454,78,132,22,1,5,171,54,36,15,69,3,2,82,3,9,7,.291,.383,.377,.759,.356,110.6,1.39
625,9,이원석,18삼3B,3.35,128,543,479,74,144,30,1,20,236,93,2,1,52,7,1,103,10,0,5,.301,.374,.493,.867,.376,116.9,3.82
626,10,김상수,20삼2B,3.26,120,471,404,71,123,18,3,5,162,47,10,3,55,8,1,55,16,2,2,.304,.397,.401,.798,.372,118.5,0.76
627,11,피렐라,21삼DH,3.26,140,621,553,102,158,25,2,29,274,97,9,6,57,8,2,89,8,0,3,.286,.359,.495,.855,.389,128.7,3.27
628,12,박해민,18삼CF,3.20,144,649,576,114,172,30,10,9,249,68,36,10,56,3,0,99,9,8,6,.299,.360,.432,.793,.347,99.1,1.95
629,13,강민호,20삼C,3.02,119,393,355,46,102,14,0,19,173,61,0,0,31,4,2,54,17,0,3,.287,.349,.487,.836,.370,113.2,0.55
630,14,김상수,19삼2B,2.97,129,543,468,76,127,20,2,5,166,38,21,3,50,15,1,67,14,6,4,.271,.358,.355,.712,.334,100.0,-1.97
631,15,오재일,21삼1B,2.80,120,484,418,64,119,20,0,25,214,97,1,0,58,0,8,106,5,0,8,.285,.366,.512,.878,.390,129.2,3.43
632,16,박해민,20삼CF,2.49,132,541,489,84,142,18,5,11,203,55,34,12,39,3,1,77,7,7,3,.290,.345,.415,.760,.342,98.2,-0.11
633,17,김동엽,20삼DH,2.24,115,451,413,60,129,21,0,20,210,74,4,4,29,4,0,79,14,1,4,.312,.360,.508,.869,.385,123.6,1.59
634,18,김헌곤,18삼LF,1.99,141,586,513,77,154,26,2,11,217,71,22,9,54,10,1,70,13,5,4,.300,.375,.423,.798,.355,103.9,-0.57
635,19,이원석,19삼3B,1.98,111,455,395,44,97,20,0,19,174,76,2,1,43,8,0,73,10,2,7,.246,.327,.441,.767,.346,104.8,0.89
636,20,강민호,18삼C,1.97,129,477,427,46,115,14,0,22,195,71,0,0,29,14,5,96,11,0,7,.269,.331,.457,.788,.337,90.2,-0.83
637,21,구자욱,19삼RF,1.95,122,526,475,66,127,27,6,15,211,71,11,3,38,7,2,88,5,0,6,.267,.327,.444,.771,.348,107.6,1.16
638,22,강민호,19삼C,1.83,112,393,346,36,81,20,0,13,140,45,0,0,33,9,2,76,9,2,3,.234,.315,.405,.719,.327,92.2,0.46
639,23,이학주,19삼SS,1.78,118,436,385,43,101,14,3,7,142,36,15,5,32,10,0,89,3,5,4,.262,.332,.369,.701,.324,92.7,-0.20
640,24,오재일,22삼1B,1.78,65,267,233,27,65,17,0,12,118,43,1,0,30,0,4,66,2,0,4,.279,.356,.506,.862,.382,138.2,0.83
641,25,김헌곤,19삼LF,1.68,114,467,411,57,122,20,1,5,159,46,10,8,37,8,1,41,18,5,6,.297,.362,.387,.748,.346,107.6,-0.37
642,26,김지찬,22삼2B,1.67,57,233,200,36,56,6,4,0,70,17,19,0,24,0,0,31,0,9,0,.280,.357,.350,.707,.322,102.8,1.87
643,27,이지영,18삼C,1.58,90,203,178,31,61,10,0,2,77,19,0,0,15,4,1,27,3,6,0,.343,.406,.433,.839,.368,113.5,0.40
644,28,살라디노,20삼LF,1.37,44,163,132,26,37,8,0,6,63,27,6,1,23,7,0,41,3,0,1,.280,.411,.477,.888,.405,137.2,0.53
645,29,이원석,20삼3B,1.29,121,467,403,46,108,17,0,13,164,74,0,1,49,2,1,82,7,1,12,.268,.341,.407,.748,.338,94.3,0.22
646,30,박해민,19삼CF,1.26,144,581,506,64,121,16,7,5,166,44,24,7,58,2,0,82,4,12,3,.239,.318,.328,.646,.300,76.8,-1.36
647,31,이원석,21삼3B,1.22,131,480,399,40,92,19,0,9,138,59,1,0,60,11,2,80,11,2,8,.231,.341,.346,.687,.327,89.8,-0.29
648,32,김헌곤,21삼LF,1.14,118,364,317,38,89,8,2,4,113,27,5,4,34,5,0,46,9,3,5,.281,.355,.356,.711,.338,98.1,-1.03
649,33,김호재,20삼3B,1.11,65,138,118,19,38,5,0,1,46,10,2,0,16,3,0,19,1,1,0,.322,.416,.390,.806,.381,124.4,0.03
650,34,김현준,22삼CF,1.10,51,131,110,20,35,7,1,0,44,8,4,2,15,3,0,23,0,3,0,.318,.414,.400,.814,.377,140.0,0.37
651,35,김태군,22삼C,1.10,48,131,118,13,40,8,0,0,48,12,0,0,7,2,0,18,7,3,1,.339,.383,.407,.790,.361,128.6,0.00
652,36,박계범,19삼SS,1.01,58,204,168,26,43,8,1,4,65,25,5,1,22,5,0,45,7,6,3,.256,.354,.387,.740,.336,99.9,-0.34
653,37,김지찬,21삼SS,0.90,120,336,296,50,81,6,0,1,90,26,23,4,27,0,0,31,0,10,3,.274,.331,.304,.635,.300,73.4,0.08
654,38,박한이,18삼DH,0.59,114,392,342,47,97,16,0,10,143,43,5,3,43,0,2,91,9,6,1,.284,.363,.418,.781,.342,95.6,0.35
655,39,구자욱,22삼RF,0.57,40,179,168,22,47,9,1,2,64,19,4,1,7,3,1,39,5,1,0,.280,.320,.381,.701,.322,101.2,-0.12
656,40,강한울,20삼SS,0.56,34,122,105,13,32,3,0,1,38,10,1,0,11,0,0,24,3,5,1,.305,.368,.362,.729,.330,91.1,0.45
657,41,최영진,20삼3B,0.51,58,118,101,15,30,3,0,1,36,11,2,3,13,2,0,16,3,1,1,.297,.385,.356,.741,.351,104.3,-0.70
658,42,윌리엄슨,19삼RF,0.46,40,168,154,19,42,7,1,4,63,15,0,1,13,0,0,50,2,0,1,.273,.327,.409,.737,.339,101.9,-0.42
659,43,김상수,18삼SS,0.44,122,499,453,63,119,13,1,10,164,50,12,9,27,8,0,91,11,8,3,.263,.314,.362,.676,.299,67.1,-1.49
660,44,김민수,21삼C,0.42,47,87,76,9,20,5,0,3,34,13,0,0,6,1,0,13,2,2,2,.263,.318,.447,.765,.339,96.7,0.16
661,45,김상수,21삼2B,0.38,132,496,429,46,101,17,1,3,129,42,4,2,52,3,0,51,14,8,4,.235,.320,.301,.620,.298,71.7,-1.26
662,46,이학주,20삼SS,0.36,64,243,206,30,47,11,0,4,70,28,6,2,26,2,1,58,3,4,5,.228,.314,.340,.654,.298,68.5,-0.22
663,47,최영진,21삼3B,0.32,44,63,57,9,16,1,2,1,24,6,1,0,5,1,0,12,1,0,0,.281,.349,.421,.770,.360,114.0,-0.08
664,48,오선진,22삼3B,0.30,41,153,132,10,35,3,0,2,44,15,2,1,10,1,0,25,0,9,1,.265,.319,.333,.653,.290,78.3,-0.17
665,49,이성곤,20삼1B,0.27,62,154,139,16,39,7,0,5,61,18,2,0,11,0,0,38,3,2,2,.281,.329,.439,.768,.340,95.2,-0.23
666,50,최영진,19삼3B,0.23,96,275,251,29,63,15,1,5,95,20,4,1,14,2,2,47,4,8,0,.251,.296,.378,.674,.299,74.9,-1.26
667,51,공민규,19삼1B,0.21,28,60,53,4,13,1,0,3,23,6,0,0,6,1,0,18,0,0,0,.245,.333,.434,.767,.352,108.8,0.10
668,52,최영진,18삼1B,0.19,61,140,126,13,37,7,0,4,56,18,2,4,10,0,0,30,6,2,2,.294,.341,.444,.785,.338,92.3,-0.61
669,53,강한울,21삼3B,0.19,124,258,223,25,58,5,0,0,63,27,2,2,29,0,0,58,5,3,3,.260,.341,.283,.624,.305,77.6,-0.26
670,54,송준석,20삼RF,0.12,32,50,47,5,13,5,0,1,21,7,0,0,2,1,0,6,4,0,0,.277,.320,.447,.767,.345,98.7,0.19
671,55,김지찬,20삼2B,0.12,135,287,254,47,59,5,1,1,69,13,21,4,24,2,0,44,1,5,2,.232,.301,.272,.573,.272,53.4,-1.61
672,56,김도환,19삼C,0.10,61,106,93,7,19,6,0,2,31,7,0,0,8,0,0,36,0,4,1,.204,.265,.333,.598,.266,52.0,-0.44
673,57,박한이,19삼DH,0.10,30,85,74,6,19,3,0,2,28,13,0,0,9,0,0,17,0,1,1,.257,.333,.378,.712,.327,93.9,0.32
674,58,강한울,22삼3B,0.10,48,91,83,12,20,4,0,0,24,6,1,0,6,0,0,28,2,1,1,.241,.289,.289,.578,.271,67.1,-1.12
675,59,송준석,21삼LF,0.06,19,55,51,5,12,2,0,2,20,4,0,0,3,1,0,13,1,0,0,.235,.291,.392,.683,.317,81.8,-0.22
676,60,이해승,22삼SS,0.02,19,61,56,5,16,2,0,0,18,3,0,0,0,0,0,15,0,5,0,.286,.286,.321,.607,.260,59.2,-0.25
677,61,강민호,22삼C,0.02,59,212,191,11,43,8,1,1,56,24,0,0,16,2,3,27,11,0,3,.225,.288,.293,.581,.269,64.9,-0.55
678,62,이원석,22삼3B,0.02,29,119,99,11,22,3,0,4,37,18,0,0,12,0,1,29,5,3,5,.222,.293,.374,.667,.292,77.2,-0.15
679,63,김성훈,18삼2B,0.02,110,212,185,24,45,9,3,0,60,24,12,6,16,6,0,23,2,3,2,.243,.321,.324,.645,.294,64.3,0.12
680,64,이학주,21삼SS,-0.04,66,174,155,17,32,8,0,4,52,20,2,2,14,1,0,61,3,4,0,.206,.277,.335,.612,.282,60.5,-0.39
681,65,박승규,21삼LF,-0.05,59,78,66,13,12,1,0,3,22,5,1,1,9,2,0,9,4,1,0,.182,.299,.333,.632,.299,69.3,-0.27
682,66,김상수,22삼2B,-0.06,20,83,73,6,12,3,0,1,18,12,1,0,10,0,0,16,1,0,0,.164,.265,.247,.512,.250,50.9,-0.65
683,67,송준석,19삼LF,-0.08,26,56,51,6,12,3,0,1,18,4,0,0,2,1,0,14,3,1,1,.235,.273,.353,.626,.282,63.0,-0.43
684,68,김호재,21삼1B,-0.14,87,90,75,9,17,2,0,0,19,7,0,0,9,2,0,14,0,3,1,.227,.322,.253,.575,.280,60.2,-0.15
685,69,박찬도,18삼RF,-0.14,54,82,73,13,17,4,1,0,23,5,3,3,8,0,0,28,0,1,0,.233,.309,.315,.624,.285,59.2,0.09
686,70,박찬도,20삼LF,-0.15,51,116,96,20,21,5,0,1,29,8,5,1,15,1,1,22,2,2,2,.219,.325,.302,.627,.292,65.2,-0.62
687,71,이재현,22삼SS,-0.21,44,142,138,15,32,2,0,3,43,10,0,0,1,1,0,28,4,2,0,.232,.243,.312,.555,.253,51.9,-0.87
688,72,김응민,20삼C,-0.23,45,85,76,7,17,1,0,0,18,5,0,0,5,1,0,22,1,3,0,.224,.281,.237,.517,.245,35.6,0.05
689,73,김동엽,22삼DH,-0.25,25,90,86,8,21,5,0,2,32,4,0,3,3,0,0,20,0,0,1,.244,.267,.372,.639,.291,78.2,-0.30
690,74,강한울,18삼2B,-0.28,83,209,193,20,50,5,2,0,59,8,3,4,12,1,0,34,1,3,0,.259,.306,.306,.612,.279,55.0,-1.19
691,75,배영섭,18삼LF,-0.28,69,168,147,15,36,6,0,0,42,13,1,0,16,3,2,35,2,2,0,.245,.331,.286,.617,.286,59.7,-0.35
692,76,김동엽,21삼LF,-0.28,69,203,185,20,44,9,0,4,65,24,2,1,10,4,0,42,2,0,4,.238,.286,.351,.637,.297,70.2,-0.53
693,77,조동찬,18삼1B,-0.30,28,59,54,5,12,1,0,1,16,2,0,0,4,0,0,14,2,1,0,.222,.276,.296,.572,.258,40.1,-0.57
694,78,김헌곤,20삼RF,-0.31,97,283,254,26,63,8,0,3,80,34,7,5,22,3,0,31,7,1,3,.248,.312,.315,.627,.295,67.7,-1.15
695,79,김성훈,19삼2B,-0.32,65,88,77,14,14,1,1,1,20,5,4,3,7,0,0,11,0,4,0,.182,.250,.260,.510,.233,31.0,-0.22
696,80,박승규,20삼RF,-0.34,91,196,182,24,47,11,0,1,61,14,4,5,7,3,0,32,4,4,0,.258,.297,.335,.632,.288,63.6,-0.48
697,81,최영진,22삼1B,-0.36,34,63,56,2,10,2,0,0,12,5,2,2,6,0,0,14,1,1,0,.179,.258,.214,.472,.230,38.2,-0.03
698,82,팔카,20삼DH,-0.66,51,217,196,17,41,7,0,8,72,23,2,0,18,0,0,58,5,0,3,.209,.272,.367,.639,.288,60.3,-0.64
699,83,손주인,18삼2B,-0.70,98,297,265,26,63,10,0,4,85,28,3,0,11,7,0,40,11,10,4,.238,.282,.321,.603,.263,43.4,-1.49
700,84,김동엽,19삼DH,-0.85,60,211,195,15,42,4,1,6,66,25,2,1,12,2,0,47,2,0,2,.215,.265,.338,.604,.279,60.7,0.08
701,85,이성규,20삼1B,-0.91,98,245,216,25,39,7,1,10,78,30,3,1,18,5,0,64,7,4,2,.181,.257,.361,.618,.274,50.7,-1.73
702,86,박계범,20삼SS,-0.91,80,175,164,21,32,7,0,3,48,16,3,2,7,0,0,42,3,3,1,.195,.227,.293,.519,.233,26.1,-0.90
703,87,김헌곤,22삼CF,-1.53,56,172,159,13,27,3,0,0,30,12,2,1,7,1,0,15,8,2,3,.170,.206,.189,.395,.188,9.2,-1.70
704,1,김하성,19키SS,7.17,139,625,540,112,166,38,2,19,265,104,33,4,70,7,4,80,12,1,7,.307,.389,.491,.880,.397,145.7,4.52
705,2,김하성,20키SS,6.83,138,622,533,111,163,24,1,30,279,109,23,2,75,8,3,68,12,3,3,.306,.397,.523,.921,.407,147.0,4.22
706,3,이정후,21키CF,6.73,123,544,464,78,167,42,6,7,242,84,10,3,62,9,1,37,8,0,9,.360,.438,.522,.959,.441,165.2,3.17
707,4,샌즈,19키RF,6.16,139,613,525,100,160,39,1,28,285,113,1,2,77,6,1,101,17,0,5,.305,.396,.543,.939,.421,163.0,3.45
708,5,이정후,20키RF,5.56,140,617,544,85,181,49,5,15,285,101,12,2,59,4,6,47,16,2,8,.333,.397,.524,.921,.406,142.8,3.81
709,6,박병호,19키1B,5.46,122,532,432,92,121,22,0,33,242,98,0,1,78,13,5,117,7,0,9,.280,.399,.560,.959,.422,165.8,2.21
710,7,이정후,19키LF,4.88,140,630,574,91,193,31,10,6,262,68,13,7,45,4,0,40,15,3,4,.336,.386,.456,.842,.386,135.1,1.39
711,8,김혜성,21키SS,4.73,144,634,559,99,170,20,3,3,205,66,46,4,64,1,3,97,8,0,10,.304,.371,.367,.737,.351,106.2,0.99
712,9,이정후,22키CF,4.50,69,304,265,38,93,15,2,12,148,51,2,0,35,2,8,14,7,0,2,.351,.428,.558,.986,.438,184.0,3.08
713,10,이용규,21키LF,3.10,133,547,459,88,136,16,8,1,171,43,16,2,71,5,2,46,5,6,6,.296,.392,.373,.764,.363,112.7,1.73
714,11,박동원,21키C,3.09,131,481,413,61,103,21,0,22,190,83,2,0,53,7,0,114,12,5,3,.249,.342,.460,.803,.364,120.5,1.29
715,12,박동원,19키C,2.92,112,361,317,50,94,15,1,10,141,55,1,0,34,2,0,56,10,7,1,.297,.367,.445,.812,.367,125.2,1.37
716,13,김혜성,20키2B,2.72,142,553,499,80,142,24,6,7,199,61,25,7,46,2,0,94,6,2,4,.285,.345,.399,.744,.341,98.7,1.38
717,14,서건창,19키2B,2.34,113,486,426,67,128,23,3,2,163,41,17,3,49,3,1,50,5,3,5,.300,.373,.383,.755,.352,112.6,0.10
718,15,김혜성,22키2B,2.29,71,312,277,44,77,7,4,2,98,28,27,4,33,0,2,47,5,0,2,.278,.353,.354,.706,.331,107.1,0.81
719,16,박동원,20키C,2.24,112,372,324,45,81,21,0,12,138,50,0,0,38,6,0,68,10,2,2,.250,.338,.426,.764,.345,104.5,0.23
720,17,서건창,20키DH,2.17,135,595,484,79,134,28,5,5,187,52,24,10,91,5,1,58,8,5,10,.277,.390,.386,.776,.361,111.4,1.19
721,18,김혜성,19키2B,1.90,122,387,348,57,96,17,6,0,125,32,20,3,29,2,1,85,4,4,4,.276,.332,.359,.691,.319,88.1,0.25
722,19,박준태,20키CF,1.89,128,443,347,71,85,13,1,5,115,29,5,1,65,19,0,120,4,9,3,.245,.389,.331,.721,.344,101.8,0.81
723,20,박병호,20키1B,1.81,93,383,309,56,69,7,0,21,139,66,0,0,57,9,2,114,8,0,8,.223,.353,.450,.802,.357,115.7,0.50
724,21,서건창,21키2B,1.70,76,332,277,45,72,12,1,4,98,28,6,4,45,6,2,43,9,1,3,.260,.372,.354,.725,.348,105.4,0.43
725,22,송우현,21키RF,1.51,69,282,250,34,74,17,2,3,104,42,1,1,28,2,1,49,4,1,1,.296,.370,.416,.786,.368,117.4,0.62
726,23,박병호,21키1B,1.47,118,477,409,48,93,23,0,20,176,76,0,1,47,14,3,141,9,0,7,.227,.323,.430,.753,.343,106.4,0.01
727,24,허정협,20키LF,1.28,111,360,314,45,84,12,0,10,126,43,0,0,40,2,0,73,7,3,1,.268,.353,.401,.754,.346,104.5,1.38
728,25,푸이그,22키RF,1.16,64,271,237,33,55,15,0,8,94,32,5,0,27,6,1,55,3,0,1,.232,.325,.397,.721,.333,111.7,-0.07
729,26,이지영,20키C,1.14,101,289,262,22,81,10,2,0,95,36,1,1,19,4,1,28,8,3,1,.309,.364,.363,.726,.338,95.4,0.37
730,27,송성문,22키3B,1.04,71,303,284,32,71,15,3,6,110,42,0,0,16,0,2,37,4,0,3,.250,.287,.387,.675,.305,90.5,-0.36
731,28,김휘집,22키SS,0.99,40,129,107,19,31,6,0,1,40,12,0,0,15,4,0,37,2,1,2,.290,.391,.374,.765,.359,127.8,0.62
732,29,송성문,21키3B,0.94,66,274,245,30,61,10,1,6,91,33,0,0,25,1,0,42,2,2,1,.249,.320,.371,.691,.323,90.2,0.26
733,30,이지영,19키C,0.88,106,331,308,40,87,5,1,1,97,39,5,1,15,1,1,28,14,6,1,.282,.317,.315,.632,.293,73.3,-1.51
734,31,김웅빈,21키3B,0.78,97,278,231,23,55,13,1,5,85,34,1,1,34,9,2,73,2,2,2,.238,.355,.368,.723,.341,101.6,0.26
735,32,김웅빈,20키1B,0.75,73,235,207,25,57,13,0,8,94,31,1,0,17,3,1,65,6,5,3,.275,.335,.454,.789,.344,104.1,0.14
736,33,전병우,20키3B,0.71,119,402,359,46,85,13,3,8,128,48,7,0,37,2,0,100,7,2,2,.237,.310,.357,.667,.307,77.8,0.20
737,34,임병욱,19키CF,0.57,117,419,379,39,92,17,5,0,119,41,10,2,23,11,0,110,6,6,0,.243,.305,.314,.619,.290,69.1,0.33
738,35,장영석,19키3B,0.53,119,413,372,41,92,15,0,7,128,62,0,0,27,9,0,77,14,0,5,.247,.310,.344,.654,.307,83.4,0.11
739,36,김수환,22키1B,0.49,28,89,76,10,18,5,0,3,32,8,0,0,11,1,0,26,0,1,0,.237,.341,.421,.762,.348,122.9,-0.22
740,37,전병우,21키3B,0.44,114,260,213,35,40,8,0,6,66,31,3,1,33,9,0,82,0,4,1,.188,.320,.310,.630,.304,78.4,-0.20
741,38,김주형,22키SS,0.43,40,120,102,13,20,7,1,1,32,5,1,0,4,13,0,29,3,0,1,.196,.308,.314,.622,.300,84.8,-0.87
742,39,러셀,20키2B,0.42,65,271,244,22,62,14,0,2,82,31,2,0,22,2,1,37,6,0,3,.254,.317,.336,.653,.305,75.0,-1.03
743,40,이지영,21키C,0.33,108,257,232,29,63,5,1,0,70,30,3,1,19,1,2,17,10,2,3,.272,.326,.302,.627,.299,71.1,-0.87
744,41,크레익,21키1B,0.30,61,247,222,25,55,12,0,6,85,30,0,1,20,4,1,43,4,0,1,.248,.320,.383,.703,.328,93.9,-0.52
745,42,김주형,21키SS,0.30,36,70,50,5,9,3,0,0,12,5,1,0,4,13,0,15,0,3,0,.180,.388,.240,.628,.324,86.2,0.13
746,43,이지영,22키C,0.28,66,213,196,13,46,6,3,0,58,16,0,0,13,0,1,24,5,4,0,.235,.282,.296,.578,.266,61.4,-1.44
747,44,김규민,19키LF,0.28,94,250,222,33,55,8,1,3,74,24,2,4,22,4,0,68,4,0,2,.248,.324,.333,.657,.312,86.0,-0.62
748,45,박찬혁,22키DH,0.26,38,137,125,13,26,5,0,6,49,16,0,1,8,4,0,54,0,0,0,.208,.277,.392,.669,.307,96.1,-0.02
749,46,김태진,22키LF,0.21,20,84,78,14,24,2,0,0,26,4,0,2,4,0,0,7,0,1,1,.308,.337,.333,.671,.312,94.3,-0.17
750,47,김주형,20키3B,0.19,39,50,43,8,10,3,0,1,16,6,0,1,4,2,0,10,0,1,0,.233,.327,.372,.699,.319,85.8,-0.33
751,48,변상권,20키CF,0.14,35,64,62,7,17,5,0,1,25,16,0,0,1,0,0,20,2,0,1,.274,.281,.403,.685,.305,76.5,0.15
752,49,김웅빈,22키DH,0.11,20,71,63,11,16,4,0,1,23,6,0,1,7,0,1,23,0,1,0,.254,.329,.365,.694,.315,98.1,-0.52
753,50,김재현,21키C,0.03,39,51,46,2,10,7,0,0,17,8,0,1,3,0,0,12,1,2,0,.217,.265,.370,.635,.282,58.8,-0.21
754,51,박준태,21키RF,0.03,27,58,46,10,9,3,0,0,12,4,1,0,10,2,0,16,0,0,0,.196,.362,.261,.623,.321,86.6,-0.18
755,52,박주홍,22키LF,0.03,20,56,48,4,11,1,1,0,14,3,0,0,8,0,1,18,1,0,0,.229,.339,.292,.631,.300,84.7,-0.21
756,53,전병우,22키1B,0.01,65,174,149,11,32,5,0,5,52,14,0,0,12,5,0,42,4,7,1,.215,.293,.349,.642,.289,81.0,-0.96
757,54,김준완,22키LF,-0.03,42,116,90,13,18,3,1,0,23,7,0,0,19,3,0,16,1,2,2,.200,.351,.256,.606,.299,84.4,-0.16
758,55,프레이타스,21키DH,-0.04,43,148,139,13,36,10,0,2,52,14,0,0,7,1,0,29,7,0,1,.259,.297,.374,.671,.313,81.8,-0.65
759,56,박정음,19키LF,-0.09,60,88,71,13,14,2,1,0,18,7,6,5,11,5,0,31,1,1,0,.197,.345,.254,.598,.300,75.9,-0.14
760,57,허정협,19키LF,-0.13,37,77,68,3,16,1,0,0,17,8,0,0,7,1,0,19,1,0,1,.235,.312,.250,.562,.277,61.9,-0.34
761,58,주효상,20키C,-0.14,63,101,84,6,16,4,0,0,20,7,0,0,13,0,0,26,0,3,1,.190,.296,.238,.534,.257,43.7,0.07
762,59,송성문,19키3B,-0.16,103,335,308,33,70,12,5,3,101,34,2,1,19,0,0,53,7,4,4,.227,.269,.328,.597,.272,57.6,-1.76
763,60,이택근,20키LF,-0.21,20,64,57,5,11,5,0,0,16,7,0,0,7,0,0,21,1,0,0,.193,.281,.281,.562,.269,51.6,-0.11
764,61,신준우,21키SS,-0.25,56,51,42,7,7,3,0,0,10,4,0,1,4,3,0,21,1,1,1,.167,.280,.238,.518,.256,42.9,-0.20
765,62,허정협,21키LF,-0.37,28,51,45,4,7,0,0,0,7,2,0,0,6,0,0,10,1,0,0,.156,.255,.156,.411,.218,19.0,0.11
766,63,김휘집,21키3B,-0.38,34,89,70,9,9,1,0,1,13,8,1,0,13,2,0,23,0,3,1,.129,.279,.186,.465,.238,33.6,-0.48
767,64,변상권,21키LF,-0.40,72,171,159,19,38,5,4,0,51,20,0,0,9,0,0,40,2,0,3,.239,.275,.321,.596,.279,56.1,0.62
768,65,박주홍,21키DH,-0.45,23,56,47,4,5,2,0,0,7,3,1,1,9,0,0,21,1,0,0,.106,.250,.149,.399,.217,18.3,-0.34
769,66,이용규,22키LF,-0.51,32,139,118,15,22,4,0,0,26,8,4,2,17,1,0,13,1,1,2,.186,.290,.220,.510,.253,53.6,-0.62
770,67,김규민,20키LF,-0.56,54,111,101,13,21,2,1,1,28,6,1,0,5,1,0,24,3,3,1,.208,.250,.277,.527,.240,31.9,-1.13
771,68,예진원,21키CF,-0.75,52,132,114,16,18,6,1,1,29,8,0,1,12,2,0,28,2,3,1,.158,.248,.254,.502,.240,32.5,-1.33
772,1,정은원,21한2B,4.46,139,608,495,85,140,22,5,6,190,39,19,11,105,1,1,105,9,4,3,.283,.407,.384,.791,.379,126.6,1.76
773,2,노시환,21한3B,3.75,107,458,380,56,103,18,1,18,177,84,5,2,73,1,9,107,15,0,4,.271,.387,.466,.852,.387,131.8,1.82
774,3,호잉,18한RF,3.72,142,590,529,85,162,47,2,30,303,110,23,9,51,5,10,93,5,0,5,.306,.370,.573,.942,.391,124.8,4.72
775,4,최재훈,21한C,3.67,116,467,375,52,103,21,0,7,145,44,3,2,71,13,2,68,16,5,3,.275,.405,.387,.791,.376,124.6,1.03
776,5,최재훈,19한C,3.55,135,451,373,47,108,18,0,3,135,31,3,10,56,14,0,61,9,4,4,.290,.398,.362,.760,.362,122.0,-0.01
777,6,호잉,19한RF,3.51,124,525,476,74,135,26,2,18,219,73,22,7,38,5,5,90,6,1,5,.284,.340,.460,.800,.359,120.9,1.69
778,7,하주석,21한SS,3.09,138,594,525,84,143,27,3,10,206,68,23,6,51,10,1,135,9,5,3,.272,.346,.392,.739,.345,104.4,-1.37
779,8,최재훈,20한C,2.77,126,389,339,46,102,19,0,3,130,36,0,0,29,16,0,44,7,5,0,.301,.383,.383,.766,.358,111.1,0.51
780,9,정은원,22한2B,2.51,67,290,251,37,74,11,2,5,104,29,5,0,36,0,0,57,5,1,2,.295,.381,.414,.795,.369,134.6,-0.17
781,10,이성열,19한RF,2.45,129,476,414,60,106,21,1,21,192,85,8,4,48,9,1,114,7,1,4,.256,.343,.464,.807,.364,124.7,1.76
782,11,터크먼,22한CF,2.40,69,308,278,44,84,16,3,4,118,16,13,6,25,3,2,54,7,0,2,.302,.364,.424,.788,.362,130.4,-0.36
783,12,이용규,20한CF,2.21,120,487,419,60,120,14,2,1,141,32,17,8,59,6,0,36,9,2,1,.286,.381,.337,.718,.345,102.8,1.07
784,13,정은원,19한2B,2.06,142,624,564,83,148,27,6,8,211,57,14,7,48,0,0,101,6,6,6,.262,.317,.374,.691,.317,91.8,0.05
785,14,노시환,22한3B,2.01,56,230,196,29,58,11,1,3,80,31,2,2,31,2,0,45,8,0,1,.296,.396,.408,.804,.377,140.3,1.58
786,15,김태연,21한3B,1.91,53,220,176,29,53,12,0,3,74,34,5,3,34,5,0,44,4,0,5,.301,.418,.420,.839,.397,138.8,1.99
787,16,김태균,19한DH,1.90,127,500,433,47,132,21,0,6,171,62,3,0,54,5,5,94,15,0,8,.305,.382,.395,.777,.360,121.8,0.40
788,17,이성열,18한DH,1.87,131,528,485,76,143,21,1,34,268,102,9,7,35,5,3,143,9,1,2,.295,.347,.553,.900,.377,114.2,3.15
789,18,이용규,18한CF,1.84,134,575,491,82,144,14,1,1,163,36,30,11,59,12,0,62,8,8,5,.293,.379,.332,.711,.331,88.6,-0.72
790,19,정근우,18한2B,1.64,102,425,375,63,114,24,1,11,173,57,6,5,39,7,1,43,12,1,3,.304,.377,.461,.839,.369,111.8,2.90
791,20,송광민,18한3B,1.58,113,460,434,63,129,24,0,18,207,79,4,4,18,4,0,93,13,0,4,.297,.328,.477,.805,.346,96.4,1.16
792,21,강경학,18한2B,1.38,77,289,245,42,68,11,1,5,96,27,6,3,38,4,0,59,7,1,1,.278,.382,.392,.774,.353,101.4,0.77
793,22,반즈,20한1B,1.23,74,319,283,38,75,17,1,9,121,42,2,1,27,7,1,81,4,0,2,.265,.342,.428,.769,.349,104.5,0.31
794,23,이성곤,21한1B,1.06,60,206,172,17,46,12,2,1,65,24,1,3,29,3,0,52,4,1,1,.267,.381,.378,.758,.363,116.0,-0.81
795,24,송광민,19한3B,1.04,122,486,454,50,119,21,0,7,161,51,8,2,21,3,0,91,18,3,5,.262,.296,.355,.651,.300,80.0,-1.60
796,25,정은원,20한2B,0.92,79,303,254,28,63,9,2,3,85,29,1,1,41,5,0,41,4,2,1,.248,.362,.335,.697,.332,94.1,-0.20
797,26,노시환,20한3B,0.83,107,387,346,46,76,18,2,12,134,43,0,1,33,6,1,116,8,1,1,.220,.298,.387,.685,.310,78.7,-2.10
798,27,김인환,22한1B,0.83,42,158,148,19,42,6,0,7,69,23,0,0,9,0,0,42,2,0,1,.284,.323,.466,.789,.358,126.5,0.05
799,28,하주석,20한SS,0.83,72,281,262,22,75,11,0,2,92,32,4,1,13,2,0,66,3,2,2,.286,.323,.351,.674,.312,81.0,-0.50
800,29,최재훈,18한C,0.77,128,341,298,36,78,17,0,1,98,27,8,0,20,15,0,61,8,6,2,.262,.337,.329,.666,.305,71.1,-0.34
801,30,정근우,19한CF,0.75,88,305,277,37,77,10,1,3,98,30,8,5,20,4,1,43,11,3,1,.278,.334,.354,.688,.320,94.3,-0.50
802,31,페레즈,21한1B,0.69,59,252,225,26,60,15,1,5,92,33,4,5,17,4,0,52,4,0,6,.267,.321,.409,.730,.337,98.6,-0.50
803,32,지성준,18한C,0.61,99,224,207,22,57,7,0,7,85,29,1,0,12,2,0,55,6,2,1,.275,.320,.411,.730,.319,78.7,2.43
804,33,장진혁,19한CF,0.61,113,349,315,42,80,16,5,1,109,24,13,5,26,5,0,74,4,2,1,.254,.320,.346,.666,.312,88.2,-0.72
805,34,오선진,19한SS,0.59,122,453,392,37,88,16,0,3,113,36,7,2,38,10,0,72,8,10,3,.224,.307,.288,.595,.281,66.7,-1.28
806,35,최재훈,22한C,0.57,60,238,198,19,41,6,0,1,50,14,1,0,25,10,0,37,7,2,2,.207,.323,.253,.576,.283,74.9,-1.03
807,36,김태균,18한DH,0.47,73,271,254,25,80,11,0,10,121,34,0,1,13,4,1,56,7,0,0,.315,.358,.476,.834,.364,108.2,1.53
808,37,권광민,22한LF,0.46,20,54,39,3,10,2,1,0,14,6,0,1,13,1,0,18,0,0,1,.256,.444,.359,.803,.388,147.9,-0.12
809,38,이해창,20한C,0.46,70,135,119,11,32,5,0,3,46,17,0,2,9,4,0,23,6,1,2,.269,.336,.387,.722,.330,92.7,-0.29
810,39,강경학,20한2B,0.40,94,238,193,25,44,7,1,4,65,19,1,2,35,3,0,64,2,5,2,.228,.352,.337,.689,.322,86.8,0.57
811,40,힐리,21한1B,0.35,67,268,249,27,64,11,1,7,98,37,2,1,16,2,0,58,6,0,1,.257,.306,.394,.700,.325,91.0,-0.57
812,41,김회성,18한3B,0.34,58,102,85,15,22,5,0,4,39,17,1,0,11,3,0,26,3,3,0,.259,.364,.459,.823,.351,98.8,0.25
813,42,최진행,19한LF,0.34,45,129,117,10,27,6,0,6,51,19,0,0,9,2,0,28,3,0,1,.231,.295,.436,.731,.330,100.5,0.09
814,43,김민하,20한RF,0.34,36,85,74,10,21,6,0,1,30,11,0,0,8,2,0,16,2,1,0,.284,.369,.405,.775,.356,109.5,-0.01
815,44,지성준,19한C,0.33,58,109,104,7,26,6,0,2,38,11,0,0,5,0,0,21,3,0,0,.250,.284,.365,.650,.300,79.7,-1.02
816,45,정진호,20한LF,0.32,113,326,282,30,78,14,1,2,100,19,9,7,29,3,1,50,5,10,2,.277,.348,.355,.703,.320,85.8,-0.84
817,46,정은원,18한2B,0.32,98,227,201,33,50,5,3,4,73,20,5,1,22,1,0,50,0,2,1,.249,.324,.363,.688,.308,71.5,-0.46
818,47,이진영,22한RF,0.31,45,162,151,25,33,8,1,7,64,25,2,1,10,0,0,59,3,0,1,.219,.265,.424,.689,.310,93.5,-0.97
819,48,노수광,21한CF,0.30,52,180,160,21,37,7,0,3,53,14,13,1,17,1,0,46,1,2,0,.231,.309,.331,.640,.304,76.4,-0.64
820,49,박상언,22한C,0.29,25,54,49,8,13,3,0,2,22,7,0,2,3,0,0,9,0,2,0,.265,.308,.449,.757,.331,108.1,0.06
821,50,최인호,21한LF,0.27,49,164,136,17,28,6,0,4,46,23,2,1,24,2,0,43,1,0,2,.206,.329,.338,.668,.321,87.7,-0.76
822,51,하주석,18한SS,0.26,141,517,484,67,123,20,3,9,176,52,14,12,28,4,0,130,7,1,0,.254,.300,.364,.664,.296,64.3,-1.46
823,52,강경학,19한SS,0.25,52,135,113,21,27,4,0,0,31,12,1,2,15,3,0,32,3,3,1,.239,.341,.274,.615,.297,77.6,-0.26
824,53,김민하,19한LF,0.22,72,140,125,14,32,6,0,2,44,14,5,2,9,3,0,41,4,2,1,.256,.319,.352,.671,.311,87.7,-0.66
825,54,김회성,19한1B,0.17,58,117,104,7,24,4,0,3,37,18,2,1,11,0,0,24,1,1,1,.231,.302,.356,.658,.303,82.2,0.16
826,55,박정현,20한SS,0.13,30,64,61,6,17,3,0,1,23,9,0,0,3,0,0,17,2,0,0,.279,.313,.377,.690,.317,84.2,-0.05
827,56,하주석,22한SS,0.10,60,222,202,23,43,7,0,3,59,31,10,3,16,2,1,62,2,0,2,.213,.275,.292,.567,.267,63.8,-0.07
828,57,노수광,20한CF,0.05,71,247,216,26,53,8,1,0,63,16,9,3,27,2,2,48,2,1,1,.245,.333,.292,.625,.299,72.3,-0.77
829,58,김문호,20한1B,0.05,18,52,46,6,10,1,0,2,17,5,0,0,5,1,0,11,1,0,0,.217,.308,.370,.677,.312,80.3,0.17
830,59,조한민,21한RF,0.05,52,145,127,15,25,6,2,5,50,18,3,2,13,2,0,57,4,1,2,.197,.278,.394,.672,.305,77.6,-0.92
831,60,김민하,21한RF,0.04,46,142,115,14,24,4,1,1,33,17,6,3,17,8,0,36,3,0,2,.209,.345,.287,.632,.317,85.1,-0.49
832,61,박정현,22한SS,0.02,43,129,123,16,29,1,1,3,41,13,4,1,5,0,0,34,1,1,0,.236,.266,.333,.599,.275,70.2,-0.77
833,62,변우혁,19한1B,-0.01,29,61,53,7,12,1,0,1,16,2,0,0,7,1,0,17,3,0,0,.226,.328,.302,.630,.306,84.3,-0.35
834,63,조한민,20한SS,-0.07,25,52,50,7,11,4,0,0,15,2,0,0,0,2,0,22,0,0,0,.220,.250,.300,.550,.255,43.5,-0.25
835,64,최진행,20한DH,-0.08,84,240,214,23,50,5,0,8,79,30,0,0,18,5,0,59,11,0,3,.234,.304,.369,.673,.309,78.1,-0.59
836,65,이성곤,22한1B,-0.11,27,80,68,4,14,3,0,0,17,4,1,1,12,0,0,23,0,0,0,.206,.325,.250,.575,.286,77.4,-0.10
837,66,백창수,18한LF,-0.11,70,169,152,21,37,15,1,3,63,18,0,0,12,4,0,36,5,0,1,.243,.314,.414,.728,.320,79.1,-0.47
838,67,양성우,18한LF,-0.12,73,236,209,32,53,9,0,2,68,13,1,1,22,4,2,32,8,0,1,.254,.335,.325,.660,.304,69.8,-0.19
839,68,오선진,20한SS,-0.13,93,222,197,17,46,4,0,2,56,17,0,1,16,3,0,39,10,6,0,.234,.301,.284,.585,.274,55.6,-1.03
840,69,허관회,21한C,-0.16,28,79,63,4,12,0,0,0,12,2,0,0,13,1,0,22,1,0,2,.190,.329,.190,.520,.277,58.2,-0.57
841,70,이동훈,18한LF,-0.17,28,50,46,6,11,1,0,1,15,2,0,1,3,1,0,8,1,0,0,.239,.300,.326,.626,.286,57.6,-0.33
842,71,이도윤,22한SS,-0.17,50,87,80,7,14,5,0,1,22,4,3,1,5,0,0,24,0,1,1,.175,.221,.275,.496,.228,37.2,-0.75
843,72,송광민,20한3B,-0.19,94,298,277,31,65,12,0,9,104,43,0,0,14,3,1,69,17,1,3,.235,.276,.375,.652,.291,66.5,-1.29
844,73,임종찬,22한RF,-0.24,20,57,53,2,10,1,0,2,17,6,0,1,3,0,1,23,1,0,1,.189,.228,.321,.549,.242,46.9,-0.12
845,74,노수광,22한LF,-0.27,57,185,164,14,35,7,5,1,55,17,9,4,16,0,1,57,0,4,1,.213,.282,.335,.617,.278,72.8,-0.57
846,75,노태형,20한2B,-0.27,55,113,102,14,22,4,1,0,28,6,0,1,7,3,0,31,0,1,0,.216,.286,.275,.560,.267,51.6,-0.28
847,76,백용환,21한C,-0.27,36,95,81,10,12,1,0,4,25,4,0,0,9,3,0,24,4,2,0,.148,.258,.309,.567,.265,50.3,0.44
848,77,이성열,21한DH,-0.27,46,140,119,15,25,8,0,2,39,20,1,0,18,1,0,36,2,0,2,.210,.314,.328,.642,.308,79.0,0.32
849,78,유장혁,19한LF,-0.28,38,61,55,10,9,1,0,1,13,4,3,0,5,0,0,17,0,0,1,.164,.230,.236,.466,.223,27.0,-0.38
850,79,김태연,22한3B,-0.29,52,198,178,19,37,6,0,2,49,25,2,2,16,2,1,51,5,0,2,.208,.278,.275,.553,.262,61.0,-1.43
851,80,장운호,21한RF,-0.30,102,338,285,36,67,10,0,0,77,28,3,6,36,7,0,77,7,7,3,.235,.332,.270,.603,.295,71.0,-1.65
852,81,장지승,21한RF,-0.30,24,72,61,7,11,1,0,1,15,5,2,0,7,1,0,24,4,2,1,.180,.271,.246,.517,.249,40.1,-0.70
853,82,오선진,18한3B,-0.32,56,148,133,14,30,4,0,1,37,9,3,0,7,5,0,33,2,3,0,.226,.290,.278,.568,.261,42.0,-0.69
854,83,임종찬,20한RF,-0.33,52,119,108,5,25,5,0,1,33,12,0,1,9,1,0,38,2,1,0,.231,.297,.306,.602,.283,61.5,-0.49
855,84,이동훈,21한CF,-0.37,33,62,53,8,10,1,0,0,11,2,2,2,3,2,0,12,2,4,0,.189,.259,.208,.466,.221,21.5,-0.51
856,85,최진행,18한LF,-0.39,57,154,136,14,29,3,0,7,53,13,0,1,15,3,0,53,5,0,0,.213,.305,.390,.695,.307,69.2,-0.26
857,86,이해창,21한C,-0.41,20,60,54,4,9,3,0,0,12,4,0,1,1,1,0,13,0,3,1,.167,.193,.222,.415,.187,-1.2,-0.85
858,87,정진호,21한LF,-0.42,50,167,145,9,33,9,0,0,42,15,4,1,15,1,1,22,5,4,2,.228,.301,.290,.590,.277,58.7,-0.73
859,88,이도윤,21한SS,-0.45,56,68,63,5,11,0,0,0,11,2,1,2,4,0,0,18,1,1,0,.175,.224,.175,.399,.198,6.6,-0.59
860,89,김민하,18한LF,-0.49,59,108,97,13,21,4,0,3,34,17,5,5,5,3,0,30,6,2,1,.216,.274,.351,.624,.271,46.9,-1.25
861,90,박정현,21한SS,-0.52,33,120,107,10,21,4,0,0,25,9,1,0,9,0,0,32,1,3,1,.196,.256,.234,.490,.235,30.9,-0.59
862,91,김태균,20한1B,-0.53,67,254,219,14,48,11,0,2,65,29,0,0,30,2,3,42,8,1,2,.219,.316,.297,.613,.288,64.6,-0.50
863,92,호잉,20한RF,-0.55,34,134,124,12,24,4,0,4,40,14,5,3,9,1,0,34,4,0,0,.194,.254,.323,.576,.265,48.8,-0.50
864,93,이원석,21한CF,-0.71,43,130,114,12,20,1,1,1,26,9,4,2,8,2,0,43,1,4,2,.175,.238,.228,.466,.221,22.0,-1.37
865,94,유장혁,21한CF,-0.72,34,112,98,11,14,5,0,1,22,7,2,1,8,2,0,39,2,2,2,.143,.218,.224,.443,.212,15.3,-1.14
866,95,최인호,20한LF,-0.73,47,135,127,8,30,0,0,0,30,8,0,0,4,1,0,34,3,1,2,.236,.261,.236,.497,.237,31.9,-1.14
867,96,양성우,19한LF,-0.77,56,129,119,11,20,3,0,1,26,6,1,0,9,0,0,28,2,1,0,.168,.227,.218,.445,.214,20.6,-1.12
868,97,노시환,19한1B,-0.80,91,192,177,19,33,8,1,1,46,13,2,2,11,2,0,72,3,1,1,.186,.241,.260,.501,.237,36.4,-1.52
869,98,이성열,20한DH,-0.94,79,248,227,23,46,5,0,8,75,34,1,1,16,5,0,69,4,0,0,.203,.270,.330,.601,.277,57.5,-1.13
870,99,임종찬,21한RF,-1.06,42,146,132,9,20,5,0,1,28,8,0,1,12,1,0,49,2,1,0,.152,.228,.212,.440,.217,18.7,-1.09
