,ranking,name,season_team,war,choolzhang,wanto,sonbal,win,loose,save,hold,inning,silzeom,zachaeck,taza,anta,2hit,3hit,homerun,ballfour,gofour,sagu,samzin,vok,poktu,era,fip,whip,wra+,fip+,wpa
0,1,양현종,19K,7.35,29,2,2,29,16,8,0,0,184.2,56,47,731,165,32,1,6,33,0,2,163,0,1,2.29,1.07,183.1,160.3,3.81
1,2,브룩스,20K,7.16,23,1,1,23,11,4,0,0,151.1,43,42,586,131,18,0,4,24,0,3,130,1,3,2.50,1.02,192.2,177.8,3.39
2,3,양현종,18K,5.21,29,3,0,29,13,11,0,0,184.1,88,85,772,199,33,0,21,43,1,2,152,0,5,4.15,1.31,123.7,117.9,-1.06
3,4,정해영,21K,3.79,64,0,0,0,5,4,34,0,65.1,18,16,272,49,10,0,5,28,1,4,49,0,1,2.20,1.18,201.8,104.7,2.88
4,5,멩덴,21K,3.09,21,0,0,21,8,3,0,0,120.0,53,48,502,109,18,2,12,35,0,8,104,3,2,3.60,1.20,123.5,111.9,0.51
5,6,헥터,18K,2.96,29,1,0,29,11,10,0,0,174.0,102,89,753,209,31,0,25,36,2,4,137,1,4,4.60,1.41,111.5,107.9,-1.24
6,7,장현식,21K,2.93,69,0,0,0,1,5,1,34,76.2,28,28,336,67,7,1,7,42,1,3,80,0,8,3.29,1.42,135.3,107.3,1.98
7,8,문경찬,19K,2.88,54,0,0,0,1,2,24,0,55.0,9,8,217,45,9,1,2,10,1,0,50,0,0,1.31,1.00,320.3,165.4,0.26
8,9,가뇽,20K,2.84,28,0,0,28,11,8,0,0,159.2,86,77,702,162,33,8,7,64,0,9,141,0,13,4.34,1.42,110.6,129.2,-0.55
9,10,박준표,20K,2.66,50,0,0,0,7,1,6,11,51.2,16,9,205,41,3,0,3,8,2,0,44,0,2,1.57,0.95,306.2,162.2,1.35
10,11,양현종,20K,2.52,31,0,0,31,11,10,0,0,172.1,99,90,746,180,40,4,13,64,0,5,149,0,7,4.70,1.42,102.1,120.1,-0.98
11,12,김윤동,18K,2.37,64,0,0,0,7,6,4,18,82.2,39,34,369,71,13,1,9,54,7,2,79,0,7,3.70,1.51,138.7,100.9,-0.97
12,13,이의리,21K,2.35,19,0,0,19,4,5,0,0,94.2,42,38,404,69,11,0,6,56,0,2,93,0,5,3.61,1.32,123.1,111.0,0.31
13,14,박준표,19K,2.14,49,0,0,0,5,2,0,15,56.0,15,13,210,42,5,1,4,6,1,4,30,0,1,2.09,0.86,200.7,111.8,1.94
14,15,브룩스,21K,2.06,13,0,0,13,3,5,0,0,78.0,34,29,333,93,12,1,4,16,0,1,55,0,0,3.35,1.40,132.9,137.5,0.54
15,16,임기영,21K,1.98,28,0,0,28,8,8,0,0,153.0,85,83,662,155,29,1,15,45,0,11,129,2,6,4.88,1.31,91.1,110.6,-0.13
16,17,전상현,19K,1.83,57,0,0,0,1,4,0,15,60.2,21,21,245,45,8,1,3,21,2,2,62,0,2,3.12,1.09,134.6,138.6,0.47
17,18,양현종,22K,1.75,15,0,0,15,7,2,0,0,89.0,36,28,361,75,12,2,5,21,1,2,65,0,1,2.83,1.08,138.2,117.6,1.24
18,19,전상현,20K,1.61,47,0,0,0,2,2,15,13,47.2,21,13,198,35,6,1,4,22,0,0,64,0,2,2.45,1.20,195.5,145.0,1.87
19,20,윌랜드,19K,1.61,28,0,0,28,8,10,0,0,165.0,95,87,726,191,41,1,17,59,1,5,137,0,4,4.75,1.52,88.4,99.0,-0.78
20,21,임창용,18K,1.56,37,0,0,12,5,5,4,4,86.1,54,52,388,92,24,1,16,29,1,11,84,0,5,5.42,1.40,94.7,91.2,-0.99
21,22,정해영,20K,1.47,47,0,0,0,5,3,1,11,37.2,15,14,169,40,5,1,2,24,2,2,32,0,7,3.35,1.70,143.5,107.5,-0.66
22,23,임기준,18K,1.47,55,0,0,0,5,1,2,8,56.0,27,22,243,59,5,1,7,23,0,3,45,1,3,3.54,1.46,145.2,98.4,1.04
23,24,임기영,20K,1.34,25,0,0,25,9,10,0,0,127.2,80,73,559,152,26,3,12,33,0,9,106,1,3,5.15,1.45,93.3,117.1,-1.25
24,25,윤중현,21K,1.25,30,0,0,13,5,6,0,2,82.2,44,36,373,91,7,1,7,31,0,14,33,0,2,3.92,1.48,113.5,84.3,-0.31
25,26,고영창,19K,1.19,55,0,0,0,1,3,1,10,54.0,22,21,243,63,8,3,2,14,2,8,22,0,2,3.50,1.43,119.8,100.2,-0.93
26,27,정해영,22K,1.13,27,0,0,0,2,3,19,0,29.0,9,9,119,24,5,1,0,7,1,0,26,0,0,2.79,1.07,140.1,182.2,1.87
27,28,문경찬,18K,0.96,32,0,0,0,0,3,0,0,55.1,29,29,240,62,13,0,10,17,2,2,46,1,3,4.72,1.43,108.8,94.8,-1.16
28,29,전상현,22K,0.96,34,0,0,0,5,3,1,12,32.0,11,8,130,28,4,0,2,7,0,0,35,0,2,2.25,1.09,174.0,150.6,0.20
29,30,홍상삼,20K,0.95,57,0,0,0,4,5,0,17,48.0,27,27,229,32,11,0,5,54,0,3,61,0,8,5.06,1.79,94.8,81.3,-0.55
30,31,임기영,22K,0.86,10,0,0,10,2,4,0,0,57.1,26,26,239,59,8,1,9,11,0,0,41,0,1,4.08,1.22,95.9,86.7,0.07
31,32,유승철,18K,0.84,39,0,0,0,1,0,1,3,47.1,25,23,220,49,10,1,5,29,3,4,44,0,4,4.37,1.65,117.4,98.3,-0.81
32,33,황인준,18K,0.77,37,0,0,2,3,1,0,1,52.2,31,29,229,58,13,1,9,12,0,6,35,0,0,4.96,1.33,103.6,89.6,-0.23
33,34,팻딘,18K,0.72,36,0,0,21,6,7,0,2,129.1,96,90,588,174,29,1,23,27,2,4,101,0,3,6.26,1.55,82.0,98.1,-2.78
34,35,임기준,19K,0.65,52,0,0,0,2,2,0,6,36.2,17,14,162,32,5,0,1,16,0,4,24,0,2,3.44,1.31,122.0,102.7,0.04
35,36,윤중현,22K,0.51,25,0,0,0,2,0,0,3,36.0,16,14,155,35,5,0,3,11,0,3,23,0,1,3.50,1.28,111.8,91.3,-0.19
36,37,홍상삼,21K,0.51,49,0,0,0,4,1,0,12,36.0,19,19,160,33,9,0,6,19,2,3,33,0,3,4.75,1.44,93.6,82.8,0.40
37,38,놀린,22K,0.48,8,0,0,8,2,5,0,0,43.1,21,17,187,49,11,2,4,4,0,3,35,1,2,3.53,1.22,110.9,115.4,-0.15
38,39,이의리,22K,0.46,14,0,0,14,4,4,0,0,76.0,39,33,330,65,17,3,10,30,0,4,75,0,5,3.91,1.25,100.2,88.9,0.06
39,40,한승혁,18K,0.43,21,0,0,19,7,3,0,0,88.0,62,57,406,105,18,3,8,44,1,4,65,0,16,5.83,1.69,88.0,100.4,-1.58
40,41,차명진,19K,0.43,9,0,0,6,3,1,0,0,33.0,17,16,151,35,9,0,1,18,0,2,19,0,3,4.36,1.61,96.1,93.8,0.25
41,42,임기영,18K,0.41,29,0,0,19,8,9,0,2,105.0,79,73,491,145,24,0,20,34,2,12,68,0,2,6.26,1.71,82.0,82.2,-1.61
42,43,김재열,21K,0.39,24,0,0,0,1,0,0,0,32.2,18,14,152,28,4,0,4,18,0,4,18,1,1,3.86,1.41,115.3,76.0,-0.19
43,44,다카하시,21K,0.37,7,0,0,7,1,3,0,0,36.2,22,20,168,46,4,0,4,12,0,4,46,0,4,4.91,1.58,90.6,125.6,-0.32
44,45,김기훈,20K,0.23,22,0,0,7,0,4,0,1,52.0,35,31,238,58,11,1,8,31,0,2,39,0,3,5.37,1.71,89.5,80.4,-1.26
45,46,장현식,22K,0.20,35,0,0,0,1,2,1,13,35.0,18,17,155,39,9,1,4,14,2,0,31,0,4,4.37,1.51,89.5,95.9,-0.39
46,47,하준영,19K,0.19,59,0,0,0,6,2,0,15,52.2,31,29,243,59,9,1,5,31,2,0,51,0,1,4.96,1.71,84.6,96.3,-1.62
47,48,고영창,20K,0.12,48,0,0,0,1,1,1,2,58.0,46,44,275,88,19,0,3,17,2,5,23,2,6,6.83,1.81,70.3,106.9,-0.63
48,49,김현수,20K,0.10,15,0,0,4,1,2,0,0,32.1,27,26,167,41,7,3,3,31,0,2,19,0,1,7.24,2.23,66.3,72.1,-0.12
49,50,임기영,19K,0.06,12,0,0,8,2,3,0,0,48.2,33,31,225,67,14,1,7,19,0,2,37,0,0,5.73,1.77,73.1,82.7,-0.64
50,51,윤석민,18K,0.03,28,0,0,3,0,8,11,0,40.0,32,30,182,55,13,0,9,10,2,0,29,0,5,6.75,1.63,76.0,87.2,-2.90
51,52,박진태,21K,0.02,59,0,0,0,3,3,0,9,65.0,44,43,305,68,11,0,6,36,0,13,45,0,5,5.95,1.60,74.7,82.3,-1.08
52,53,이준영,21K,-0.06,50,0,0,1,3,2,1,9,35.2,25,22,159,30,5,0,3,19,1,0,26,0,3,5.55,1.37,80.1,99.1,-0.65
53,54,김기훈,19K,-0.12,19,0,0,16,3,6,0,0,79.1,55,49,368,64,15,2,11,65,0,9,49,0,5,5.56,1.63,75.4,61.6,-1.45
54,55,양승철,20K,-0.17,15,0,0,1,0,0,0,0,28.2,26,25,144,41,9,0,4,24,0,3,13,0,3,7.85,2.27,61.2,65.7,-0.27
55,56,이민우,19K,-0.19,32,0,0,6,2,6,1,2,61.1,42,37,283,74,11,2,4,26,1,4,56,0,3,5.43,1.63,77.2,109.2,-0.72
56,57,한승혁,22K,-0.21,12,0,0,12,2,2,0,0,57.1,36,32,261,71,9,3,2,23,0,4,50,0,5,5.02,1.64,77.9,114.1,-1.06
57,58,박준표,21K,-0.23,32,0,0,0,2,4,0,4,32.0,24,21,158,42,9,1,3,17,0,9,18,0,0,5.91,1.84,75.3,75.9,-1.48
58,59,김세현,18K,-0.23,40,0,0,0,1,6,4,0,40.0,32,30,191,56,13,2,4,17,4,2,32,0,1,6.75,1.83,76.0,110.9,-2.12
59,60,서덕원,21K,-0.29,24,0,0,0,1,0,0,1,32.2,28,27,148,36,8,1,7,14,0,0,24,0,5,7.44,1.53,59.8,74.4,-0.82
60,61,이민우,18K,-0.36,30,0,0,2,2,3,0,4,37.2,34,30,188,52,6,2,4,23,0,5,28,0,2,7.17,1.99,71.6,86.6,-1.06
61,62,이준영,19K,-0.36,37,0,0,1,1,0,0,1,51.0,42,36,244,64,7,2,3,26,2,2,43,1,0,6.35,1.77,66.0,104.6,0.26
62,63,터너,19K,-0.53,28,1,0,28,7,13,0,0,153.1,107,94,714,179,34,3,12,58,0,17,121,0,14,5.52,1.55,76.0,97.2,-1.58
63,64,로니,22K,-0.65,9,0,0,8,3,3,0,0,41.0,32,25,190,42,7,1,6,24,0,3,30,1,2,5.49,1.61,71.3,68.3,-0.98
64,65,이민우,20K,-0.75,22,0,0,22,6,10,0,0,106.0,87,80,486,129,20,4,11,47,0,6,67,0,3,6.79,1.66,70.7,93.3,-2.87
65,66,김유신,21K,-0.76,15,0,0,11,2,6,0,0,54.1,47,46,249,63,12,1,11,35,0,2,29,0,0,7.62,1.80,58.4,63.7,-1.61
66,67,김현수,21K,-0.87,17,0,0,8,1,4,0,0,45.2,43,40,229,57,16,0,8,36,0,3,27,0,1,7.88,2.04,56.4,63.4,-1.36
67,68,홍건희,19K,-1.10,21,0,0,14,2,9,0,0,81.2,70,65,381,112,20,1,12,33,0,3,52,0,7,7.16,1.78,58.5,77.7,-2.02
68,69,이민우,21K,-1.13,16,1,0,12,1,6,0,0,57.0,53,51,275,78,12,3,8,31,0,5,28,1,2,8.05,1.91,55.2,73.0,-1.84
69,70,장현식,20K,-1.47,28,0,0,3,3,4,0,6,31.1,41,39,159,52,13,1,7,16,0,2,22,0,8,11.20,2.17,42.8,70.6,-1.93
70,1,고영표,21k,5.23,26,1,1,25,11,6,0,1,166.2,59,54,664,147,20,2,9,27,1,14,130,0,1,2.92,1.04,154.0,139.2,2.27
71,2,니퍼트,18k,4.74,29,0,0,28,8,8,0,0,175.2,88,83,765,209,33,4,26,39,2,9,165,0,9,4.25,1.41,124.6,111.4,-0.06
72,3,데스파이네,21k,4.01,33,0,0,33,13,10,0,0,188.2,81,71,819,175,30,3,10,78,0,7,165,0,15,3.39,1.34,132.6,122.7,0.79
73,4,피어밴드,18k,3.78,27,1,0,26,8,8,0,0,163.1,90,78,707,186,27,1,24,38,0,6,141,0,5,4.30,1.37,123.3,107.7,-1.28
74,5,쿠에바스,19k,3.44,30,0,0,30,13,10,0,0,184.0,80,74,760,153,21,6,18,63,0,12,135,0,4,3.62,1.17,114.3,92.7,1.22
75,6,데스파이네,20k,3.21,35,0,0,34,15,8,0,0,207.2,105,100,906,233,36,1,18,68,1,8,152,0,18,4.33,1.45,110.9,110.7,0.38
76,7,고영표,22k,3.21,14,1,1,14,5,5,0,0,95.2,31,30,389,90,15,2,2,13,1,12,88,0,0,2.82,1.08,140.4,156.4,1.41
77,8,김재윤,21k,3.08,65,0,0,0,4,3,32,0,67.0,19,18,275,57,8,0,5,24,4,0,64,0,2,2.42,1.21,185.8,135.2,1.38
78,9,소형준,22k,2.67,13,0,0,13,7,2,0,0,87.0,30,26,352,73,5,3,3,18,0,3,62,0,3,2.69,1.05,147.3,127.7,1.23
79,10,배제성,20k,2.65,26,0,0,26,10,7,0,0,141.1,67,62,619,130,30,1,12,76,0,4,83,1,11,3.95,1.46,121.7,91.8,1.09
80,11,쿠에바스,20k,2.64,27,0,0,27,10,8,0,0,158.0,80,72,668,152,26,1,16,46,0,9,110,0,4,4.10,1.25,117.1,105.1,-0.29
81,12,주권,20k,2.63,77,0,0,0,6,2,0,31,70.0,25,21,294,54,11,0,6,32,1,1,37,0,0,2.70,1.23,177.9,95.5,1.16
82,13,알칸타라,19k,2.60,27,1,0,27,11,11,0,0,172.2,80,77,724,189,39,3,15,27,0,8,100,2,2,4.01,1.25,103.1,103.3,0.88
83,14,배제성,21k,2.55,26,0,0,26,9,10,0,0,141.2,67,58,621,126,27,1,6,82,1,1,136,0,9,3.68,1.47,121.9,120.3,0.35
84,15,소형준,20k,2.37,26,0,0,24,13,6,0,0,133.0,63,57,572,141,23,0,6,45,0,6,92,0,2,3.86,1.40,124.6,122.0,0.30
85,16,김재윤,20k,2.22,56,0,0,0,5,3,21,1,60.2,23,22,256,62,4,2,7,15,3,0,58,0,0,3.26,1.27,147.2,127.7,0.16
86,17,배제성,19k,2.21,28,1,1,21,10,10,0,0,131.2,58,55,564,132,18,3,6,56,0,3,91,0,10,3.76,1.43,110.1,104.5,0.18
87,18,주권,19k,2.08,71,0,0,0,6,2,2,25,75.1,25,25,296,64,15,0,7,14,0,2,47,0,1,2.99,1.04,138.6,102.8,3.22
88,19,쿠에바스,21k,1.94,23,1,1,23,9,4,0,0,133.1,68,61,580,131,21,3,11,51,0,3,137,0,6,4.12,1.37,109.1,124.8,0.02
89,20,금민철,18k,1.89,29,0,0,29,8,12,0,0,156.1,104,94,720,212,30,1,19,68,1,7,79,0,10,5.41,1.79,97.9,89.2,-3.08
90,21,고영표,18k,1.80,25,3,1,23,6,9,0,0,142.0,91,81,620,175,27,4,17,25,1,14,134,1,2,5.13,1.41,103.2,120.6,-2.00
91,22,조현우,20k,1.79,54,0,0,0,5,1,1,9,46.2,16,16,196,38,8,1,1,22,1,1,33,0,3,3.09,1.29,155.7,124.7,1.06
92,23,김재윤,19k,1.68,43,0,0,0,2,2,7,9,47.2,13,12,177,27,3,0,4,12,2,1,42,0,1,2.27,0.82,182.7,120.2,1.38
93,24,이보근,20k,1.48,49,0,0,0,3,1,6,9,46.2,17,13,192,42,5,0,2,12,1,2,27,0,3,2.51,1.16,191.6,125.8,0.04
94,25,김재윤,18k,1.38,62,0,0,0,7,5,15,0,61.0,34,31,271,76,10,1,11,15,4,1,66,0,3,4.57,1.49,115.9,113.2,-0.37
95,26,주권,21k,1.38,62,0,0,0,3,4,0,27,49.0,19,18,208,48,7,1,3,19,2,1,19,0,1,3.31,1.37,135.9,99.5,0.65
96,27,김민수,22k,1.33,33,0,0,0,0,2,2,9,34.1,9,8,140,30,7,1,2,6,2,1,37,0,3,2.10,1.05,188.9,166.0,0.53
97,28,박시영,21k,1.23,48,0,0,0,3,3,0,12,45.0,16,12,180,30,2,0,4,15,2,1,51,0,5,2.40,1.00,187.1,141.1,-0.07
98,29,김민수,21k,1.18,56,0,0,1,4,2,0,11,58.0,25,19,253,56,8,1,2,24,3,3,55,1,3,2.95,1.38,152.3,142.2,-0.18
99,30,심재민,21k,1.17,28,0,0,2,0,1,0,1,46.2,15,15,189,41,4,0,4,11,1,0,35,0,0,2.89,1.11,155.3,123.8,-0.07
100,31,유원상,20k,1.16,62,0,0,0,2,1,2,9,64.0,32,27,271,52,12,0,8,28,1,1,37,0,5,3.80,1.25,126.5,89.0,0.01
101,32,소형준,21k,1.02,24,0,0,24,7,7,0,0,119.0,67,55,521,123,17,0,6,51,1,4,85,0,5,4.16,1.46,108.0,113.3,-0.52
102,33,배제성,22k,0.94,14,0,0,14,3,6,0,0,82.2,41,35,341,74,9,2,7,28,0,0,71,0,8,3.81,1.23,104.0,105.0,0.06
103,34,엄상백,21k,0.94,10,0,0,9,4,1,0,0,52.2,24,24,228,41,10,0,7,28,0,3,45,0,0,4.10,1.31,109.5,86.7,0.03
104,35,조현우,21k,0.88,49,0,0,0,0,0,0,6,31.0,10,9,126,26,5,1,0,7,1,1,13,0,2,2.61,1.07,171.9,140.3,0.73
105,36,전유수,19k,0.88,62,0,0,1,3,1,1,7,66.1,31,25,280,66,16,1,2,18,4,4,46,0,6,3.39,1.27,122.0,128.9,-1.21
106,37,이종혁,18k,0.86,47,0,0,0,0,5,1,4,48.1,28,25,215,61,8,0,4,17,3,2,31,0,2,4.66,1.61,113.8,112.8,-2.12
107,38,엄상백,22k,0.79,16,0,0,11,6,2,0,0,65.0,31,27,274,65,8,1,7,21,0,2,58,0,0,3.74,1.32,106.0,97.5,0.28
108,39,주권,22k,0.78,28,0,0,0,2,2,1,8,27.1,10,10,107,27,3,0,3,4,0,0,21,0,0,3.29,1.13,120.3,106.9,1.04
109,40,김재윤,22k,0.74,28,0,0,0,2,3,15,0,30.2,13,11,124,21,2,0,2,10,4,0,36,0,1,3.23,1.01,122.7,162.4,0.64
110,41,김대유,19k,0.69,21,0,0,0,0,0,0,0,27.0,7,7,111,21,6,0,1,12,1,4,23,0,0,2.33,1.22,177.4,107.6,0.21
111,42,이창재,21k,0.68,32,0,0,0,2,0,0,0,26.2,8,8,108,22,5,0,0,10,2,0,19,0,0,2.70,1.20,166.4,158.6,0.23
112,43,홍성용,18k,0.68,56,0,0,0,2,1,1,6,45.0,28,27,202,49,14,1,7,16,0,5,42,0,2,5.40,1.44,98.1,96.3,0.04
113,44,류희운,18k,0.68,29,0,0,2,1,1,0,1,44.0,25,24,195,53,11,0,11,14,0,2,28,0,3,4.91,1.52,107.9,75.1,-0.28
114,45,심재민,18k,0.63,44,0,0,0,4,5,2,3,41.0,25,21,179,47,5,2,5,17,3,2,36,0,4,4.61,1.56,115.0,107.8,-1.13
115,46,전유수,20k,0.56,47,0,0,0,5,4,2,3,45.2,26,26,200,46,7,1,3,21,5,3,27,0,1,5.12,1.47,93.8,106.5,0.41
116,47,이대은,21k,0.54,31,0,0,0,3,2,1,9,31.0,15,12,128,27,6,0,4,11,0,1,22,0,0,3.48,1.23,128.9,93.3,-0.14
117,48,이대은,19k,0.53,43,0,0,8,4,2,17,0,85.0,48,40,387,88,17,1,10,39,1,6,58,0,5,4.24,1.49,97.7,80.1,0.93
118,49,안영명,21k,0.51,35,0,0,0,0,1,0,4,35.1,17,16,145,24,3,0,2,11,0,1,32,0,0,4.08,0.99,110.2,135.9,-0.13
119,50,김민,19k,0.46,27,0,0,26,6,11,0,0,150.2,88,83,674,175,26,4,16,65,0,4,91,2,4,4.96,1.59,83.5,83.0,-2.06
120,51,김민수,19k,0.45,28,0,0,11,8,5,2,1,81.2,46,45,354,87,12,3,10,30,2,2,56,0,4,4.96,1.43,83.5,86.8,-0.60
121,52,김민,18k,0.35,9,0,0,9,4,2,0,0,37.1,26,21,178,40,10,0,4,25,0,6,25,0,5,5.06,1.74,104.7,81.4,-0.63
122,53,김사율,18k,0.33,29,0,0,3,1,2,0,0,45.1,32,29,204,56,14,1,12,10,1,2,35,0,4,5.76,1.46,92.0,80.3,-0.87
123,54,데스파이네,22k,0.25,14,0,0,14,3,7,0,0,78.1,47,39,344,97,17,0,5,16,1,5,72,0,5,4.48,1.44,88.4,127.0,-1.11
124,55,고창성,18k,0.17,42,0,0,0,2,0,0,5,37.2,29,28,183,57,7,0,7,11,1,5,23,0,1,6.69,1.81,79.2,83.3,-0.93
125,56,엄상백,18k,0.17,55,0,0,0,1,8,2,12,46.1,33,28,211,51,9,1,4,17,5,8,44,0,3,5.44,1.47,97.4,119.7,-1.17
126,57,하준호,20k,-0.06,42,0,0,1,0,3,0,5,41.2,30,28,189,38,6,0,1,27,1,2,26,0,2,6.05,1.56,79.4,102.9,-1.00
127,58,신병률,18k,-0.06,21,0,0,1,0,0,1,2,25.2,22,20,120,35,10,1,6,7,0,3,14,0,1,7.01,1.64,75.6,74.5,-0.80
128,59,손동현,19k,-0.21,34,0,0,3,2,3,0,5,47.1,29,25,220,51,7,0,2,31,3,0,29,1,0,4.75,1.73,87.1,92.0,-0.95
129,60,금민철,19k,-0.22,14,0,0,14,1,4,0,0,57.0,38,32,263,66,7,1,5,25,0,7,26,0,4,5.05,1.60,81.9,77.5,-0.90
130,61,이대은,20k,-0.25,20,0,0,4,0,4,1,0,29.1,23,19,142,36,6,0,4,13,3,5,15,0,8,5.83,1.67,82.4,81.2,-2.73
131,62,조병욱,20k,-0.26,9,0,0,4,0,1,0,0,28.1,24,24,131,39,4,0,4,13,0,1,11,0,0,7.62,1.84,63.0,77.8,-0.51
132,63,김민,20k,-0.43,24,0,0,6,3,3,0,1,42.2,35,31,207,46,4,0,6,29,0,5,32,0,5,6.54,1.76,73.5,75.6,-1.32
133,64,김민수,20k,-0.66,33,0,0,18,3,8,0,0,103.1,80,70,482,151,22,1,14,30,0,4,63,0,6,6.10,1.75,78.8,93.4,-3.55
134,65,정성곤,19k,-0.73,52,0,0,0,3,3,8,11,53.2,36,33,248,64,16,2,7,22,3,2,40,0,2,5.53,1.60,74.8,85.7,-1.02
135,66,엄상백,19k,-0.74,26,0,0,0,2,3,0,0,31.1,29,28,154,40,6,0,6,24,0,0,20,0,1,8.04,2.04,51.5,59.1,-1.69
136,67,박세진,18k,-0.95,8,0,0,8,1,5,0,0,30.1,37,36,156,47,15,0,10,19,2,2,24,0,3,10.68,2.18,49.6,61.7,-1.27
137,68,주권,18k,-1.04,46,0,0,10,3,9,0,4,88.0,85,82,407,118,24,4,16,27,1,7,54,0,4,8.39,1.65,63.2,85.1,-2.79
138,1,윌슨,18L,6.31,26,1,1,26,9,4,0,0,170.0,63,58,689,158,23,3,11,35,1,6,149,1,10,3.07,1.14,164.3,139.4,2.72
139,2,켈리,21L,4.96,30,0,0,30,13,8,0,0,177.0,64,62,744,160,25,0,12,60,3,11,142,1,7,3.15,1.24,136.8,115.1,1.61
140,3,소사,18L,4.95,27,1,1,27,9,9,0,0,181.1,83,71,760,192,44,1,16,28,1,4,181,0,6,3.52,1.21,143.2,143.3,0.16
141,4,수아레즈,21L,4.43,23,0,0,22,10,2,0,0,115.1,33,28,473,91,16,2,4,41,0,4,126,0,2,2.18,1.15,197.4,157.7,2.60
142,5,켈리,20L,4.26,28,1,1,28,15,7,0,0,173.1,67,64,705,160,29,1,16,40,0,11,134,0,4,3.32,1.15,139.3,112.7,1.64
143,6,켈리,19L,3.98,29,0,0,29,14,12,0,0,180.1,70,51,747,164,33,3,7,41,0,16,126,0,12,2.55,1.14,161.3,118.7,2.39
144,7,고우석,19L,3.89,64,0,0,0,8,2,34,1,70.0,13,12,284,47,7,1,4,29,4,4,76,0,2,1.54,1.09,266.1,126.7,3.58
145,8,윌슨,19L,3.40,30,1,0,30,14,7,0,0,185.0,77,60,763,171,27,2,7,43,1,11,137,0,6,2.92,1.16,140.6,125.4,1.88
146,9,정우영,21L,3.21,70,0,0,0,7,3,2,27,65.0,16,16,263,43,9,0,0,26,1,8,41,0,2,2.22,1.06,194.7,123.3,1.94
147,10,고우석,21L,3.13,63,0,0,0,1,5,30,0,58.0,15,14,240,47,10,1,3,23,5,3,68,0,1,2.17,1.21,198.6,157.6,-0.20
148,11,정우영,20L,2.67,65,0,0,0,4,4,5,20,75.0,26,26,305,48,5,0,3,29,3,11,59,0,1,3.12,1.03,148.3,117.5,2.14
149,12,켈리,22L,2.15,13,0,0,13,9,1,0,0,79.2,27,24,323,72,5,3,4,18,0,2,72,0,2,2.71,1.13,141.9,131.3,1.42
150,13,김대유,21L,2.09,64,0,0,0,4,1,0,24,50.2,13,12,209,32,1,0,2,15,0,9,56,0,2,2.13,0.93,202.4,142.4,1.85
151,14,이정용,21L,1.88,66,0,0,0,3,3,0,15,69.2,25,23,284,55,13,2,4,23,1,1,74,0,0,2.97,1.12,145.2,146.9,1.11
152,15,이민호,20L,1.79,20,0,0,16,4,4,0,0,97.2,46,40,434,94,19,0,5,44,1,10,67,1,4,3.69,1.41,125.6,104.4,0.54
153,16,플럿코,22L,1.56,14,0,0,14,6,3,0,0,83.1,35,28,339,68,9,1,9,22,1,0,81,0,5,3.02,1.08,127.2,106.5,0.50
154,17,임찬규,20L,1.51,27,0,0,26,10,9,0,0,147.2,76,67,641,143,29,2,14,65,0,5,138,0,4,4.08,1.41,113.3,106.3,-0.22
155,18,정찬헌,20L,1.50,19,1,1,19,7,4,0,0,110.1,51,43,470,116,22,1,10,31,0,4,85,0,5,3.51,1.33,131.9,111.4,0.66
156,19,고우석,22L,1.49,30,0,0,0,1,1,20,0,28.0,7,6,116,22,5,1,3,13,3,1,34,0,3,1.93,1.25,199.5,108.8,1.51
157,20,차우찬,19L,1.44,29,0,0,28,13,8,0,0,168.1,87,77,730,181,30,1,16,59,0,5,124,0,13,4.12,1.43,99.7,94.1,0.19
158,21,임찬규,21L,1.38,17,0,0,17,1,8,0,0,90.2,45,39,387,76,9,3,7,41,1,3,67,0,5,3.87,1.29,111.4,101.1,0.15
159,22,이민호,21L,1.35,25,0,0,22,8,9,0,0,115.0,58,55,477,89,17,0,13,45,1,14,100,0,6,4.30,1.17,100.2,93.7,0.13
160,23,최동환,20L,1.28,54,0,0,0,4,1,0,4,57.0,23,22,228,54,10,1,6,12,0,2,42,0,3,3.47,1.16,133.2,109.8,-0.04
161,24,정우영,22L,1.20,31,0,0,0,1,1,0,16,30.1,8,8,129,23,0,0,2,20,2,2,21,0,0,2.37,1.42,162.1,80.6,0.91
162,25,정찬헌,18L,1.16,66,0,0,0,5,3,27,0,65.0,36,35,299,76,14,0,5,24,3,7,50,0,2,4.85,1.54,104.1,110.3,-1.70
163,26,윌슨,20L,1.10,25,0,0,25,10,8,0,0,144.2,81,71,628,161,23,2,13,39,0,8,109,1,3,4.42,1.38,104.8,110.2,-0.67
164,27,김대현,19L,0.99,41,0,0,2,5,4,0,8,65.2,31,28,282,63,11,1,2,27,1,4,39,0,3,3.84,1.37,107.0,103.4,1.36
165,28,진해수,22L,0.93,35,0,0,0,3,0,0,6,25.0,5,5,104,25,1,1,1,6,0,1,20,0,1,1.80,1.24,213.7,125.0,0.27
166,29,최성훈,21L,0.92,46,0,0,0,1,1,0,3,40.2,14,11,179,40,7,1,2,19,1,1,33,0,0,2.43,1.45,177.2,116.2,-0.22
167,30,진해수,21L,0.89,50,0,0,0,1,0,0,5,44.1,17,12,188,41,4,0,2,18,1,3,39,0,1,2.44,1.33,177.1,124.1,-0.19
168,31,송은범,20L,0.85,56,0,0,1,4,2,2,6,56.0,29,28,247,66,8,1,4,19,1,3,28,0,2,4.50,1.52,102.8,101.0,-0.15
169,32,진해수,19L,0.83,73,0,0,0,3,1,0,20,43.0,17,16,188,44,3,3,2,16,0,2,38,0,0,3.35,1.40,122.6,117.0,-0.02
170,33,차우찬,18L,0.81,29,1,0,29,12,10,0,0,170.0,119,115,762,177,36,4,27,79,2,10,136,0,10,6.09,1.51,82.9,85.5,-2.45
171,34,최성훈,20L,0.76,48,0,0,0,0,0,0,2,33.1,13,13,145,36,4,1,1,16,2,1,24,0,1,3.51,1.56,131.8,121.8,-0.14
172,35,이정용,20L,0.72,34,0,0,0,3,0,0,4,34.0,15,14,147,32,5,0,6,14,0,2,33,1,0,3.71,1.35,124.9,85.4,0.45
173,36,이정용,22L,0.71,35,0,0,0,2,3,0,11,35.0,14,12,141,28,9,1,0,8,2,1,21,0,2,3.09,1.03,124.7,144.5,-0.21
174,37,최동환,18L,0.68,28,0,0,0,1,0,0,1,37.0,19,19,156,33,7,0,6,11,0,3,28,0,4,4.62,1.19,109.1,89.5,-0.01
175,38,정찬헌,21L,0.66,12,0,0,12,6,2,0,0,58.0,29,26,249,69,12,2,5,12,0,2,31,0,2,4.03,1.40,106.9,105.0,0.17
176,39,정우영,19L,0.66,56,0,0,0,4,6,1,16,65.1,30,27,273,57,9,2,2,20,5,8,38,1,3,3.72,1.18,110.4,111.6,0.63
177,40,고우석,20L,0.65,40,0,0,0,0,4,17,1,41.2,22,19,183,37,9,0,2,19,1,2,51,0,5,4.10,1.34,112.8,146.5,0.38
178,41,류제국,19L,0.59,11,0,0,11,0,2,0,0,53.1,27,25,243,57,7,2,5,26,1,4,31,0,2,4.22,1.56,97.3,79.9,-0.58
179,42,진해수,20L,0.58,76,0,0,0,4,2,0,22,50.0,27,24,230,54,6,0,3,23,2,4,59,0,5,4.32,1.54,107.1,133.3,-0.37
180,43,김윤식,21L,0.53,35,0,0,3,7,4,0,1,66.2,37,32,301,65,9,2,3,36,2,6,56,2,0,4.32,1.52,99.8,108.1,-0.54
181,44,최동환,22L,0.49,29,0,0,0,0,0,0,0,32.0,13,13,129,24,4,1,2,10,0,1,19,0,1,3.66,1.06,105.2,96.4,0.05
182,45,김윤식,22L,0.46,10,0,0,10,2,3,0,0,47.1,23,21,205,59,9,0,3,10,1,1,30,0,1,3.99,1.46,96.4,109.0,0.14
183,46,송은범,21L,0.43,35,0,0,0,2,2,0,4,37.1,18,17,155,34,7,0,1,13,1,2,19,0,4,4.10,1.26,105.3,116.0,0.37
184,47,배재준,18L,0.41,16,0,0,5,1,0,0,0,38.2,24,19,174,34,11,1,3,20,0,1,41,0,3,4.42,1.40,114.1,115.9,-0.48
185,48,임찬규,18L,0.40,29,0,0,27,11,11,1,0,146.2,104,94,680,195,32,1,23,47,1,13,125,0,6,5.77,1.65,87.5,92.6,-2.78
186,49,김지용,18L,0.35,48,0,0,0,5,6,1,13,47.0,30,28,198,52,9,1,10,9,1,2,42,0,1,5.36,1.30,94.1,90.3,-1.45
187,50,문광은,19L,0.33,32,0,0,0,1,1,1,3,33.0,15,15,141,35,5,1,3,13,0,1,26,0,1,4.09,1.46,100.4,94.7,0.92
188,51,배재준,21L,0.30,15,0,0,6,2,2,0,0,32.2,17,15,151,42,10,0,1,13,0,3,23,0,1,4.13,1.68,104.4,115.7,-0.48
189,52,여건욱,19L,0.29,25,0,0,0,0,0,0,0,29.2,14,13,130,35,11,1,2,8,0,1,24,0,1,3.94,1.45,104.1,114.0,-0.22
190,53,이상영,21L,0.29,21,0,0,9,1,1,0,0,50.0,28,24,228,48,8,0,7,32,0,8,30,0,3,4.32,1.60,99.8,67.7,-0.34
191,54,김진성,22L,0.28,32,0,0,0,2,3,0,5,31.0,15,14,133,33,4,1,5,8,2,1,31,0,2,4.06,1.32,94.7,90.9,-0.27
192,55,차우찬,20L,0.21,13,0,0,13,5,5,0,0,64.0,39,38,287,71,14,1,8,28,1,2,51,0,1,5.34,1.55,86.6,92.8,-0.01
193,56,이우찬,19L,0.16,30,0,0,13,5,4,0,2,91.0,55,49,398,78,14,1,5,66,1,4,58,0,5,4.85,1.58,84.7,80.1,-0.14
194,57,임찬규,19L,0.15,30,0,0,13,2,5,0,2,88.2,51,49,392,84,20,3,10,46,0,7,72,0,7,4.97,1.47,82.5,80.3,-1.21
195,58,이민호,22L,0.08,13,0,0,13,6,4,0,0,63.1,37,33,278,69,12,3,5,24,0,2,33,0,1,4.69,1.47,82.0,84.3,-0.03
196,59,신정락,18L,0.01,49,0,0,1,3,7,0,5,50.2,37,33,227,59,8,0,5,17,0,6,56,0,3,5.86,1.50,86.1,117.5,-1.14
197,60,고우석,18L,-0.01,56,0,0,0,3,5,0,3,67.0,51,44,312,69,12,2,10,37,0,5,44,1,2,5.91,1.58,85.3,79.0,-2.20
198,61,이상규,20L,-0.20,28,0,0,0,2,3,4,1,31.0,23,23,152,45,10,1,4,21,0,1,18,0,2,6.68,2.13,69.3,74.5,-0.98
199,62,김대현,20L,-0.21,33,0,0,0,4,0,0,3,32.1,24,21,158,37,7,2,6,23,1,1,28,0,3,5.85,1.86,79.2,71.7,-0.45
200,63,여건욱,20L,-0.27,25,0,0,0,1,3,1,2,27.2,24,22,124,36,8,1,8,4,0,3,18,0,2,7.16,1.45,64.7,66.3,-0.94
201,64,송은범,19L,-0.27,26,0,0,0,2,3,0,5,25.0,16,15,122,36,3,1,2,10,2,2,21,0,0,5.40,1.84,76.0,102.6,-0.71
202,65,이우찬,21L,-0.28,15,0,0,5,0,1,0,0,34.0,25,21,161,36,3,1,3,25,0,1,27,0,0,5.56,1.79,77.6,83.5,-0.54
203,66,김윤식,20L,-0.28,23,0,0,11,2,4,0,2,67.2,50,47,308,87,16,1,7,24,0,6,38,1,2,6.25,1.64,74.0,90.5,-1.24
204,67,임찬규,22L,-0.30,10,0,0,10,3,5,0,0,40.2,27,27,190,49,7,2,6,17,0,3,26,0,2,5.98,1.62,64.4,69.4,-0.74
205,68,배재준,19L,-0.34,19,0,0,12,3,4,0,0,62.0,42,36,282,61,17,1,3,33,0,8,44,0,3,5.23,1.52,78.6,89.1,-0.63
206,69,임준형,22L,-0.42,9,0,0,5,1,3,0,0,29.0,22,20,134,35,4,0,2,12,0,3,24,0,1,6.21,1.62,62.0,93.0,-1.03
207,70,이동현,18L,-0.47,36,0,0,0,2,1,0,4,36.1,35,32,167,49,10,0,6,7,0,3,23,0,0,7.93,1.54,63.6,89.9,-0.34
208,71,진해수,18L,-0.49,66,0,0,0,2,3,0,14,43.2,37,35,210,63,6,1,7,13,2,4,37,0,1,7.21,1.74,69.9,94.7,-1.46
209,72,손주영,21L,-0.63,7,0,0,6,1,3,0,0,26.2,25,25,127,31,7,2,4,20,0,1,21,0,1,8.44,1.91,51.1,70.6,-0.88
210,73,김대현,18L,-1.19,25,0,0,21,2,10,0,0,105.0,95,88,496,145,25,5,15,48,0,9,64,2,7,7.54,1.84,66.9,82.2,-3.86
211,1,루친스키,20N,5.59,30,0,0,30,19,5,0,0,183.0,67,62,770,173,12,3,14,57,0,11,167,0,11,3.05,1.26,160.2,125.8,3.04
212,2,루친스키,19N,4.64,30,2,0,30,9,9,0,0,177.1,68,60,731,164,20,1,13,45,0,11,119,0,7,3.05,1.18,138.4,106.6,2.51
213,3,구창모,20N,4.62,15,0,0,14,9,0,0,1,93.1,20,18,348,58,12,0,7,18,0,0,102,0,2,1.74,0.81,281.5,165.6,2.80
214,4,루친스키,21N,4.48,30,0,0,30,15,10,0,0,178.2,76,63,754,160,24,1,12,55,0,10,177,2,6,3.17,1.20,143.1,135.9,1.88
215,5,박진우,19N,3.82,41,0,0,18,9,7,0,5,140.2,53,49,590,137,18,0,9,29,0,19,92,0,2,3.14,1.18,134.4,106.8,2.46
216,6,파슨스,21N,3.71,24,1,0,24,4,8,0,0,133.0,56,55,577,109,16,2,9,63,0,11,148,1,10,3.72,1.29,122.0,123.3,0.50
217,7,루친스키,22N,2.81,15,0,0,15,5,5,0,0,98.2,34,27,396,82,14,1,7,13,0,5,110,0,6,2.46,0.96,159.1,155.1,2.53
218,8,구창모,19N,2.67,23,0,0,19,10,7,0,1,107.0,40,38,449,85,15,2,10,42,0,5,114,0,7,3.20,1.19,131.8,111.5,1.09
219,9,이재학,18N,2.67,29,1,0,29,5,13,0,0,152.1,87,81,658,157,27,2,13,49,2,10,116,0,6,4.79,1.35,108.4,115.4,-1.06
220,10,신민혁,21N,2.65,30,0,0,25,9,6,0,0,145.0,75,71,625,155,28,3,17,44,0,5,107,2,2,4.41,1.37,103.0,102.9,0.11
221,11,프리드릭,19N,2.38,12,2,1,12,7,4,0,0,72.0,22,22,294,63,6,0,4,22,1,3,56,0,2,2.75,1.18,153.2,118.3,0.79
222,12,송명기,20N,2.31,36,0,0,12,9,3,0,0,87.2,37,36,372,78,13,0,12,39,1,2,72,0,7,3.70,1.34,132.2,95.9,0.10
223,13,왕웨이중,18N,2.28,25,0,0,25,7,10,0,0,141.2,83,67,615,169,25,1,16,40,2,2,108,0,2,4.26,1.48,121.9,113.5,-0.52
224,14,베렛,18N,2.22,29,0,0,29,6,10,0,0,155.0,94,91,698,178,31,2,24,59,0,9,144,1,10,5.28,1.53,98.2,99.1,-2.29
225,15,구창모,22N,2.08,5,0,0,5,4,0,0,0,28.2,1,1,109,16,2,0,0,9,0,0,26,0,2,0.31,0.87,1247.9,161.1,1.15
226,16,라이트,20N,2.01,29,0,0,29,11,9,0,0,157.2,87,82,696,164,27,2,12,63,0,10,125,2,5,4.68,1.44,104.4,111.0,-1.57
227,17,이용찬,21N,1.71,39,0,0,0,1,3,16,3,37.0,11,9,151,27,4,0,2,11,3,1,35,1,2,2.19,1.03,207.4,156.6,0.12
228,18,이재학,19N,1.70,24,0,0,23,10,4,0,0,129.2,62,55,560,133,24,2,6,43,0,9,91,0,6,3.82,1.36,110.4,110.9,0.29
229,19,구창모,18N,1.63,36,0,0,23,5,11,0,1,133.0,83,79,598,158,31,2,21,52,0,7,116,1,16,5.35,1.58,97.1,96.1,-1.07
230,20,이용찬,22N,1.49,26,0,0,0,2,2,9,0,28.0,6,5,115,23,2,1,1,5,0,2,30,0,1,1.61,1.00,243.8,165.2,1.03
231,21,김진성,20N,1.46,48,0,0,0,3,0,0,6,47.1,16,14,190,41,8,2,4,10,1,0,56,0,2,2.66,1.08,183.5,169.7,1.13
232,22,최성영,19N,1.45,26,0,0,15,4,1,0,2,82.1,39,36,368,79,15,3,3,48,0,4,62,0,3,3.94,1.54,107.1,98.9,-0.01
233,23,홍성민,20N,1.39,30,0,0,0,1,0,0,8,26.0,4,3,104,20,4,0,2,6,1,2,14,0,2,1.04,1.00,470.5,112.6,1.38
234,24,류진욱,21N,1.15,44,0,0,0,1,0,1,7,43.1,15,10,190,40,6,1,2,22,0,0,31,0,4,2.08,1.43,218.6,111.9,0.55
235,25,원종현,20N,1.09,58,0,0,0,3,5,30,0,57.0,30,27,245,56,5,1,4,20,1,2,41,0,4,4.26,1.33,114.6,116.7,0.60
236,26,홍성민,21N,0.95,53,0,0,0,3,4,0,14,41.1,19,18,185,53,9,0,3,12,1,2,26,1,2,3.92,1.57,115.8,113.7,-0.06
237,27,원종현,21N,0.91,61,0,0,0,2,2,14,6,53.0,27,25,245,67,9,0,5,23,2,3,45,0,4,4.25,1.70,107.0,107.0,-1.58
238,28,파슨스,22N,0.88,8,0,0,8,1,2,0,0,43.0,19,17,182,34,4,2,4,21,0,1,43,0,8,3.56,1.28,110.1,98.1,0.12
239,29,원종현,18N,0.88,59,0,0,0,3,6,2,17,64.1,38,37,275,78,5,1,7,22,1,2,36,0,5,5.18,1.55,100.3,101.0,-1.21
240,30,배재환,20N,0.87,53,0,0,0,1,3,0,12,43.0,22,19,209,38,7,2,4,35,3,9,33,2,5,3.98,1.70,122.9,79.3,-1.88
241,31,배재환,18N,0.79,31,0,0,0,3,3,1,2,36.0,18,18,169,37,5,1,6,25,1,1,34,0,3,4.50,1.72,115.3,85.0,-1.11
242,32,김시훈,22N,0.73,23,0,0,7,2,2,0,3,50.0,24,21,222,47,7,0,4,29,0,1,45,1,0,3.78,1.52,103.6,91.4,0.43
243,33,임정호,20N,0.64,69,0,0,0,2,2,0,22,41.0,23,21,175,32,3,0,3,20,0,7,38,0,0,4.61,1.27,106.0,104.2,1.35
244,34,김정훈,19N,0.62,44,0,0,0,0,2,0,7,51.1,23,21,215,49,11,0,5,16,0,4,32,0,3,3.68,1.27,114.5,91.9,0.66
245,35,원종현,22N,0.61,31,0,0,0,3,0,1,4,31.1,13,12,134,33,5,0,3,8,0,1,23,0,0,3.45,1.31,113.7,100.6,0.09
246,36,배재환,19N,0.60,62,0,0,0,3,5,0,20,54.1,26,22,247,49,9,0,3,31,2,7,61,1,2,3.64,1.47,115.6,109.5,-0.66
247,37,신민혁,22N,0.59,11,0,0,11,2,5,0,0,60.1,30,28,265,63,17,1,5,17,1,8,52,0,4,4.18,1.33,93.8,102.7,-0.03
248,38,이재학,21N,0.53,17,2,1,17,6,6,0,0,83.0,50,48,370,74,16,1,14,52,0,6,65,0,3,5.20,1.52,87.2,74.8,-0.45
249,39,김건태,20N,0.50,33,0,0,0,1,1,0,4,35.0,19,19,155,29,6,0,4,25,0,2,37,0,3,4.89,1.54,100.0,92.4,-0.26
250,40,강윤구,19N,0.44,67,0,0,0,3,3,0,15,56.1,29,28,242,55,4,4,4,24,2,4,49,0,2,4.47,1.40,94.2,106.3,0.47
251,41,최성영,18N,0.43,28,0,0,8,2,2,1,0,64.1,43,42,282,66,14,0,11,25,1,4,57,0,6,5.88,1.42,88.3,94.1,-0.31
252,42,이형범,18N,0.42,23,0,0,4,1,1,0,0,54.0,36,31,238,62,11,0,5,24,2,1,22,0,3,5.17,1.59,100.5,95.5,-0.42
253,43,원종현,19N,0.41,60,0,0,0,3,3,31,0,60.0,31,27,256,62,9,2,4,17,2,3,59,0,5,4.05,1.32,104.0,132.1,0.74
254,44,최금강,21N,0.41,20,0,0,0,2,1,1,0,28.0,14,14,129,29,6,0,4,17,0,2,25,0,3,4.50,1.64,100.9,83.2,-0.36
255,45,임창민,21N,0.39,46,0,0,0,0,3,0,17,40.1,23,17,178,35,8,0,2,20,1,4,29,0,7,3.79,1.36,119.7,105.8,0.23
256,46,김영규,21N,0.32,37,0,0,8,5,3,0,6,63.2,40,38,286,69,8,0,10,28,0,1,42,0,3,5.37,1.52,84.5,83.6,-0.56
257,47,박정수,20N,0.31,15,0,0,3,1,1,0,1,25.2,14,14,116,20,3,0,3,20,0,5,24,0,1,4.91,1.56,99.5,78.9,-0.27
258,48,배민서,21N,0.30,32,0,0,2,1,0,0,0,40.0,26,22,187,51,6,0,3,17,0,4,23,0,3,4.95,1.70,91.7,95.1,0.40
259,49,임정호,21N,0.27,60,0,0,0,0,4,0,12,34.2,20,16,165,37,4,1,2,25,2,3,24,0,0,4.15,1.79,109.3,91.0,-0.66
260,50,김영규,22N,0.23,36,0,0,0,0,6,1,5,32.1,17,17,134,36,6,1,3,8,2,2,28,0,2,4.73,1.36,82.8,112.6,-1.20
261,51,김영규,19N,0.18,30,1,1,10,5,4,0,1,66.1,40,39,307,82,6,1,7,31,0,6,46,0,4,5.29,1.70,79.6,83.4,-0.63
262,52,이민호,18N,0.15,50,0,0,0,5,4,14,0,50.0,34,26,224,52,9,0,8,19,1,3,42,1,2,4.68,1.42,110.9,95.8,-1.93
263,53,정수민,18N,0.14,25,0,0,7,2,5,0,1,58.0,43,39,278,69,8,2,10,33,0,3,38,0,7,6.05,1.76,85.8,79.5,-1.15
264,54,문경찬,21N,0.13,35,0,0,0,0,1,0,4,31.0,20,17,142,25,6,0,6,20,1,0,25,0,1,4.94,1.45,92.0,74.8,-0.19
265,55,박진우,20N,0.13,43,0,0,1,2,2,0,7,43.0,29,25,194,47,7,0,2,13,1,6,22,0,0,5.23,1.40,93.4,109.5,-0.38
266,56,송명기,21N,0.10,24,0,0,24,8,9,0,0,123.1,83,81,574,147,39,2,12,58,1,9,102,1,2,5.91,1.66,76.8,99.3,-0.74
267,57,송명기,22N,0.09,10,0,0,10,2,4,0,0,49.0,28,26,225,50,8,2,6,24,0,10,49,0,2,4.78,1.51,82.0,79.8,-0.03
268,58,김건태,18N,0.06,21,0,0,9,2,3,0,0,53.0,38,32,247,60,11,1,7,24,0,7,39,1,3,5.43,1.59,95.5,90.1,-0.73
269,59,신민혁,20N,0.06,17,0,0,7,2,3,0,0,42.0,27,27,196,57,7,0,10,13,0,3,26,0,0,5.79,1.67,84.4,74.3,-0.70
270,60,버틀러,19N,0.04,13,0,0,13,3,6,0,0,73.2,46,39,326,78,18,1,6,28,1,2,49,0,4,4.76,1.44,88.4,97.8,-1.15
271,61,김영규,20N,0.04,20,0,0,13,2,2,0,1,67.2,47,41,296,83,9,2,12,14,0,2,55,2,5,5.45,1.43,89.6,98.5,-1.22
272,62,김진성,19N,0.04,42,0,0,0,1,2,0,5,42.0,25,20,178,39,10,1,6,15,1,2,35,1,6,4.29,1.29,98.3,89.3,-0.31
273,63,장현식,19N,0.02,53,0,0,0,5,4,0,9,54.2,31,28,246,58,7,1,9,23,0,4,49,0,6,4.61,1.48,91.4,81.0,-0.48
274,64,유원상,18N,-0.00,41,0,0,0,1,4,0,5,47.1,37,34,225,63,17,1,5,17,1,5,30,0,5,6.46,1.69,80.3,99.7,-2.03
275,65,임창민,20N,-0.01,44,0,0,0,7,2,0,11,37.2,26,22,179,39,10,1,4,23,1,2,44,0,3,5.26,1.65,92.9,107.4,-1.60
276,66,문경찬,20N,-0.05,31,0,0,0,0,3,0,11,28.0,20,15,116,22,5,0,5,9,0,0,18,0,0,4.82,1.11,101.3,87.5,-0.43
277,67,강윤구,18N,-0.11,69,0,0,0,7,5,1,17,54.2,41,37,243,54,10,1,10,26,0,1,65,0,4,6.09,1.46,85.2,98.9,-0.64
278,68,최성영,20N,-0.14,14,0,0,13,2,4,0,0,60.2,45,41,278,67,14,0,13,35,0,3,27,0,2,6.08,1.68,80.3,66.3,-2.09
279,69,장현식,18N,-0.22,21,0,0,0,3,2,2,1,26.2,22,22,126,31,5,0,7,17,1,0,24,0,3,7.43,1.80,69.9,72.9,-0.87
280,70,이재학,22N,-0.23,11,0,0,11,0,7,0,0,45.2,30,26,206,36,7,0,2,28,0,7,37,0,3,5.12,1.40,76.5,86.9,-0.75
281,71,노성호,18N,-0.24,20,0,0,4,1,2,0,0,32.2,29,26,158,35,7,1,6,29,1,1,36,0,7,7.16,1.96,72.5,78.8,-1.11
282,72,김진성,18N,-0.26,50,0,0,0,3,2,0,5,45.1,38,36,207,56,9,4,13,19,1,2,38,1,3,7.15,1.65,72.6,73.3,-0.76
283,73,최금강,18N,-0.33,19,0,0,4,0,1,0,1,37.1,36,35,183,51,10,0,8,22,0,2,18,1,3,8.44,1.96,61.5,69.6,-0.79
284,74,이재학,20N,-0.50,19,0,0,19,5,6,0,0,90.2,66,66,410,105,21,1,14,43,0,5,61,1,4,6.55,1.63,74.6,83.5,-1.36
285,75,김진성,21N,-1.07,42,0,0,0,2,4,1,9,37.2,34,30,174,43,10,0,7,18,3,1,37,0,2,7.17,1.62,63.3,89.9,-1.25
286,1,폰트,22S,4.41,15,1,0,15,9,4,0,0,102.0,23,22,379,62,13,2,7,13,1,2,95,0,3,1.94,0.74,207.1,146.5,2.92
287,2,김광현,22S,3.07,12,0,0,12,7,1,0,0,76.0,18,13,302,53,10,0,2,19,2,1,75,0,1,1.54,0.95,261.1,167.8,1.76
288,3,폰트,21S,2.94,26,0,0,26,8,5,0,0,145.2,66,56,604,114,22,1,12,45,1,6,157,1,2,3.46,1.09,129.7,139.2,0.56
289,4,김택형,21S,2.83,59,0,0,0,5,1,7,4,75.1,23,20,316,61,11,0,3,42,5,3,62,0,3,2.39,1.37,187.8,118.9,2.25
290,5,이태양,22S,2.21,16,0,0,10,4,2,0,1,70.0,21,21,283,61,13,0,7,16,2,3,42,0,0,2.70,1.10,148.9,96.9,1.43
291,6,서진용,21S,1.70,65,0,0,0,7,5,9,3,67.1,28,25,297,57,8,1,9,43,7,0,62,0,3,3.34,1.49,134.3,94.3,-1.92
292,7,박종훈,21S,1.61,9,0,0,9,4,2,0,0,54.1,19,17,222,40,7,0,2,17,0,7,41,2,0,2.82,1.05,159.3,124.6,1.02
293,8,오원석,22S,1.38,14,0,0,14,5,4,0,0,79.2,36,35,337,76,11,1,7,35,0,2,66,0,1,3.95,1.39,101.7,95.9,0.60
294,9,문승원,21S,1.33,9,0,0,9,2,2,0,0,50.1,20,16,212,42,14,0,1,18,0,2,32,0,1,2.86,1.19,156.8,127.9,0.31
295,10,서진용,22S,1.27,35,0,0,0,3,1,8,11,35.2,11,11,141,27,3,1,1,12,0,0,30,0,1,2.78,1.09,144.8,132.9,1.69
296,11,장지훈,21S,1.11,60,0,0,0,2,5,1,10,80.1,40,35,342,84,12,2,6,19,1,4,51,1,1,3.92,1.28,114.4,117.5,-0.67
297,12,박민호,21S,0.82,40,0,0,0,4,0,0,5,41.0,18,18,177,45,5,0,3,11,0,4,19,0,0,3.95,1.37,113.6,101.5,0.16
298,13,최민준,22S,0.62,22,0,0,0,3,0,0,3,30.0,12,12,127,21,3,1,5,18,2,1,21,0,6,3.60,1.30,111.7,69.7,-0.29
299,14,장지훈,22S,0.49,22,0,0,0,1,0,0,4,28.2,12,12,120,32,4,1,3,6,1,1,15,0,1,3.77,1.33,106.7,94.2,-0.71
300,15,김상수,21S,0.32,50,0,0,0,4,3,6,5,58.1,33,33,273,71,8,0,10,30,3,1,44,0,2,5.09,1.73,88.1,83.0,-0.04
301,16,고효준,22S,0.26,28,0,0,0,1,0,0,7,25.2,13,12,112,21,4,2,0,14,2,1,23,0,3,4.21,1.36,95.5,131.1,0.93
302,17,서동민,21S,0.23,20,0,0,0,0,0,0,0,26.1,15,15,118,27,4,1,5,17,0,1,24,0,1,5.13,1.67,87.5,75.7,0.08
303,18,이태양,21S,0.16,40,0,0,14,5,10,0,4,103.2,66,66,456,123,23,1,25,32,1,1,62,0,2,5.73,1.50,78.3,73.8,-1.18
304,19,김태훈,21S,0.05,65,0,0,0,2,4,1,16,58.0,35,32,269,55,5,0,7,39,3,9,49,1,4,4.97,1.62,90.4,82.1,-0.06
305,20,신재영,21S,0.05,20,0,0,1,0,0,0,0,28.1,18,18,124,35,5,1,3,2,0,4,27,0,1,5.72,1.31,78.5,133.3,-0.54
306,21,가빌리오,21S,0.02,15,0,0,15,6,4,0,0,81.1,54,53,351,88,18,0,7,30,1,6,70,0,3,5.86,1.45,76.5,113.0,-0.68
307,22,최민준,21S,0.02,38,0,0,12,3,3,0,4,86.0,56,56,398,93,17,0,11,50,0,7,62,1,5,5.86,1.66,76.6,81.9,-1.71
308,23,김택형,22S,-0.08,28,0,0,0,1,2,15,3,26.0,15,15,111,21,2,0,2,10,0,2,33,0,4,5.19,1.19,77.4,128.8,0.17
309,24,조영우,21S,-0.11,30,0,0,8,4,8,1,0,66.2,46,42,291,74,10,2,10,26,0,0,48,0,3,5.67,1.50,79.1,90.8,-0.32
310,25,정수민,21S,-0.27,10,0,0,7,1,2,0,0,30.1,24,23,151,34,5,1,6,27,1,1,22,0,1,6.82,2.01,65.8,63.8,-0.59
311,26,노바,22S,-0.85,12,0,0,12,3,4,0,0,63.2,50,46,291,78,10,2,5,25,0,5,32,1,9,6.50,1.62,61.8,84.3,-0.80
312,27,오원석,21S,-1.00,33,0,0,21,7,6,0,2,110.0,84,72,530,125,20,3,11,73,1,10,95,1,2,5.89,1.80,76.2,88.2,-2.81
313,1,김광현,19S,6.39,31,0,0,30,17,6,0,0,190.1,64,53,786,198,17,0,13,38,1,2,180,0,8,2.51,1.24,169.8,142.2,3.28
314,2,산체스,19S,5.93,28,0,0,28,17,5,0,0,165.0,51,48,671,151,18,2,2,42,0,2,148,2,11,2.62,1.17,162.5,163.8,3.64
315,3,김광현,18S,5.26,25,0,0,25,11,8,0,0,136.0,48,45,554,125,16,2,16,30,0,2,130,0,3,2.98,1.14,176.5,127.4,1.91
316,4,켈리,18S,3.89,28,0,0,28,12,7,0,0,158.1,78,72,674,152,28,3,18,47,1,13,161,2,5,4.09,1.26,128.5,120.4,-0.45
317,5,문승원,20S,3.82,25,1,0,25,6,8,0,0,145.2,64,59,610,136,29,0,13,45,0,6,117,0,2,3.65,1.24,132.3,117.1,0.65
318,6,박종훈,18S,3.38,30,0,0,30,14,8,0,0,159.1,81,74,702,158,31,3,16,54,0,20,133,0,3,4.18,1.33,125.8,108.3,-0.38
319,7,하재훈,19S,3.09,61,0,0,0,5,3,36,3,59.0,13,13,245,47,11,0,1,26,2,1,64,1,0,1.98,1.24,214.6,154.7,3.47
320,8,문승원,19S,2.89,26,0,0,23,11,7,0,2,144.0,63,62,586,130,13,5,23,33,1,3,99,0,0,3.88,1.13,109.8,89.6,0.72
321,9,서진용,19S,2.63,72,0,0,0,3,1,4,33,68.0,19,18,279,53,9,2,2,28,4,2,76,0,1,2.38,1.19,178.6,157.4,2.87
322,10,문승원,18S,2.41,31,0,0,27,8,9,1,1,150.2,86,77,656,180,33,2,24,37,0,4,122,0,4,4.60,1.44,114.3,104.0,-1.49
323,11,박민호,20S,2.29,57,0,0,0,2,1,4,11,52.0,16,14,215,43,9,0,4,19,0,2,36,0,0,2.42,1.19,199.1,110.8,-0.61
324,12,김태훈,18S,2.26,61,0,0,4,9,3,0,10,94.0,44,40,394,88,17,0,8,36,4,2,93,0,11,3.83,1.32,137.3,130.6,-0.02
325,13,박종훈,19S,2.10,28,0,0,28,8,11,0,0,144.0,72,62,643,157,29,0,12,59,0,13,100,0,1,3.88,1.50,109.8,92.8,0.73
326,14,소사,19S,1.93,16,0,0,16,9,3,0,0,94.1,42,40,387,85,6,0,15,23,0,2,96,1,3,3.82,1.15,111.5,103.0,1.38
327,15,박종훈,20S,1.90,29,0,0,28,13,11,0,0,157.1,90,84,691,146,21,3,14,78,1,22,134,0,5,4.81,1.42,100.4,99.5,-1.54
328,16,산체스,18S,1.88,29,0,0,26,8,8,0,1,145.1,90,79,632,161,21,3,26,39,1,7,124,0,12,4.89,1.38,107.5,98.8,-1.34
329,17,신재웅,18S,1.68,54,0,0,0,2,3,16,6,52.0,23,16,226,49,3,0,5,28,0,1,43,0,3,2.77,1.48,189.9,102.8,-0.38
330,18,다익손,19S,1.41,12,0,0,12,3,2,0,0,65.2,29,26,280,65,13,2,7,18,0,2,58,0,1,3.56,1.26,119.4,109.4,0.38
331,19,박민호,19S,1.26,47,0,0,0,3,1,0,4,50.1,17,15,209,49,10,0,2,14,0,4,22,0,0,2.68,1.25,158.7,102.7,-0.28
332,20,정영일,19S,1.17,44,0,0,0,1,2,1,8,42.0,15,15,175,32,3,1,1,22,2,1,35,0,2,3.21,1.29,132.4,118.9,0.44
333,21,서진용,20S,1.09,63,0,0,0,2,7,8,12,61.0,33,28,264,52,4,1,11,34,1,1,56,0,7,4.13,1.41,116.8,85.4,-1.57
334,22,김태훈,19S,1.05,71,0,0,0,4,5,7,27,69.2,33,31,296,62,8,0,4,26,0,4,76,0,7,4.00,1.26,106.3,130.9,0.42
335,23,이건욱,20S,1.03,27,0,0,25,6,12,0,0,122.0,77,77,542,105,16,4,11,81,0,6,91,1,6,5.68,1.53,84.9,90.3,-1.61
336,24,박희수,19S,0.91,34,0,0,0,0,1,1,2,28.2,8,4,124,29,2,0,1,13,0,3,14,0,0,1.26,1.47,338.9,92.7,0.28
337,25,박희수,18S,0.83,35,0,0,0,1,2,0,4,33.0,14,12,146,35,8,0,1,15,0,3,30,0,0,3.27,1.52,160.6,128.8,-0.95
338,26,윤희상,18S,0.71,46,0,0,1,1,2,1,7,51.0,29,29,211,55,5,1,8,7,1,2,44,0,1,5.12,1.22,102.7,115.4,-0.22
339,27,이태양,20S,0.60,46,0,0,0,2,1,0,4,47.1,28,27,211,57,10,0,7,11,1,1,37,0,2,5.13,1.44,94.0,106.3,0.31
340,28,이승진,18S,0.56,34,0,0,2,0,1,0,0,41.1,25,21,189,41,6,0,6,20,1,4,37,0,6,4.57,1.48,115.0,94.4,-0.65
341,29,조영우,20S,0.54,35,0,0,7,2,4,0,0,77.0,52,51,340,96,18,1,12,25,0,2,38,0,4,5.96,1.57,80.9,86.4,-0.71
342,30,채병용,18S,0.51,29,0,0,0,2,1,1,3,30.0,16,16,128,33,5,0,8,8,0,1,15,0,0,4.80,1.37,109.5,73.9,-0.05
343,31,김정빈,20S,0.36,57,0,0,0,1,1,1,10,47.1,30,27,226,37,8,1,5,45,1,8,42,0,6,5.13,1.73,94.0,75.4,-0.14
344,32,강지광,19S,0.29,25,0,0,0,2,4,0,6,27.1,14,12,115,24,5,0,0,11,1,0,15,0,3,3.95,1.28,107.7,122.9,0.46
345,33,박정배,18S,0.26,49,0,0,0,1,3,9,2,44.2,30,29,197,51,15,0,9,12,2,2,44,0,1,5.84,1.41,90.0,101.1,-2.40
346,34,김세현,20S,0.24,42,0,0,0,2,0,1,7,42.0,28,27,187,44,7,0,7,22,0,1,35,0,1,5.79,1.57,83.4,85.9,-0.95
347,35,서진용,18S,0.11,48,0,0,0,3,2,1,12,50.0,36,34,225,52,8,2,14,23,3,2,58,0,4,6.12,1.50,85.9,82.9,-0.01
348,36,정영일,18S,-0.04,51,0,0,0,3,0,0,13,44.0,33,26,205,48,10,0,7,21,1,5,33,0,4,5.32,1.57,98.9,86.6,-0.41
349,37,김주온,20S,-0.10,29,0,0,0,0,3,0,0,31.0,27,26,160,46,7,0,5,22,0,5,18,0,5,7.55,2.19,63.9,68.6,-0.68
350,38,핀토,20S,-0.28,30,0,0,30,6,15,0,0,162.0,121,111,766,198,35,1,19,90,3,11,112,2,11,6.17,1.78,78.2,88.3,-2.27
351,39,김태훈,20S,-0.44,33,0,0,8,1,6,0,4,62.0,52,51,281,61,13,0,8,39,0,4,43,0,10,7.40,1.61,65.2,82.1,-1.78
352,40,백승건,20S,-0.60,10,0,0,7,0,5,0,0,29.1,29,26,156,37,5,0,7,31,0,2,28,0,1,7.98,2.32,60.5,60.2,-1.50
353,41,김주한,20S,-0.75,22,0,0,7,1,7,0,0,46.0,43,38,220,60,7,1,7,20,0,8,22,0,4,7.43,1.74,64.9,76.2,-1.84
354,1,알칸타라,20두,8.31,31,1,0,31,20,2,0,0,198.2,58,56,795,174,38,3,12,30,0,9,182,1,3,2.54,1.03,182.6,149.7,4.35
355,2,미란다,21두,7.09,28,1,1,28,14,5,0,0,173.2,49,45,709,135,21,1,11,63,0,1,225,1,7,2.33,1.14,185.0,161.1,3.27
356,3,린드블럼,19두,6.86,30,0,0,30,20,3,0,0,194.2,57,54,773,165,22,3,13,29,0,6,189,0,7,2.50,1.00,164.4,141.5,4.44
357,4,린드블럼,18두,6.81,26,0,0,26,15,4,0,0,168.2,56,54,681,142,33,2,16,38,0,8,157,0,10,2.88,1.07,175.4,125.2,2.06
358,5,최원준,21두,4.13,29,0,0,29,12,4,0,0,158.1,65,58,673,160,31,4,15,37,1,10,113,0,0,3.30,1.24,130.8,107.1,1.17
359,6,후랭코프,18두,4.12,28,0,0,28,18,3,0,0,149.1,64,62,621,118,17,1,12,55,1,22,134,0,15,3.74,1.16,135.3,110.0,1.18
360,7,로켓,21두,4.10,21,1,0,21,9,9,0,0,124.0,44,41,540,132,20,2,5,42,1,12,112,1,1,2.98,1.40,144.9,130.9,1.00
361,8,이용찬,18두,3.91,25,1,0,24,15,3,0,0,144.0,62,58,608,151,24,1,14,36,2,8,102,0,6,3.63,1.30,139.4,110.8,0.45
362,9,유희관,19두,3.55,28,2,0,27,11,8,0,0,166.1,67,60,692,171,37,2,8,42,3,3,64,0,2,3.25,1.28,126.5,102.3,1.70
363,10,플렉센,20두,3.51,21,0,0,21,8,4,0,0,116.2,43,39,472,97,14,0,6,30,2,2,132,0,5,3.01,1.09,154.0,169.7,1.01
364,11,최원준,20두,3.08,42,0,0,18,10,2,0,0,123.0,52,52,532,134,23,3,15,35,0,7,94,1,2,3.80,1.37,121.8,99.0,0.80
365,12,이영하,19두,3.03,29,1,0,27,17,4,0,0,163.1,70,66,692,148,28,5,5,61,1,10,90,2,5,3.64,1.28,112.9,103.4,3.13
366,13,함덕주,18두,2.95,62,0,0,0,6,3,27,3,67.0,23,22,293,58,9,1,4,37,3,4,75,0,4,2.96,1.42,171.0,124.8,1.58
367,14,홍건희,21두,2.92,65,0,0,0,6,6,3,17,74.1,23,23,303,65,11,0,3,27,0,0,82,1,7,2.78,1.24,154.9,158.9,0.60
368,15,후랭코프,19두,2.59,22,0,0,22,9,8,0,0,117.1,48,47,495,110,20,2,5,30,1,13,111,1,2,3.61,1.19,113.9,130.4,0.48
369,16,김강률,21두,2.49,50,0,0,0,3,0,21,3,51.2,15,12,230,54,7,2,2,25,4,1,41,0,4,2.09,1.53,206.4,124.0,1.80
370,17,이영하,20두,2.02,42,0,0,19,5,11,6,0,132.0,78,68,605,148,26,1,9,66,3,5,85,1,4,4.64,1.62,99.9,99.1,-1.97
371,18,스탁,22두,1.87,15,0,0,15,7,4,0,0,90.2,36,31,384,86,13,0,4,43,0,3,78,0,3,3.08,1.42,125.4,104.7,0.14
372,19,박치국,18두,1.72,67,0,0,0,1,5,3,17,67.0,30,27,293,80,13,0,5,15,4,9,60,1,1,3.63,1.42,139.4,129.6,0.27
373,20,윤명준,19두,1.62,69,0,0,0,6,2,1,14,68.1,23,20,279,63,14,0,3,20,2,3,40,0,7,2.63,1.22,155.8,110.3,0.36
374,21,박치국,20두,1.46,63,0,0,0,4,4,0,6,71.2,34,23,317,65,12,2,5,34,4,5,66,0,1,2.89,1.38,160.4,113.5,-0.27
375,22,이용찬,19두,1.35,26,0,0,26,7,10,0,0,148.1,75,67,651,168,28,2,15,45,3,6,102,0,3,4.07,1.44,101.0,93.9,0.09
376,23,함덕주,20두,1.34,36,0,0,6,5,1,10,2,55.1,25,24,240,55,7,0,2,21,2,0,55,0,7,3.90,1.37,118.7,152.5,-0.39
377,24,곽빈,21두,1.34,21,0,0,21,4,7,0,0,98.2,50,45,455,78,17,3,7,79,0,12,96,1,6,4.10,1.59,105.1,85.6,-0.30
378,25,이영하,18두,1.32,40,0,0,17,10,3,0,2,122.2,75,72,555,140,28,5,15,54,1,9,90,0,8,5.28,1.58,95.7,92.1,-1.25
379,26,최원준,19두,1.29,34,0,0,3,1,2,1,4,54.1,17,16,228,52,12,1,1,16,1,4,38,0,1,2.65,1.25,154.9,125.5,-0.23
380,27,김승회,18두,1.21,55,0,0,0,3,4,3,11,54.2,26,21,242,54,11,0,6,23,1,5,34,0,3,3.46,1.41,146.2,91.9,-0.58
381,28,이형범,19두,1.21,67,0,0,0,6,3,19,10,61.0,25,18,258,57,6,0,4,19,2,9,31,0,2,2.66,1.25,154.6,90.5,1.23
382,29,김명신,22두,1.18,30,0,0,0,1,1,0,3,41.0,11,11,163,32,2,0,3,13,0,1,28,0,2,2.41,1.10,159.8,97.6,-0.13
383,30,김강률,18두,1.04,65,0,0,0,5,0,6,11,76.0,42,39,317,72,10,0,7,24,1,3,81,0,6,4.62,1.26,109.4,128.3,1.51
384,31,김승회,19두,1.00,55,0,0,0,3,3,3,7,58.2,24,20,250,57,12,3,1,16,1,2,46,0,5,3.07,1.24,133.8,141.4,0.30
385,32,최원준,22두,0.90,13,0,0,13,4,5,0,0,72.2,34,24,305,74,12,0,9,13,0,1,54,0,1,2.97,1.20,129.8,94.1,0.05
386,33,홍건희,20두,0.86,50,0,0,0,3,4,1,8,56.2,31,30,251,63,12,1,5,20,0,5,51,0,3,4.76,1.47,97.2,109.3,-0.59
387,34,함덕주,19두,0.82,61,0,0,0,2,5,16,7,54.2,24,21,236,39,7,1,6,34,4,1,48,0,2,3.46,1.34,118.7,84.8,1.14
388,35,이승진,21두,0.73,47,0,0,0,1,4,2,13,48.1,24,21,210,41,3,0,3,31,2,2,28,2,2,3.91,1.49,110.3,88.8,0.25
389,36,김민규,20두,0.64,29,0,0,4,1,2,1,0,53.1,30,29,231,47,14,0,3,22,2,3,54,0,1,4.89,1.29,94.7,130.7,0.19
390,37,곽빈,22두,0.64,13,0,0,13,3,6,0,0,68.1,35,29,304,59,13,0,6,39,0,5,62,0,5,3.82,1.43,101.0,83.7,-0.04
391,38,김명신,21두,0.57,58,0,0,1,3,2,0,2,67.0,37,32,289,72,14,3,6,14,1,6,43,0,1,4.30,1.28,100.3,105.9,-0.19
392,39,채지선,20두,0.46,37,0,0,0,1,0,0,2,33.0,18,18,158,34,3,1,3,24,1,5,34,0,11,4.91,1.76,94.4,88.7,-0.09
393,40,윤명준,20두,0.39,42,0,0,0,0,0,2,7,40.0,24,22,180,49,6,1,4,12,1,1,20,0,1,4.95,1.53,93.6,97.2,0.42
394,41,이승진,20두,0.39,33,0,0,5,2,4,0,5,51.1,33,32,228,55,12,2,3,22,1,2,54,0,0,5.61,1.50,82.6,130.7,-0.66
395,42,박치국,19두,0.36,61,0,0,0,2,2,3,14,52.0,26,26,229,64,14,1,5,14,2,5,35,0,3,4.50,1.50,91.2,94.6,-1.07
396,43,이현승,18두,0.35,39,0,0,0,1,0,0,6,30.2,18,17,140,39,9,2,4,14,1,1,21,0,0,4.99,1.73,101.3,91.0,0.02
397,44,정철원,22두,0.34,21,0,0,0,2,2,0,7,26.0,12,12,107,23,3,1,3,8,2,2,16,0,1,4.15,1.19,92.9,84.4,0.12
398,45,이현호,18두,0.27,15,0,0,2,0,0,1,0,28.0,19,19,134,37,6,0,4,13,0,1,23,0,1,6.11,1.79,82.8,90.4,-0.15
399,46,이현승,20두,0.25,62,0,0,0,2,1,2,9,42.1,27,25,195,48,9,2,2,21,0,2,42,1,3,5.31,1.63,87.2,122.4,-0.55
400,47,배영수,19두,0.21,37,0,0,0,1,2,0,0,45.1,25,23,194,50,11,1,4,11,2,3,10,1,3,4.57,1.35,89.9,83.2,-0.60
401,48,박종기,20두,0.19,8,0,0,5,1,2,0,0,26.0,16,16,117,30,6,0,3,14,0,0,20,0,1,5.54,1.69,83.6,89.9,0.11
402,49,윤명준,21두,0.17,45,0,0,0,1,0,0,1,45.2,28,24,208,53,6,0,3,20,2,4,26,1,1,4.73,1.60,91.2,96.7,-0.44
403,50,홍건희,22두,0.17,29,0,0,0,1,4,5,9,32.2,17,14,141,29,5,0,2,13,2,2,27,0,4,3.86,1.29,100.0,105.3,0.77
404,51,유희관,20두,0.15,27,0,0,27,10,11,0,0,136.1,91,76,622,190,37,5,14,39,4,3,56,0,1,5.02,1.68,92.3,94.3,-2.34
405,52,박신지,22두,0.04,16,0,0,3,1,1,0,0,26.0,15,15,129,29,5,0,2,17,0,2,19,0,2,5.19,1.77,74.3,76.2,-0.34
406,53,이현호,19두,-0.01,16,0,0,8,1,0,0,0,40.1,25,23,191,51,8,1,2,19,0,1,22,1,2,5.13,1.74,80.0,92.3,-0.51
407,54,이영하,22두,-0.01,14,0,0,14,6,4,0,0,74.2,44,35,337,81,12,0,4,34,1,4,65,0,5,4.22,1.54,91.5,102.5,-0.56
408,55,김강률,20두,-0.16,30,0,0,0,2,2,0,0,28.0,22,11,141,36,6,2,1,20,0,4,28,0,0,3.54,2.00,131.0,102.1,-0.30
409,56,권혁,19두,-0.21,57,0,0,0,2,2,1,11,36.2,23,20,155,36,7,0,3,7,0,2,21,0,0,4.91,1.17,83.6,100.2,0.02
410,57,박종기,21두,-0.23,22,0,0,5,0,4,0,0,59.2,42,38,274,69,10,1,3,29,0,3,33,0,3,5.73,1.64,75.3,97.3,-1.66
411,58,김민규,21두,-0.23,31,0,0,6,2,3,0,1,56.1,40,38,262,64,10,0,9,28,0,4,39,0,3,6.07,1.63,71.0,74.4,-0.67
412,59,이영하,21두,-0.28,35,0,0,11,5,6,1,2,78.2,58,55,364,81,18,0,9,57,0,1,53,0,7,6.29,1.75,68.5,75.8,-1.63
413,60,최승용,22두,-0.29,20,0,0,8,2,4,0,2,42.1,29,28,191,51,7,3,3,16,0,2,24,1,1,5.95,1.58,64.8,87.7,-0.34
414,61,곽빈,18두,-0.36,32,0,0,0,3,1,1,4,31.0,26,26,154,44,10,0,6,17,0,3,26,0,0,7.55,1.97,67.0,75.6,-0.11
415,62,이형범,20두,-0.39,27,0,0,0,1,2,1,1,25.2,22,22,122,30,6,0,5,16,2,2,13,0,1,7.71,1.79,60.1,65.9,-2.18
416,63,유희관,18두,-0.53,29,0,0,28,10,10,0,0,141.0,108,105,650,197,41,3,23,42,0,4,81,0,1,6.70,1.70,75.4,86.5,-2.73
417,64,이용찬,20두,-0.54,5,0,0,5,1,3,0,0,26.2,25,25,125,41,8,0,7,6,0,0,15,0,1,8.44,1.76,54.9,69.2,-0.74
418,65,유희관,21두,-1.48,15,0,0,15,4,7,0,0,63.0,57,54,314,107,14,3,10,24,0,3,23,0,0,7.71,2.08,55.9,71.8,-1.98
419,66,장원준,18두,-2.19,24,0,0,16,3,7,0,2,71.2,81,79,349,101,19,0,12,33,0,11,46,0,3,9.92,1.87,51.0,76.4,-3.12
420,1,스트레일리,20롯,7.53,31,0,0,31,15,4,0,0,194.2,61,54,777,148,27,2,10,51,0,7,205,0,4,2.50,1.02,195.1,159.0,3.84
421,2,레일리,19롯,4.08,30,0,0,30,5,14,0,0,181.0,88,78,791,191,32,4,10,65,1,8,140,1,10,3.88,1.41,108.1,111.1,0.20
422,3,박세웅,21롯,4.01,28,1,1,28,10,9,0,0,163.0,75,72,685,141,24,0,20,53,0,10,125,0,17,3.98,1.19,114.3,98.1,-0.23
423,4,노경은,18롯,3.41,33,0,0,19,9,6,0,0,132.1,65,60,547,127,24,3,18,30,1,4,89,0,1,4.08,1.19,127.8,104.5,0.27
424,5,스트레일리,21롯,3.02,31,0,0,31,10,12,0,0,165.2,85,75,714,162,25,2,12,66,0,8,164,1,8,4.07,1.38,111.5,122.8,0.14
425,6,레일리,18롯,2.95,30,0,0,30,11,13,0,0,178.1,106,94,775,180,34,4,24,54,1,18,178,2,4,4.74,1.31,109.9,109.3,-1.94
426,7,듀브론트,18롯,2.33,25,0,0,25,6,9,0,0,137.1,82,75,629,162,29,2,13,62,1,8,109,3,10,4.92,1.63,106.1,104.8,-1.66
427,8,김원중,21롯,2.26,61,0,0,0,4,4,35,0,62.2,26,25,268,50,8,0,6,28,4,3,64,0,8,3.59,1.25,126.6,116.5,2.20
428,9,손승락,18롯,2.24,57,0,0,0,3,5,28,0,57.2,26,25,250,53,13,0,1,20,4,1,60,0,2,3.90,1.27,133.7,182.5,0.69
429,10,구승민,18롯,2.20,64,0,0,0,7,4,0,14,73.2,33,30,307,62,15,0,12,31,6,3,75,1,2,3.67,1.26,142.3,103.6,-0.26
430,11,박세웅,20롯,2.02,28,0,0,28,8,10,0,0,147.1,85,77,658,177,27,2,20,47,0,8,108,0,13,4.70,1.52,103.6,96.5,-1.77
431,12,반즈,22롯,1.95,16,0,0,16,7,5,0,0,101.0,42,32,424,93,17,3,5,22,1,11,88,0,2,2.85,1.14,139.1,123.3,0.24
432,13,최준용,21롯,1.94,44,0,0,0,4,2,1,20,47.1,16,15,195,41,7,0,6,16,3,1,45,0,1,2.85,1.20,159.4,112.5,2.28
433,14,구승민,20롯,1.94,57,0,0,0,5,2,0,20,60.1,25,24,238,40,9,0,8,26,2,0,58,0,1,3.58,1.09,136.1,105.5,0.94
434,15,진명호,19롯,1.88,60,0,0,0,3,2,0,9,63.1,24,24,273,56,12,0,4,35,4,1,51,0,3,3.41,1.44,122.9,101.2,0.68
435,16,노경은,20롯,1.70,25,1,0,24,5,10,0,0,133.0,76,72,574,139,31,1,19,40,2,3,77,0,3,4.87,1.35,100.0,92.7,-0.54
436,17,오현택,18롯,1.64,72,0,0,0,3,2,0,25,64.2,32,27,268,66,9,0,11,12,0,3,63,1,2,3.76,1.21,138.8,109.3,0.11
437,18,김원중,20롯,1.61,58,0,0,0,5,4,25,0,59.1,29,26,249,52,14,1,8,23,5,0,57,0,1,3.94,1.26,123.5,111.8,-0.63
438,19,박세웅,22롯,1.59,14,0,0,14,5,5,0,0,86.1,38,34,355,87,16,2,4,16,1,4,84,0,3,3.54,1.19,111.9,148.1,0.40
439,20,구승민,22롯,1.44,33,0,0,0,0,1,0,9,27.1,5,5,116,19,5,0,0,16,1,0,37,0,2,1.65,1.28,240.8,173.4,0.97
440,21,이인복,21롯,1.31,25,0,0,8,3,0,0,1,61.1,31,28,271,75,17,3,5,14,1,5,45,0,0,4.11,1.45,110.6,117.3,0.08
441,22,구승민,21롯,1.27,68,0,0,0,6,5,0,20,62.1,30,30,262,47,7,2,5,31,0,4,65,1,4,4.33,1.25,104.9,112.4,0.30
442,23,진명호,18롯,1.19,60,0,0,0,5,4,1,9,61.2,34,30,282,53,19,0,7,46,6,1,65,0,3,4.38,1.61,119.1,100.7,-0.14
443,24,장시환,19롯,1.18,27,0,0,27,6,13,0,0,125.1,78,69,570,147,29,1,12,58,1,2,109,0,17,4.95,1.64,84.6,97.2,-0.61
444,25,김대우,20롯,1.15,46,0,0,1,0,1,0,0,49.1,22,17,216,48,11,0,1,26,1,2,43,1,5,3.10,1.50,157.1,128.4,-0.94
445,26,박시영,19롯,1.05,43,0,0,6,1,1,0,4,61.2,30,29,262,51,10,1,5,27,0,4,60,0,7,4.23,1.27,99.1,104.3,0.73
446,27,오현택,20롯,1.04,48,0,0,0,3,1,0,7,36.0,15,15,152,37,6,1,5,8,1,2,17,0,1,3.75,1.25,129.9,92.9,0.10
447,28,최준용,22롯,1.03,31,0,0,0,1,4,14,2,35.2,14,14,147,26,5,0,4,11,1,2,46,0,3,3.53,1.04,112.2,120.9,0.69
448,29,박세웅,19롯,0.98,12,0,0,12,3,6,0,0,60.0,33,28,263,66,12,3,3,23,0,0,44,0,4,4.20,1.48,99.8,112.2,-0.45
449,30,이인복,20롯,0.97,47,0,0,1,1,4,0,2,45.1,22,20,199,57,9,0,2,12,1,1,21,0,2,3.97,1.52,122.7,119.7,-1.01
450,31,이인복,22롯,0.95,15,0,0,13,6,7,0,1,76.1,37,34,321,84,14,0,4,17,0,3,49,0,2,4.01,1.32,98.9,111.5,0.11
451,32,김건국,19롯,0.90,37,0,0,5,3,3,0,3,66.2,34,33,293,73,8,1,5,27,0,6,43,0,3,4.46,1.50,94.1,91.6,-0.27
452,33,손승락,19롯,0.85,53,0,0,0,4,3,9,2,52.2,27,23,233,54,9,1,3,19,3,3,44,0,2,3.93,1.39,106.7,117.4,-1.04
453,34,톰슨,19롯,0.82,11,1,1,11,2,3,0,0,62.2,35,33,267,54,8,1,4,23,0,5,60,0,8,4.74,1.23,88.5,114.4,-0.26
454,35,나균안,22롯,0.78,20,0,0,4,1,3,0,2,52.0,25,24,222,55,18,1,1,17,1,1,57,0,3,4.15,1.39,95.5,166.0,-0.48
455,36,박진형,19롯,0.76,41,0,0,0,2,1,5,5,40.1,19,18,169,40,3,0,6,11,3,0,40,0,5,4.02,1.26,104.4,106.5,-1.02
456,37,프랑코,21롯,0.76,37,0,0,27,9,8,0,1,150.0,97,90,677,147,31,2,20,75,0,20,124,1,6,5.40,1.48,84.2,84.1,-1.27
457,38,김건국,20롯,0.70,32,0,0,0,3,2,0,1,31.2,14,14,139,30,5,2,2,9,0,3,31,0,4,3.98,1.23,122.4,134.6,-0.22
458,39,고효준,19롯,0.70,75,0,0,0,2,7,0,15,62.1,34,33,280,58,13,1,6,36,6,3,72,0,11,4.76,1.51,88.0,106.2,-1.37
459,40,다익손,19롯,0.66,17,0,0,16,3,8,0,0,83.2,52,46,369,99,10,1,8,22,1,4,59,1,3,4.95,1.45,84.7,101.6,-0.96
460,41,서준원,19롯,0.63,33,0,0,16,4,11,0,0,97.0,61,59,443,117,25,1,10,38,0,11,60,1,1,5.47,1.60,76.6,83.5,-0.84
461,42,윤길현,18롯,0.62,32,0,0,0,1,2,0,4,33.0,18,17,145,33,6,2,4,15,0,0,29,0,2,4.64,1.46,112.5,104.4,-0.34
462,43,서준원,20롯,0.56,31,0,0,20,7,6,0,0,107.2,71,62,480,130,18,0,16,31,1,5,60,0,3,5.18,1.50,94.0,89.8,-1.13
463,44,최준용,20롯,0.54,31,0,0,0,0,2,0,8,29.2,16,16,130,31,7,1,3,11,4,2,26,0,3,4.85,1.42,100.4,119.1,-0.75
464,45,장시환,18롯,0.48,32,0,0,0,1,0,0,2,36.2,23,19,174,39,4,2,5,19,0,3,44,0,2,4.66,1.58,111.8,104.6,-0.14
465,46,윤성빈,18롯,0.39,18,0,0,10,2,5,0,0,50.2,36,36,235,51,12,0,5,36,0,3,65,0,5,6.39,1.72,81.6,107.7,-0.98
466,47,박진형,20롯,0.38,53,0,0,0,1,4,0,17,42.2,27,27,194,56,15,2,7,13,2,4,50,0,3,5.70,1.62,85.5,109.3,-1.18
467,48,송승준,18롯,0.35,22,0,0,15,3,4,0,0,79.0,58,54,361,93,23,2,8,35,0,4,68,0,5,6.15,1.62,84.8,106.4,-2.06
468,49,샘슨,20롯,0.30,25,0,0,25,9,12,0,0,130.0,87,78,590,167,25,1,14,36,0,6,87,2,8,5.40,1.56,90.2,104.6,-1.07
469,50,정성종,19롯,0.19,32,0,0,0,1,1,0,0,49.2,33,30,231,64,10,1,6,24,3,4,24,0,4,5.44,1.77,77.1,75.9,-0.09
470,51,김유영,22롯,0.17,34,0,0,0,2,1,0,11,26.0,14,12,125,34,9,0,0,13,2,2,24,0,2,4.15,1.81,95.5,131.6,-0.41
471,52,스파크맨,22롯,0.13,13,0,0,13,2,2,0,0,57.2,34,31,260,60,11,0,3,33,1,3,63,0,4,4.84,1.61,82.0,107.5,-0.13
472,53,김진욱,21롯,0.13,39,0,0,5,4,6,0,8,45.2,32,32,227,42,9,0,3,49,3,3,45,0,15,6.31,1.99,72.1,82.0,-1.26
473,54,김대우,21롯,0.12,39,0,0,0,2,2,0,9,35.1,22,20,160,32,7,0,4,24,0,4,31,0,5,5.09,1.59,89.2,82.3,-0.71
474,55,김진욱,22롯,0.11,8,0,0,8,2,2,0,0,34.2,20,19,155,24,4,0,2,20,0,6,38,0,3,4.93,1.27,80.4,94.8,-0.19
475,56,김도규,21롯,0.10,43,0,0,0,2,1,0,5,42.0,28,27,182,41,5,1,3,22,1,0,39,0,2,5.79,1.50,78.6,114.2,0.51
476,57,이명우,18롯,0.05,59,0,0,1,0,1,0,2,44.0,36,26,200,59,15,0,1,9,1,0,25,0,3,5.32,1.55,98.1,147.4,-0.90
477,58,이승헌,20롯,0.05,8,0,0,8,3,2,0,0,36.2,25,19,157,34,2,1,1,11,1,2,34,1,2,4.66,1.23,104.5,157.3,-0.30
478,59,김원중,18롯,0.02,30,0,0,30,8,7,0,0,145.1,115,112,681,173,37,2,28,77,1,11,137,0,7,6.94,1.72,75.2,83.7,-2.69
479,60,이승헌,21롯,-0.00,16,0,0,12,0,3,0,0,57.2,39,37,278,65,10,0,2,43,0,7,32,1,11,5.77,1.87,78.7,84.6,-0.93
480,61,진명호,20롯,-0.02,37,0,0,0,0,1,0,2,31.1,25,25,146,29,5,1,3,22,0,2,32,0,1,7.18,1.63,67.8,94.7,-1.29
481,62,최영환,21롯,-0.05,20,0,0,7,1,2,0,0,40.2,30,28,181,45,10,0,4,24,0,2,28,0,4,6.20,1.70,73.3,86.7,-0.58
482,63,고효준,18롯,-0.14,43,0,0,0,2,3,0,7,32.1,27,25,153,33,8,1,3,23,0,0,39,0,5,6.96,1.73,75.0,110.1,-0.59
483,64,나균안,21롯,-0.22,23,0,0,7,1,2,1,1,46.1,36,33,223,62,13,0,4,24,0,0,27,1,1,6.41,1.86,70.9,92.1,-0.74
484,65,박시영,20롯,-0.34,36,0,0,0,1,1,0,1,30.1,27,27,145,32,7,0,5,23,0,1,21,0,1,8.01,1.81,60.8,71.7,-1.17
485,66,박시영,18롯,-0.36,21,0,0,1,0,0,0,0,26.1,27,25,129,35,6,1,6,14,0,1,19,0,5,8.54,1.86,61.0,74.1,-0.35
486,67,김원중,19롯,-0.36,28,0,0,17,5,10,0,1,102.1,75,65,485,127,21,1,13,47,1,6,93,0,6,5.72,1.70,73.3,88.2,-2.18
487,68,장원삼,20롯,-0.42,13,0,0,4,0,3,0,0,34.0,32,29,160,49,8,0,6,10,1,3,15,0,0,7.68,1.74,63.5,79.7,-1.20
488,69,서준원,21롯,-0.65,26,0,0,8,1,3,0,3,54.0,46,44,257,72,13,2,5,29,3,2,37,0,1,7.33,1.87,62.0,94.4,-1.07
489,70,노경은,21롯,-0.80,14,0,0,11,3,5,0,0,56.1,50,46,269,79,16,1,11,24,0,4,35,0,3,7.35,1.83,61.8,73.1,-1.90
490,71,구승민,19롯,-0.83,41,0,0,0,1,4,2,6,36.0,29,25,180,45,5,0,5,21,6,3,43,0,7,6.25,1.83,67.1,96.6,-2.01
491,72,박세웅,18롯,-1.20,14,0,0,12,1,5,0,0,49.0,54,54,258,83,20,2,10,29,0,4,40,0,3,9.92,2.29,52.6,76.1,-2.21
492,1,백정현,21삼,5.28,27,0,0,27,14,5,0,0,157.2,54,46,648,142,25,1,15,54,2,2,109,0,5,2.63,1.24,171.9,107.3,1.78
493,2,원태인,21삼,4.76,26,0,0,26,14,7,0,0,158.2,59,54,655,147,32,1,11,51,1,5,129,1,5,3.06,1.25,147.4,123.4,2.41
494,3,뷰캐넌,20삼,4.68,27,1,0,27,15,7,0,0,174.2,71,67,728,172,19,2,16,50,0,7,121,0,2,3.45,1.27,142.1,112.2,1.62
495,4,뷰캐넌,21삼,4.55,30,1,1,30,16,5,0,0,177.0,71,61,758,173,25,4,13,59,2,2,162,0,7,3.10,1.31,145.5,130.3,1.66
496,5,최채흥,20삼,3.35,26,1,1,26,11,6,0,0,146.0,67,58,617,131,27,1,12,51,0,7,123,3,3,3.58,1.25,137.2,117.7,1.32
497,6,뷰캐넌,22삼,3.17,15,1,1,15,6,4,0,0,96.2,30,26,411,98,17,0,4,23,0,5,77,0,2,2.42,1.25,164.6,125.8,1.57
498,7,오승환,21삼,3.03,64,0,0,0,0,2,44,0,62.0,17,14,252,56,15,3,3,16,3,2,57,0,2,2.03,1.16,222.1,157.9,4.31
499,8,최충연,18삼,2.98,70,0,0,0,2,6,8,16,85.0,34,34,344,73,16,2,6,26,1,2,101,0,8,3.60,1.17,147.3,156.2,1.49
500,9,아델만,18삼,2.81,31,0,0,31,8,12,0,0,171.0,101,96,758,202,39,1,20,54,0,11,137,1,7,5.05,1.50,105.0,107.1,-1.15
501,10,라이블리,20삼,2.68,21,0,0,21,6,7,0,0,112.0,54,53,478,98,16,1,11,39,0,12,95,0,2,4.26,1.22,115.2,108.2,-0.19
502,11,오승환,20삼,2.62,45,0,0,0,3,2,18,2,47.2,14,14,201,44,10,1,2,15,0,2,39,0,1,2.64,1.24,185.6,136.4,1.82
503,12,백정현,18삼,2.34,25,0,0,23,7,7,1,0,125.2,68,64,540,142,27,2,18,36,0,3,99,0,2,4.58,1.42,115.7,104.1,-0.87
504,13,수아레즈,22삼,2.27,14,0,0,14,3,5,0,0,80.2,28,21,334,71,9,0,3,23,0,2,70,0,2,2.34,1.17,170.1,131.3,1.18
505,14,백정현,19삼,2.07,28,1,1,27,8,10,0,0,157.0,85,74,677,158,29,4,17,56,0,6,82,0,4,4.24,1.36,102.3,86.3,-0.65
506,15,우규민,19삼,1.99,54,0,0,0,2,7,15,7,59.0,20,18,247,58,3,0,7,10,1,6,40,0,0,2.75,1.15,158.0,98.4,0.96
507,16,심창민,18삼,1.86,59,0,0,0,5,2,17,5,66.1,32,30,284,57,9,2,12,22,2,9,68,0,1,4.07,1.19,130.3,96.7,1.28
508,17,보니야,18삼,1.77,29,0,0,29,7,10,0,0,168.0,111,99,752,193,40,2,23,63,1,12,151,1,9,5.30,1.52,100.0,102.2,-1.92
509,18,장필준,19삼,1.74,61,0,0,0,3,3,11,15,69.2,29,28,302,64,12,1,7,33,3,3,53,0,4,3.62,1.39,120.0,92.5,0.79
510,19,이승현,20삼,1.61,65,0,0,0,1,2,0,14,54.1,22,21,226,45,7,1,11,25,1,0,52,0,2,3.48,1.29,141.0,88.2,0.25
511,20,원태인,22삼,1.55,12,0,0,12,3,5,0,0,75.1,32,30,321,76,12,1,4,26,3,1,54,0,3,3.58,1.35,111.2,112.1,0.63
512,21,최채흥,21삼,1.55,26,1,0,20,5,9,0,2,122.1,66,62,538,143,21,2,16,37,1,2,82,1,4,4.56,1.47,99.0,98.3,-0.37
513,22,원태인,20삼,1.51,27,0,0,26,6,10,0,0,140.0,84,76,626,162,32,1,19,56,2,5,78,0,6,4.89,1.56,100.4,89.4,-1.23
514,23,장필준,18삼,1.49,61,0,0,0,5,5,6,13,66.1,35,32,290,65,15,1,6,25,2,6,74,0,0,4.34,1.36,122.2,127.5,-0.78
515,24,양창섭,18삼,1.42,19,0,0,17,7,6,0,0,87.1,52,49,400,100,22,0,12,34,0,10,49,1,3,5.05,1.53,105.0,87.4,-0.72
516,25,우규민,18삼,1.39,48,0,0,0,4,1,0,10,58.2,28,28,246,70,12,0,6,12,1,5,48,0,0,4.30,1.40,123.5,120.6,-0.22
517,26,이승현,19삼,1.16,34,0,0,0,2,1,0,8,37.0,11,8,147,28,3,0,2,11,0,1,31,0,2,1.95,1.05,223.0,124.8,0.36
518,27,라이블리,19삼,1.10,9,1,1,9,4,4,0,0,57.0,26,25,236,51,9,4,4,13,0,5,58,0,0,3.95,1.12,109.9,132.1,0.25
519,28,권오준,18삼,1.06,47,0,0,0,3,1,1,2,43.1,21,19,189,43,7,0,7,12,0,3,52,0,2,3.95,1.27,134.4,115.0,-0.11
520,29,임현준,20삼,1.05,51,0,0,0,1,1,0,5,25.1,7,5,109,24,3,0,2,7,1,6,18,0,1,1.78,1.22,276.1,106.2,0.42
521,30,최지광,19삼,1.03,63,0,0,0,3,8,2,10,68.0,33,31,303,64,9,3,4,40,3,5,60,0,3,4.10,1.53,105.8,99.5,-0.71
522,31,우규민,21삼,1.02,60,0,0,0,3,3,2,24,49.0,22,18,213,58,4,1,5,9,1,2,35,0,1,3.31,1.37,136.5,118.1,-0.84
523,32,오승환,22삼,0.93,27,0,0,0,2,0,17,1,28.0,10,8,122,30,5,0,2,7,0,1,29,0,1,2.57,1.32,155.0,130.9,1.92
524,33,원태인,19삼,0.85,26,0,0,20,4,8,0,2,112.0,65,60,493,119,26,3,12,39,0,5,68,2,6,4.82,1.41,90.0,89.7,-1.59
525,34,최지광,20삼,0.85,51,0,0,0,1,3,0,15,44.1,24,24,199,34,5,0,2,31,4,3,45,0,5,4.87,1.47,100.7,116.9,-0.54
526,35,윤성환,19삼,0.82,27,1,1,27,8,13,0,0,145.1,87,77,643,168,34,3,14,50,0,7,65,0,3,4.77,1.50,91.0,86.3,-1.05
527,36,김윤수,20삼,0.82,61,0,0,0,3,5,0,12,58.0,34,30,266,66,9,0,6,31,3,1,41,0,7,4.66,1.67,105.4,97.8,-1.34
528,37,최채흥,18삼,0.78,8,0,0,4,4,1,0,0,28.0,11,10,120,30,5,1,5,8,0,1,25,0,0,3.21,1.36,165.0,98.9,0.06
529,38,맥과이어,19삼,0.76,21,1,1,21,4,8,0,0,112.1,68,63,512,119,24,3,13,66,0,6,100,2,3,5.05,1.65,86.0,84.7,-0.37
530,39,임현준,19삼,0.72,71,0,0,0,1,0,0,8,42.1,19,16,177,34,9,1,2,12,0,3,35,0,0,3.40,1.09,127.6,123.7,0.45
531,40,라이블리,21삼,0.66,7,0,0,7,0,1,0,0,33.1,16,15,140,23,6,0,4,13,0,5,38,0,0,4.05,1.08,111.5,107.0,0.33
532,41,임현준,18삼,0.64,40,0,0,0,0,1,0,3,27.2,12,12,116,20,4,1,3,11,1,5,26,0,0,3.90,1.12,135.9,104.8,0.18
533,42,김대우,20삼,0.63,28,0,0,9,3,7,0,1,77.2,49,44,350,95,17,1,9,26,0,6,37,1,1,5.10,1.56,96.2,91.3,-0.91
534,43,김승현,18삼,0.56,28,0,0,0,1,3,0,2,32.1,18,16,158,48,8,1,3,15,2,5,29,0,3,4.45,1.95,119.1,106.3,-0.83
535,44,허윤동,20삼,0.56,11,0,0,11,2,1,0,0,45.0,26,24,204,43,10,0,4,31,0,2,18,1,0,4.80,1.64,102.2,79.3,-0.21
536,45,정인욱,18삼,0.49,19,0,0,0,1,0,0,0,31.0,17,12,137,31,7,1,3,9,0,3,27,0,1,3.48,1.29,152.3,115.9,-0.10
537,46,최지광,21삼,0.35,60,0,0,0,7,1,0,14,51.1,30,28,231,53,11,2,5,27,0,2,49,0,2,4.91,1.56,91.9,102.9,0.15
538,47,노성호,20삼,0.34,45,0,0,0,2,3,0,10,36.1,23,18,166,28,5,0,3,29,1,2,34,0,7,4.46,1.57,110.0,92.7,-0.37
539,48,최채흥,19삼,0.32,28,0,0,15,6,6,0,2,106.2,67,57,478,127,21,5,10,36,1,1,89,0,6,4.81,1.53,90.2,107.8,-1.21
540,49,장필준,20삼,0.30,31,0,0,2,0,3,0,4,36.0,24,23,170,46,9,0,6,16,0,0,26,0,5,5.75,1.72,85.3,87.5,-0.94
541,50,권오준,19삼,0.24,43,0,0,0,3,0,0,3,43.0,25,25,187,49,10,1,7,12,0,2,26,0,0,5.23,1.42,82.9,81.4,-0.18
542,51,몽고메리,21삼,0.21,11,0,0,11,2,5,0,0,52.0,33,31,244,46,5,1,3,38,0,4,55,0,4,5.37,1.62,84.1,102.0,-0.71
543,52,장원삼,18삼,0.18,8,0,0,8,3,1,0,0,38.0,27,26,173,47,13,1,4,13,0,1,27,0,1,6.16,1.58,86.1,107.2,-0.43
544,53,심창민,21삼,0.16,59,0,0,0,3,2,0,16,51.1,32,29,238,47,12,0,8,32,0,6,58,1,2,5.08,1.54,88.8,85.3,-0.43
545,54,이승현,21삼,0.14,41,0,0,0,1,4,0,7,39.1,24,23,174,35,8,0,3,23,0,3,46,0,5,5.26,1.48,85.8,113.2,-0.32
546,55,백정현,20삼,0.10,11,0,0,11,4,4,0,0,59.0,43,34,258,67,15,2,13,17,0,1,46,0,1,5.19,1.42,94.6,85.6,-0.87
547,56,김대우,19삼,0.09,44,0,0,0,5,1,0,1,59.2,38,34,253,61,16,2,11,16,0,5,40,0,2,5.13,1.29,84.6,78.2,-0.42
548,57,홍정우,20삼,0.07,30,0,0,0,0,0,0,1,30.0,23,22,139,37,4,1,5,12,0,1,29,0,1,6.60,1.63,74.3,96.7,-0.23
549,58,헤일리,19삼,0.00,19,0,0,19,5,8,0,0,87.2,59,56,386,95,12,2,5,34,0,6,84,1,5,5.75,1.47,75.5,118.1,-1.03
550,59,우규민,20삼,-0.03,52,0,0,0,3,3,7,11,48.0,34,33,210,61,10,1,3,9,1,1,30,0,0,6.19,1.46,79.3,131.8,0.05
551,60,한기주,18삼,-0.05,33,0,0,1,1,4,0,3,39.0,32,29,183,54,12,1,8,12,0,5,30,1,1,6.69,1.69,79.3,84.2,-1.22
552,61,이승민,20삼,-0.09,7,0,0,5,1,3,0,0,26.1,21,20,128,34,5,0,5,19,1,0,16,0,0,6.84,2.01,71.8,71.6,-0.69
553,62,김대우,21삼,-0.39,31,0,0,4,0,2,0,1,51.0,39,36,234,68,18,0,7,15,1,2,27,0,1,6.35,1.63,71.0,91.0,-1.41
554,63,김대우,18삼,-0.43,8,0,0,7,2,2,0,0,36.1,34,32,176,53,12,2,7,18,0,3,15,0,1,7.93,1.95,66.9,72.7,-1.10
555,64,장필준,21삼,-0.43,41,0,0,0,0,0,0,2,34.2,30,28,174,46,8,1,4,27,1,1,24,0,4,7.27,2.11,62.1,78.1,-0.68
556,65,황동재,22삼,-0.51,11,0,0,9,1,2,0,0,44.1,33,27,202,56,12,0,7,18,0,0,37,1,0,5.48,1.67,72.7,81.8,-0.88
557,66,윤성환,18삼,-0.52,24,0,0,24,5,9,0,0,117.1,99,91,542,164,30,0,28,32,0,9,89,0,2,6.98,1.67,76.0,81.9,-3.55
558,67,백정현,22삼,-0.54,11,0,0,11,0,7,0,0,61.1,44,43,279,78,11,2,14,19,0,3,32,0,7,6.31,1.58,63.2,64.1,-1.51
559,68,이승민,21삼,-0.88,11,0,0,11,1,4,0,0,35.2,34,34,173,50,6,1,6,18,0,3,22,0,0,8.58,1.91,52.6,75.1,-1.17
560,69,장지훈,20삼,-0.98,29,0,0,0,0,1,0,0,27.2,37,31,146,39,4,0,7,21,0,3,24,0,5,10.08,2.17,48.6,63.9,-1.11
561,70,최충연,19삼,-1.03,34,0,0,2,0,2,1,4,36.2,36,30,194,44,15,1,2,38,1,3,41,0,6,7.36,2.24,58.9,82.3,-1.22
562,1,요키시,20키,5.53,27,0,0,27,12,7,0,0,159.2,53,38,640,144,26,3,6,25,0,6,115,1,3,2.14,1.06,220.3,147.3,3.20
563,2,요키시,21키,4.66,31,0,0,31,16,9,0,0,181.1,71,59,739,171,24,0,12,46,2,4,131,0,9,2.93,1.20,151.4,122.4,1.62
564,3,요키시,19키,4.23,30,1,1,30,13,9,0,0,181.1,72,63,746,166,33,5,9,39,0,11,141,0,6,3.13,1.13,132.4,124.5,1.09
565,4,브리검,19키,3.69,28,0,0,28,13,5,0,0,158.1,62,52,669,148,32,2,5,46,0,12,130,1,7,2.96,1.23,140.0,126.9,1.21
566,5,최원태,19키,3.10,27,0,0,27,11,5,0,0,157.1,68,59,666,165,28,2,5,36,0,5,105,0,5,3.38,1.28,122.6,127.1,0.60
567,6,요키시,22키,3.02,14,0,0,14,7,4,0,0,89.0,27,24,343,73,16,2,5,9,0,2,84,0,1,2.43,0.92,159.5,150.6,1.87
568,7,조상우,20키,2.98,53,0,0,0,5,3,33,0,54.1,15,13,232,50,5,0,3,18,2,2,64,0,1,2.15,1.25,219.1,159.0,1.61
569,8,안우진,22키,2.63,14,0,0,14,8,4,0,0,88.1,28,23,358,67,20,2,1,29,0,1,98,0,4,2.34,1.09,165.2,169.9,2.06
570,9,김재웅,22키,2.50,35,0,0,0,2,0,0,18,34.2,3,3,136,15,4,0,0,20,1,2,32,0,3,0.78,1.01,497.0,118.2,2.36
571,10,안우진,21키,2.45,21,0,0,21,7,8,0,0,107.2,47,39,450,88,15,1,13,41,1,7,110,1,5,3.26,1.20,136.0,102.7,0.55
572,11,브리검,20키,2.40,21,0,0,21,9,5,0,0,107.0,45,43,456,98,7,2,6,42,1,5,105,0,8,3.62,1.31,130.5,129.1,1.08
573,12,양현,20키,1.77,58,0,0,1,8,3,2,11,60.0,23,22,245,58,9,1,4,17,0,3,33,0,1,3.30,1.25,143.0,108.3,-0.17
574,13,조상우,19키,1.75,48,0,0,0,2,4,20,8,47.1,15,14,192,45,3,0,3,8,0,2,46,0,1,2.66,1.12,155.5,141.0,2.10
575,14,김상수,19키,1.73,67,0,0,0,3,5,0,40,56.2,19,18,238,50,6,0,3,28,1,2,60,0,0,2.86,1.38,144.8,117.7,1.04
576,15,김태훈,21키,1.66,66,0,0,0,4,2,11,15,64.1,26,23,282,60,10,0,1,33,2,1,52,1,3,3.22,1.45,137.8,128.7,1.35
577,16,오주원,19키,1.60,57,0,0,0,3,3,18,3,54.1,17,14,223,54,7,0,1,7,0,3,41,0,1,2.32,1.12,178.5,155.1,1.33
578,17,문성현,22키,1.55,31,0,0,0,0,0,5,8,27.2,4,4,104,15,1,0,0,9,0,1,26,0,1,1.30,0.87,297.5,153.8,1.46
579,18,이승호,22키,1.46,32,0,0,0,2,1,8,6,31.1,8,8,128,27,5,0,2,13,0,2,26,0,4,2.30,1.28,168.5,97.8,1.52
580,19,브리검,21키,1.44,10,0,0,10,7,3,0,0,61.0,25,20,250,49,8,0,6,26,0,4,49,0,3,2.95,1.23,150.2,96.4,0.30
581,20,김성민,19키,1.40,50,0,0,0,2,0,0,5,56.1,17,16,230,53,13,1,0,11,0,2,38,0,4,2.56,1.14,161.9,152.3,1.03
582,21,안우진,20키,1.38,42,0,0,0,2,3,2,13,36.0,12,12,143,20,2,0,3,17,1,0,41,0,2,3.00,1.03,157.3,124.9,-0.80
583,22,한현희,21키,1.38,18,0,0,15,6,2,0,1,85.2,42,37,372,86,20,0,4,30,0,6,61,0,3,3.89,1.35,114.1,115.7,0.47
584,23,윤영삼,19키,1.29,54,0,0,0,3,3,1,3,62.2,23,20,254,60,12,2,5,14,1,1,56,0,3,2.87,1.18,144.1,123.5,-0.41
585,24,양현,19키,1.20,29,0,0,3,1,0,0,1,40.2,10,9,159,31,5,1,1,11,0,1,25,0,0,1.99,1.03,207.8,123.0,0.55
586,25,조상우,21키,1.19,44,0,0,0,6,5,15,5,44.0,18,17,187,30,5,0,4,19,2,2,47,0,2,3.48,1.11,127.5,116.9,1.02
587,26,애플러,22키,1.17,14,1,1,14,4,4,0,0,77.2,35,35,328,87,18,1,7,14,0,3,41,0,0,4.06,1.30,95.4,93.7,0.28
588,27,이승호,20키,1.14,24,0,0,23,6,6,0,0,118.2,71,67,517,132,20,1,15,40,0,5,73,1,3,5.08,1.45,92.9,90.8,0.23
589,28,한현희,20키,1.09,25,0,0,25,7,9,0,0,135.2,77,75,587,141,20,1,10,37,2,14,109,2,3,4.98,1.31,94.8,116.8,0.38
590,29,정찬헌,21키,1.02,11,1,1,11,3,3,0,0,56.1,26,25,248,64,11,0,1,15,0,4,28,0,1,3.99,1.40,111.0,123.2,0.54
591,30,김성민,21키,0.95,47,0,0,0,2,3,1,11,46.2,21,17,218,43,7,0,4,35,2,6,36,0,1,3.28,1.67,135.2,80.4,0.05
592,31,김재웅,21키,0.95,51,0,0,0,0,1,1,11,53.1,24,21,243,49,2,0,5,33,3,1,47,0,2,3.54,1.54,125.1,95.2,0.82
593,32,김태훈,20키,0.91,53,0,0,2,7,0,0,10,64.0,34,30,281,70,14,1,1,22,1,5,40,0,3,4.22,1.44,111.8,127.0,-0.30
594,33,한현희,19키,0.84,61,0,0,0,7,5,0,24,58.0,26,22,251,50,10,1,1,20,1,7,49,1,2,3.41,1.21,121.2,127.0,-0.45
595,34,이승호,19키,0.77,23,1,1,23,8,5,0,0,122.2,70,61,533,134,27,3,10,51,0,1,82,3,5,4.48,1.51,92.5,93.5,-0.82
596,35,이영준,19키,0.74,29,0,0,0,1,1,0,1,33.1,11,11,136,39,7,2,0,5,0,0,19,0,0,2.97,1.32,139.4,154.1,0.70
597,36,최원태,22키,0.73,13,0,0,13,4,3,0,0,62.0,30,24,266,55,16,0,1,23,0,3,43,0,4,3.48,1.26,111.1,114.1,0.07
598,37,이영준,20키,0.70,52,0,0,0,2,3,0,25,40.0,21,21,176,41,3,0,5,19,0,2,32,1,3,4.73,1.50,99.9,89.8,0.70
599,38,김동준,19키,0.64,33,0,0,5,8,3,0,2,70.0,36,35,300,77,15,0,5,23,0,0,50,0,3,4.50,1.43,92.0,105.8,-0.25
600,39,최원태,20키,0.63,21,0,0,21,7,6,0,0,110.0,68,62,478,115,16,1,16,37,2,7,67,0,6,5.07,1.38,93.0,86.1,-0.64
601,40,임규빈,20키,0.57,33,0,0,0,2,0,0,2,37.2,20,19,162,46,7,0,11,10,0,2,20,0,2,4.54,1.49,103.9,63.0,-0.20
602,41,최원태,21키,0.54,28,0,0,28,9,11,0,0,143.1,89,73,643,163,21,3,11,53,2,10,93,0,3,4.58,1.51,96.7,100.8,-0.71
603,42,김재웅,20키,0.51,43,0,0,7,1,4,0,2,59.2,36,31,258,64,18,0,7,23,1,2,51,0,4,4.68,1.46,100.9,100.9,-1.56
604,43,김선기,19키,0.37,7,0,0,6,3,1,0,0,28.0,13,13,122,27,5,0,2,9,0,4,17,0,2,4.18,1.29,99.0,91.6,0.07
605,44,신재영,19키,0.37,12,0,0,6,1,0,0,0,29.1,14,12,132,34,14,2,1,9,0,4,21,0,1,3.68,1.47,112.4,111.0,0.27
606,45,정찬헌,22키,0.25,10,0,0,10,3,3,0,0,46.1,26,26,200,53,12,0,7,13,1,4,14,0,3,5.05,1.42,76.6,67.0,-0.70
607,46,김동혁,21키,0.24,40,0,0,8,0,5,1,0,82.0,51,47,367,89,21,0,5,34,4,14,30,1,0,5.16,1.50,85.9,87.6,-1.57
608,47,조성운,20키,0.23,42,0,0,0,1,1,0,1,45.0,30,27,201,48,11,1,6,19,1,2,29,0,2,5.40,1.49,87.4,86.8,-0.78
609,48,김상수,20키,0.18,60,0,0,0,3,3,5,11,51.1,33,27,226,52,12,0,3,21,1,3,48,0,1,4.73,1.42,99.7,123.1,-0.11
610,49,한현희,22키,0.09,10,0,0,5,3,2,0,0,31.2,18,17,144,37,14,0,1,11,0,3,26,0,1,4.83,1.52,80.1,113.3,0.35
611,50,하영민,22키,0.01,28,0,0,0,3,1,0,2,27.0,16,7,118,23,4,1,3,11,0,0,16,0,0,2.33,1.26,165.9,79.6,0.33
612,51,양현,21키,0.01,45,0,0,0,1,2,0,5,48.0,31,25,225,59,11,0,3,26,4,1,22,0,1,4.69,1.77,94.6,93.4,-0.52
613,52,안우진,19키,-0.01,19,0,0,15,7,5,0,0,88.1,56,51,395,97,19,1,8,36,0,3,80,1,3,5.20,1.51,79.6,100.3,-1.19
614,53,조영건,20키,-0.19,20,0,0,10,3,3,0,0,44.1,30,26,207,47,7,1,8,28,1,3,23,1,0,5.28,1.69,89.4,67.2,-1.02
615,54,김성진,21키,-0.29,45,0,0,0,1,3,0,2,40.2,30,24,185,40,13,0,4,23,2,0,29,0,3,5.31,1.55,83.5,91.2,-1.01
616,55,김정인,21키,-0.33,11,0,0,6,1,2,0,0,31.2,26,25,151,34,6,1,6,18,0,2,21,0,2,7.11,1.64,62.4,67.4,-0.79
617,56,김선기,21키,-0.51,21,0,0,7,3,2,0,0,48.1,38,35,224,53,12,0,5,22,0,7,25,1,4,6.52,1.55,68.0,79.8,-1.40
618,57,이승호,21키,-0.68,38,0,0,3,1,3,0,5,47.1,39,29,224,55,7,1,4,31,2,1,37,0,8,5.51,1.82,80.4,90.8,-1.15
619,58,윤정현,20키,-0.86,15,0,0,4,0,1,0,0,27.1,32,27,146,54,6,1,3,10,0,2,11,0,1,8.89,2.34,53.1,84.9,-1.07
620,1,채드벨,19한,4.49,29,0,0,29,11,10,0,0,177.1,73,69,749,169,33,2,14,63,0,10,134,1,8,3.50,1.31,118.3,100.2,1.53
621,2,서폴드,19한,4.22,31,0,0,31,12,11,0,0,192.1,84,75,810,191,28,4,8,54,1,8,135,0,8,3.51,1.27,118.0,119.3,1.73
622,3,정우람,19한,3.82,57,0,0,0,4,3,26,0,58.1,11,10,237,57,8,0,4,16,4,1,48,1,2,1.54,1.25,268.5,125.1,2.59
623,4,킹엄,21한,3.72,25,0,0,25,10,8,0,0,144.0,58,51,591,117,22,0,11,41,1,5,131,2,4,3.19,1.10,137.4,129.2,1.60
624,5,강재민,21한,3.12,58,0,0,0,2,1,5,13,63.1,16,15,269,51,13,0,2,26,3,5,55,1,1,2.13,1.22,205.5,133.7,1.10
625,6,샘슨,18한,2.97,30,0,0,29,13,8,0,0,161.2,91,84,703,144,26,1,17,79,0,5,195,2,18,4.68,1.38,113.3,123.2,-0.70
626,7,김민우,21한,2.93,29,0,0,28,14,10,0,0,155.1,71,69,662,131,23,1,15,76,1,7,125,1,5,4.00,1.33,109.6,97.7,0.39
627,8,송은범,18한,2.93,68,0,0,0,7,4,1,10,79.1,29,22,341,77,9,1,2,33,2,5,61,0,8,2.50,1.39,212.3,132.4,0.70
628,9,이태양,18한,2.62,63,0,0,0,4,2,0,12,79.1,30,25,325,66,11,1,10,23,2,4,85,0,4,2.84,1.12,186.8,125.3,0.95
629,10,박상원,18한,2.44,69,0,0,0,4,2,0,9,60.0,17,14,256,59,13,0,3,21,1,4,62,0,3,2.10,1.33,252.3,146.8,0.44
630,11,김민우,20한,2.31,26,0,0,25,5,10,0,0,132.2,72,64,593,121,16,1,15,72,3,7,124,2,10,4.34,1.46,108.9,98.2,-0.68
631,12,윤대경,20한,2.20,55,0,0,0,5,0,0,7,51.0,16,9,225,48,7,0,3,25,3,3,42,0,1,1.59,1.43,297.7,115.5,0.61
632,13,카펜터,21한,2.01,31,0,0,30,5,12,0,0,170.0,90,75,746,150,21,3,16,72,0,19,179,1,7,3.97,1.31,110.3,109.7,0.53
633,14,정우람,18한,2.01,55,0,0,0,5,3,35,0,53.0,22,20,220,49,9,0,6,12,1,2,56,0,1,3.40,1.15,156.0,136.2,1.45
634,15,강재민,20한,1.99,50,0,0,0,1,2,1,14,49.0,16,14,203,41,5,0,3,18,1,0,57,1,2,2.57,1.20,183.9,156.0,1.84
635,16,윤대경,21한,1.50,43,0,0,9,2,5,0,7,77.2,35,34,337,73,13,0,8,34,2,6,54,0,3,3.94,1.38,111.2,93.8,0.86
636,17,헤일,18한,1.48,12,0,0,12,3,4,0,0,66.1,35,32,277,68,10,0,8,17,0,4,55,0,3,4.34,1.28,122.0,113.6,-0.56
637,18,휠러,18한,1.43,19,0,0,19,3,9,0,0,101.2,62,58,459,128,16,0,12,34,1,10,94,1,2,5.13,1.59,103.2,111.5,-1.07
638,19,장시환,20한,1.40,26,0,0,26,4,14,0,0,132.2,81,74,603,139,27,1,15,74,0,8,115,0,10,5.02,1.61,94.2,93.1,-1.62
639,20,김진영,20한,1.33,58,0,0,0,3,3,0,8,54.0,26,20,231,48,4,0,6,22,0,3,56,0,5,3.33,1.30,141.8,110.9,-0.11
640,21,서폴드,20한,1.30,28,1,1,28,10,13,0,0,165.0,107,90,734,203,30,3,19,42,0,13,97,0,10,4.91,1.49,96.3,98.2,-1.50
641,22,정우람,20한,1.23,50,0,0,0,3,5,16,0,54.1,29,29,230,58,11,1,4,12,1,5,53,0,2,4.80,1.29,98.4,138.6,1.02
642,23,안영명,19한,1.20,67,0,0,0,4,7,0,13,62.0,27,27,273,82,14,1,5,13,0,3,48,1,2,3.92,1.53,105.7,112.8,-1.91
643,24,장민재,18한,1.15,34,0,0,3,6,2,0,1,59.2,33,31,266,62,14,2,7,23,0,1,42,0,1,4.68,1.43,113.3,103.2,-0.44
644,25,주현상,21한,1.04,43,0,0,0,2,2,0,4,50.1,21,20,218,46,6,3,6,21,2,1,33,0,6,3.58,1.33,122.5,93.6,-0.26
645,26,김재영,18한,1.03,29,0,0,21,6,4,0,1,111.1,74,70,503,136,32,1,15,37,0,12,56,0,4,5.66,1.55,93.6,90.1,-1.08
646,27,박상원,19한,0.81,61,0,0,0,1,4,0,12,59.0,29,26,256,52,6,0,5,28,1,5,39,0,1,3.97,1.36,104.5,86.6,0.45
647,28,박상원,20한,0.76,62,0,0,0,1,0,1,10,58.0,35,30,256,62,14,1,8,20,4,4,52,1,2,4.66,1.41,101.6,104.2,-0.34
648,29,장시환,22한,0.76,31,0,0,0,0,1,12,2,32.0,12,11,133,26,4,1,2,12,0,1,31,0,0,3.09,1.19,124.9,115.2,1.19
649,30,김성훈,18한,0.73,10,0,0,5,0,2,0,0,27.2,12,11,118,25,5,0,2,11,0,3,28,0,3,3.58,1.30,148.1,124.7,-0.29
650,31,김종수,22한,0.66,31,0,0,0,2,2,0,5,30.2,12,10,121,19,9,0,2,11,0,1,38,1,0,2.93,0.98,131.6,137.3,-0.26
651,32,김범수,20한,0.65,24,0,0,8,3,6,0,0,55.0,34,32,259,55,11,2,9,42,3,3,55,0,1,5.24,1.76,90.3,80.2,-1.06
652,33,김진영,19한,0.56,6,0,0,5,0,4,0,0,26.2,12,12,117,27,6,0,1,16,0,1,14,0,0,4.05,1.61,102.3,88.2,0.12
653,34,장민재,22한,0.52,17,0,0,11,3,4,0,0,54.2,27,26,231,61,9,2,6,17,0,1,35,0,3,4.28,1.43,90.2,88.4,-0.12
654,35,신정락,19한,0.51,21,0,0,0,4,0,0,1,25.2,11,9,109,21,4,0,2,12,0,2,16,0,0,3.16,1.29,131.3,86.8,0.48
655,36,김이환,19한,0.50,11,0,0,8,4,3,0,0,38.0,19,18,171,42,9,0,2,21,0,2,15,0,1,4.26,1.66,97.2,81.9,0.04
656,37,안영명,18한,0.50,53,0,0,1,8,2,0,8,66.0,44,42,291,83,10,0,12,15,1,4,48,1,4,5.73,1.49,92.5,96.2,0.53
657,38,김범수,18한,0.36,55,0,0,3,4,4,0,7,48.1,33,31,223,52,8,0,7,29,0,1,54,0,8,5.77,1.68,91.8,100.3,-0.17
658,39,김범수,22한,0.35,35,0,0,0,3,4,0,13,31.1,15,14,136,34,9,0,4,11,3,1,28,0,1,4.02,1.44,96.1,97.1,-0.44
659,40,김기중,21한,0.33,15,0,0,12,2,4,0,0,53.2,32,28,260,63,10,1,4,36,2,4,36,2,0,4.70,1.85,93.3,87.8,-0.62
660,41,장민재,21한,0.32,12,0,0,6,0,2,0,0,29.1,17,9,128,34,7,0,4,8,1,0,13,0,1,2.76,1.43,158.6,90.3,-0.01
661,42,김종수,20한,0.32,54,0,0,0,1,1,1,7,50.0,34,33,228,54,11,3,6,26,1,3,43,0,4,5.94,1.60,79.6,94.4,0.02
662,43,김진욱,20한,0.30,22,0,0,6,3,4,1,0,44.2,29,28,206,50,12,1,9,25,0,5,29,0,3,5.64,1.68,83.8,69.6,-1.07
663,44,안영명,20한,0.29,39,0,0,0,1,1,0,1,45.2,32,30,201,51,8,1,9,18,1,2,34,0,0,5.91,1.51,80.0,81.5,-0.83
664,45,윤호솔,21한,0.27,55,0,0,0,3,0,0,8,48.2,29,25,214,41,13,2,7,30,1,3,42,0,3,4.62,1.46,94.7,81.8,0.63
665,46,신정락,22한,0.24,25,0,0,0,2,0,0,1,30.2,16,12,136,29,6,0,1,8,1,7,17,0,2,3.52,1.21,109.7,98.3,0.06
666,47,배동현,21한,0.23,20,0,0,4,1,3,0,0,38.0,21,19,177,34,9,1,3,25,0,4,26,2,1,4.50,1.55,97.3,84.5,-0.76
667,48,서균,18한,0.20,56,0,0,0,1,1,1,10,37.1,26,24,168,39,3,0,7,16,0,7,22,0,3,5.79,1.47,91.6,76.8,-0.00
668,49,윤규진,18한,0.18,18,0,0,17,2,6,0,0,84.0,63,55,381,99,22,2,14,30,0,6,81,0,3,5.89,1.54,89.9,100.0,-1.53
669,50,임준섭,19한,0.17,34,0,0,6,1,3,0,1,49.1,30,23,230,56,14,1,1,28,0,1,26,0,6,4.20,1.70,98.7,95.9,-0.60
670,51,채드벨,20한,0.16,16,0,0,16,2,8,0,0,77.0,54,51,346,85,11,0,10,35,1,5,61,0,3,5.96,1.56,79.3,92.5,-1.01
671,52,장민재,19한,0.16,26,1,0,22,6,8,0,0,119.1,76,72,526,150,25,1,14,27,0,6,103,0,3,5.43,1.48,76.3,102.7,-1.45
672,53,박윤철,19한,0.13,15,0,0,3,0,1,0,0,30.0,19,17,145,22,3,0,4,30,0,3,21,0,2,5.10,1.73,81.2,59.4,-0.21
673,54,김종수,21한,0.11,49,0,0,0,1,1,0,6,46.2,29,25,208,34,10,0,7,32,0,3,38,0,2,4.82,1.41,90.8,75.5,-0.20
674,55,김범수,21한,0.05,56,0,0,2,4,9,1,9,70.2,44,41,319,68,11,2,2,42,1,2,70,1,8,5.22,1.56,83.9,125.8,-1.36
675,56,오동욱,21한,-0.00,34,0,0,0,0,1,0,2,25.0,17,15,117,21,9,0,3,16,0,5,13,0,0,5.40,1.48,81.1,70.0,-0.32
676,57,배영수,18한,-0.03,11,0,0,11,2,3,0,0,55.2,42,41,251,69,16,4,6,15,1,6,47,1,0,6.63,1.51,79.9,115.2,-0.61
677,58,이민우,22한,-0.04,12,0,0,4,1,0,0,0,29.1,18,17,129,38,8,2,2,9,0,0,13,0,1,5.22,1.60,74.1,92.8,-0.15
678,59,김민우,22한,-0.07,14,0,0,14,3,5,0,0,73.0,44,42,321,64,16,0,9,40,4,4,59,0,5,5.18,1.43,74.6,79.5,-0.12
679,60,김종수,19한,-0.08,35,0,0,0,2,0,0,0,31.0,21,20,148,30,4,0,4,33,0,1,28,0,2,5.81,2.03,71.3,63.7,-0.17
680,61,송은범,19한,-0.09,37,0,0,0,0,3,1,4,35.0,22,20,159,44,2,1,4,13,2,1,15,0,3,5.14,1.63,80.6,82.2,-0.19
681,62,김민우,18한,-0.12,23,0,0,20,5,9,0,0,99.1,79,72,468,133,28,1,19,41,0,8,73,1,5,6.52,1.75,81.2,84.5,-1.78
682,63,김이환,20한,-0.17,17,0,0,15,2,7,0,0,64.2,50,49,312,75,13,0,9,44,0,4,41,0,4,6.82,1.84,69.3,75.8,-1.19
683,64,장민재,20한,-0.19,24,0,0,10,2,7,0,0,57.1,44,43,267,86,19,2,5,13,0,2,32,0,1,6.75,1.73,70.0,109.8,-2.07
684,65,김범수,19한,-0.29,45,0,0,16,5,9,1,1,103.0,70,65,485,115,19,3,15,61,1,10,85,0,9,5.68,1.71,72.9,73.1,-1.50
685,66,정우람,21한,-0.30,50,0,0,0,1,4,15,1,44.2,29,28,199,47,5,0,5,20,2,5,32,0,0,5.64,1.50,77.6,91.0,-1.27
686,67,박윤철,22한,-0.34,7,0,0,7,0,3,0,0,26.0,19,14,129,32,4,0,4,19,0,2,12,1,1,4.85,1.96,79.7,57.8,-0.62
687,68,이태양,19한,-0.39,55,0,0,1,1,6,0,10,66.2,44,43,283,74,11,2,8,13,0,3,64,0,4,5.81,1.31,71.4,109.8,-1.57
688,69,김이환,21한,-0.46,14,0,0,5,0,1,0,0,26.0,22,22,132,32,5,0,2,22,0,4,13,0,1,7.62,2.08,57.5,70.5,-0.50
689,70,주현상,22한,-0.89,28,0,0,0,0,0,0,2,31.0,29,28,147,46,12,2,3,11,1,3,18,0,0,8.13,1.84,47.5,84.2,-0.88
690,71,남지민,22한,-0.96,10,0,0,9,1,6,0,0,39.2,34,29,192,54,9,0,5,19,0,1,17,0,1,6.58,1.84,58.7,70.2,-1.04
691,72,윤대경,22한,-0.96,14,0,0,13,3,7,0,0,65.1,50,49,291,80,16,1,5,16,0,5,43,0,5,6.75,1.47,57.2,99.3,-1.17
692,73,박주홍,19한,-0.99,29,0,0,6,0,4,0,1,38.1,37,34,188,51,9,2,8,24,0,2,27,1,1,7.98,1.96,51.9,61.6,-1.72
693,74,김민우,19한,-1.23,16,1,0,12,2,7,0,0,68.0,59,51,315,80,12,1,6,30,0,6,46,0,4,6.75,1.62,61.4,87.0,-1.67
694,75,장시환,21한,-1.38,19,1,0,16,0,11,0,1,69.0,62,54,342,87,12,1,4,48,2,6,47,0,7,7.04,1.96,62.2,89.5,-2.32
