,name,WAR,출장,완투,완봉,선발,승,패,세이브,홀드,이닝,실점,자책,타자,피안타,이루타,삼루타,홈런,볼넷,고의사구,사구,삼진,보크,폭투,ERA,FIP,WHIP,ERA+,FIP+,wpa,year,team
0,양현종,7.35,29,2,2,29,16,8,0,0,184.2,56,47,731,165,32,1,6,33,0,2,163,0,1,2.29,2.63,1.07,183.1,160.3,3.81,19,KIA
1,브룩스,7.16,23,1,1,23,11,4,0,0,151.1,43,42,586,131,18,0,4,24,0,3,130,1,3,2.5,2.72,1.02,192.2,177.8,3.39,20,KIA
2,양현종,5.21,29,3,0,29,13,11,0,0,184.1,88,85,772,199,33,0,21,43,1,2,152,0,5,4.15,4.38,1.31,123.7,117.9,-1.06,18,KIA
3,정해영,3.79,64,0,0,0,5,4,34,0,65.1,18,16,272,49,10,0,5,28,1,4,49,0,1,2.2,4.25,1.18,201.8,104.7,2.88,21,KIA
4,멩덴,3.09,21,0,0,21,8,3,0,0,120.0,53,48,502,109,18,2,12,35,0,8,104,3,2,3.6,3.97,1.2,123.5,111.9,0.51,21,KIA
5,헥터,2.96,29,1,0,29,11,10,0,0,174.0,102,89,753,209,31,0,25,36,2,4,137,1,4,4.6,4.78,1.41,111.5,107.9,-1.24,18,KIA
6,장현식,2.93,69,0,0,0,1,5,1,34,76.2,28,28,336,67,7,1,7,42,1,3,80,0,8,3.29,4.15,1.42,135.3,107.3,1.98,21,KIA
7,문경찬,2.88,54,0,0,0,1,2,24,0,55.0,9,8,217,45,9,1,2,10,1,0,50,0,0,1.31,2.55,1.0,320.3,165.4,0.26,19,KIA
8,가뇽,2.84,28,0,0,28,11,8,0,0,159.2,86,77,702,162,33,8,7,64,0,9,141,0,13,4.34,3.73,1.42,110.6,129.2,-0.55,20,KIA
9,박준표,2.66,50,0,0,0,7,1,6,11,51.2,16,9,205,41,3,0,3,8,2,0,44,0,2,1.57,2.96,0.95,306.2,162.2,1.35,20,KIA
10,양현종,2.52,31,0,0,31,11,10,0,0,172.1,99,90,746,180,40,4,13,64,0,5,149,0,7,4.7,4.01,1.42,102.1,120.1,-0.98,20,KIA
11,김윤동,2.37,64,0,0,0,7,6,4,18,82.2,39,34,369,71,13,1,9,54,7,2,79,0,7,3.7,5.12,1.51,138.7,100.9,-0.97,18,KIA
12,이의리,2.35,19,0,0,19,4,5,0,0,94.2,42,38,404,69,11,0,6,56,0,2,93,0,5,3.61,4.03,1.32,123.1,111.0,0.31,21,KIA
13,박준표,2.14,49,0,0,0,5,2,0,15,56.0,15,13,210,42,5,1,4,6,1,4,30,0,1,2.09,3.74,0.86,200.7,111.8,1.94,19,KIA
14,브룩스,2.06,13,0,0,13,3,5,0,0,78.0,34,29,333,93,12,1,4,16,0,1,55,0,0,3.35,3.24,1.4,132.9,137.5,0.54,21,KIA
15,임기영,1.98,28,0,0,28,8,8,0,0,153.0,85,83,662,155,29,1,15,45,0,11,129,2,6,4.88,4.02,1.31,91.1,110.6,-0.13,21,KIA
16,전상현,1.83,57,0,0,0,1,4,0,15,60.2,21,21,245,45,8,1,3,21,2,2,62,0,2,3.12,3.04,1.09,134.6,138.6,0.47,19,KIA
17,양현종,1.75,15,0,0,15,7,2,0,0,89.0,36,28,361,75,12,2,5,21,1,2,65,0,1,2.83,3.33,1.08,138.2,117.6,1.24,22,KIA
18,전상현,1.61,47,0,0,0,2,2,15,13,47.2,21,13,198,35,6,1,4,22,0,0,64,0,2,2.45,3.35,1.2,195.5,145.0,1.87,20,KIA
19,윌랜드,1.61,28,0,0,28,8,10,0,0,165.0,95,87,726,191,41,1,17,59,1,5,137,0,4,4.75,4.23,1.52,88.4,99.0,-0.78,19,KIA
20,임창용,1.56,37,0,0,12,5,5,4,4,86.1,54,52,388,92,24,1,16,29,1,11,84,0,5,5.42,5.65,1.4,94.7,91.2,-0.99,18,KIA
21,정해영,1.47,47,0,0,0,5,3,1,11,37.2,15,14,169,40,5,1,2,24,2,2,32,0,7,3.35,4.46,1.7,143.5,107.5,-0.66,20,KIA
22,임기준,1.47,55,0,0,0,5,1,2,8,56.0,27,22,243,59,5,1,7,23,0,3,45,1,3,3.54,5.24,1.46,145.2,98.4,1.04,18,KIA
23,임기영,1.34,25,0,0,25,9,10,0,0,127.2,80,73,559,152,26,3,12,33,0,9,106,1,3,5.15,4.1,1.45,93.3,117.1,-1.25,20,KIA
24,윤중현,1.25,30,0,0,13,5,6,0,2,82.2,44,36,373,91,7,1,7,31,0,14,33,0,2,3.92,5.27,1.48,113.5,84.3,-0.31,21,KIA
25,고영창,1.19,55,0,0,0,1,3,1,10,54.0,22,21,243,63,8,3,2,14,2,8,22,0,2,3.5,4.18,1.43,119.8,100.2,-0.93,19,KIA
26,정해영,1.13,27,0,0,0,2,3,19,0,29.0,9,9,119,24,5,1,0,7,1,0,26,0,0,2.79,2.15,1.07,140.1,182.2,1.87,22,KIA
27,문경찬,0.96,32,0,0,0,0,3,0,0,55.1,29,29,240,62,13,0,10,17,2,2,46,1,3,4.72,5.44,1.43,108.8,94.8,-1.16,18,KIA
28,전상현,0.96,34,0,0,0,5,3,1,12,32.0,11,8,130,28,4,0,2,7,0,0,35,0,2,2.25,2.6,1.09,174.0,150.6,0.2,22,KIA
29,홍상삼,0.95,57,0,0,0,4,5,0,17,48.0,27,27,229,32,11,0,5,54,0,3,61,0,8,5.06,5.93,1.79,94.8,81.3,-0.55,20,KIA
30,임기영,0.86,10,0,0,10,2,4,0,0,57.1,26,26,239,59,8,1,9,11,0,0,41,0,1,4.08,4.51,1.22,95.9,86.7,0.07,22,KIA
31,유승철,0.84,39,0,0,0,1,0,1,3,47.1,25,23,220,49,10,1,5,29,3,4,44,0,4,4.37,5.25,1.65,117.4,98.3,-0.81,18,KIA
32,황인준,0.77,37,0,0,2,3,1,0,1,52.2,31,29,229,58,13,1,9,12,0,6,35,0,0,4.96,5.75,1.33,103.6,89.6,-0.23,18,KIA
33,팻딘,0.72,36,0,0,21,6,7,0,2,129.1,96,90,588,174,29,1,23,27,2,4,101,0,3,6.26,5.26,1.55,82.0,98.1,-2.78,18,KIA
34,임기준,0.65,52,0,0,0,2,2,0,6,36.2,17,14,162,32,5,0,1,16,0,4,24,0,2,3.44,4.09,1.31,122.0,102.7,0.04,19,KIA
35,윤중현,0.51,25,0,0,0,2,0,0,3,36.0,16,14,155,35,5,0,3,11,0,3,23,0,1,3.5,4.29,1.28,111.8,91.3,-0.19,22,KIA
36,홍상삼,0.51,49,0,0,0,4,1,0,12,36.0,19,19,160,33,9,0,6,19,2,3,33,0,3,4.75,5.33,1.44,93.6,82.8,0.4,21,KIA
37,놀린,0.48,8,0,0,8,2,5,0,0,43.1,21,17,187,49,11,2,4,4,0,3,35,1,2,3.53,3.39,1.22,110.9,115.4,-0.15,22,KIA
38,이의리,0.46,14,0,0,14,4,4,0,0,76.0,39,33,330,65,17,3,10,30,0,4,75,0,5,3.91,4.4,1.25,100.2,88.9,0.06,22,KIA
39,한승혁,0.43,21,0,0,19,7,3,0,0,88.0,62,57,406,105,18,3,8,44,1,4,65,0,16,5.83,5.14,1.69,88.0,100.4,-1.58,18,KIA
40,차명진,0.43,9,0,0,6,3,1,0,0,33.0,17,16,151,35,9,0,1,18,0,2,19,0,3,4.36,4.46,1.61,96.1,93.8,0.25,19,KIA
41,임기영,0.41,29,0,0,19,8,9,0,2,105.0,79,73,491,145,24,0,20,34,2,12,68,0,2,6.26,6.27,1.71,82.0,82.2,-1.61,18,KIA
42,김재열,0.39,24,0,0,0,1,0,0,0,32.2,18,14,152,28,4,0,4,18,0,4,18,1,1,3.86,5.84,1.41,115.3,76.0,-0.19,21,KIA
43,다카하시,0.37,7,0,0,7,1,3,0,0,36.2,22,20,168,46,4,0,4,12,0,4,46,0,4,4.91,3.55,1.58,90.6,125.6,-0.32,21,KIA
44,김기훈,0.23,22,0,0,7,0,4,0,1,52.0,35,31,238,58,11,1,8,31,0,2,39,0,3,5.37,5.96,1.71,89.5,80.4,-1.26,20,KIA
45,장현식,0.2,35,0,0,0,1,2,1,13,35.0,18,17,155,39,9,1,4,14,2,0,31,0,4,4.37,4.06,1.51,89.5,95.9,-0.39,22,KIA
46,하준영,0.19,59,0,0,0,6,2,0,15,52.2,31,29,243,59,9,1,5,31,2,0,51,0,1,4.96,4.35,1.71,84.6,96.3,-1.62,19,KIA
47,고영창,0.12,48,0,0,0,1,1,1,2,58.0,46,44,275,88,19,0,3,17,2,5,23,2,6,6.83,4.47,1.81,70.3,106.9,-0.63,20,KIA
48,김현수,0.1,15,0,0,4,1,2,0,0,32.1,27,26,167,41,7,3,3,31,0,2,19,0,1,7.24,6.65,2.23,66.3,72.1,-0.12,20,KIA
49,임기영,0.06,12,0,0,8,2,3,0,0,48.2,33,31,225,67,14,1,7,19,0,2,37,0,0,5.73,5.05,1.77,73.1,82.7,-0.64,19,KIA
50,윤석민,0.03,28,0,0,3,0,8,11,0,40.0,32,30,182,55,13,0,9,10,2,0,29,0,5,6.75,5.91,1.63,76.0,87.2,-2.9,18,KIA
51,박진태,0.02,59,0,0,0,3,3,0,9,65.0,44,43,305,68,11,0,6,36,0,13,45,0,5,5.95,5.41,1.6,74.7,82.3,-1.08,21,KIA
52,이준영,-0.06,50,0,0,1,3,2,1,9,35.2,25,22,159,30,5,0,3,19,1,0,26,0,3,5.55,4.48,1.37,80.1,99.1,-0.65,21,KIA
53,김기훈,-0.12,19,0,0,16,3,6,0,0,79.1,55,49,368,64,15,2,11,65,0,9,49,0,5,5.56,6.77,1.63,75.4,61.6,-1.45,19,KIA
54,양승철,-0.17,15,0,0,1,0,0,0,0,28.2,26,25,144,41,9,0,4,24,0,3,13,0,3,7.85,7.29,2.27,61.2,65.7,-0.27,20,KIA
55,이민우,-0.19,32,0,0,6,2,6,1,2,61.1,42,37,283,74,11,2,4,26,1,4,56,0,3,5.43,3.84,1.63,77.2,109.2,-0.72,19,KIA
56,한승혁,-0.21,12,0,0,12,2,2,0,0,57.1,36,32,261,71,9,3,2,23,0,4,50,0,5,5.02,3.44,1.64,77.9,114.1,-1.06,22,KIA
57,박준표,-0.23,32,0,0,0,2,4,0,4,32.0,24,21,158,42,9,1,3,17,0,9,18,0,0,5.91,5.86,1.84,75.3,75.9,-1.48,21,KIA
58,김세현,-0.23,40,0,0,0,1,6,4,0,40.0,32,30,191,56,13,2,4,17,4,2,32,0,1,6.75,4.66,1.83,76.0,110.9,-2.12,18,KIA
59,서덕원,-0.29,24,0,0,0,1,0,0,1,32.2,28,27,148,36,8,1,7,14,0,0,24,0,5,7.44,5.94,1.53,59.8,74.4,-0.82,21,KIA
60,이민우,-0.36,30,0,0,2,2,3,0,4,37.2,34,30,188,52,6,2,4,23,0,5,28,0,2,7.17,5.96,1.99,71.6,86.6,-1.06,18,KIA
61,이준영,-0.36,37,0,0,1,1,0,0,1,51.0,42,36,244,64,7,2,3,26,2,2,43,1,0,6.35,4.01,1.77,66.0,104.6,0.26,19,KIA
62,터너,-0.53,28,1,0,28,7,13,0,0,153.1,107,94,714,179,34,3,12,58,0,17,121,0,14,5.52,4.31,1.55,76.0,97.2,-1.58,19,KIA
63,로니,-0.65,9,0,0,8,3,3,0,0,41.0,32,25,190,42,7,1,6,24,0,3,30,1,2,5.49,5.73,1.61,71.3,68.3,-0.98,22,KIA
64,이민우,-0.75,22,0,0,22,6,10,0,0,106.0,87,80,486,129,20,4,11,47,0,6,67,0,3,6.79,5.14,1.66,70.7,93.3,-2.87,20,KIA
65,김유신,-0.76,15,0,0,11,2,6,0,0,54.1,47,46,249,63,12,1,11,35,0,2,29,0,0,7.62,6.94,1.8,58.4,63.7,-1.61,21,KIA
66,김현수,-0.87,17,0,0,8,1,4,0,0,45.2,43,40,229,57,16,0,8,36,0,3,27,0,1,7.88,6.99,2.04,56.4,63.4,-1.36,21,KIA
67,홍건희,-1.1,21,0,0,14,2,9,0,0,81.2,70,65,381,112,20,1,12,33,0,3,52,0,7,7.16,5.36,1.78,58.5,77.7,-2.02,19,KIA
68,이민우,-1.13,16,1,0,12,1,6,0,0,57.0,53,51,275,78,12,3,8,31,0,5,28,1,2,8.05,6.07,1.91,55.2,73.0,-1.84,21,KIA
69,장현식,-1.47,28,0,0,3,3,4,0,6,31.1,41,39,159,52,13,1,7,16,0,2,22,0,8,11.2,6.78,2.17,42.8,70.6,-1.93,20,KIA
70,고영표,5.23,26,1,1,25,11,6,0,1,166.2,59,54,664,147,20,2,9,27,1,14,130,0,1,2.92,3.19,1.04,154.0,139.2,2.27,21,KT
71,니퍼트,4.74,29,0,0,28,8,8,0,0,175.2,88,83,765,209,33,4,26,39,2,9,165,0,9,4.25,4.66,1.41,124.6,111.4,-0.06,18,KT
72,데스파이네,4.01,33,0,0,33,13,10,0,0,188.2,81,71,819,175,30,3,10,78,0,7,165,0,15,3.39,3.62,1.34,132.6,122.7,0.79,21,KT
73,피어밴드,3.78,27,1,0,26,8,8,0,0,163.1,90,78,707,186,27,1,24,38,0,6,141,0,5,4.3,4.83,1.37,123.3,107.7,-1.28,18,KT
74,쿠에바스,3.44,30,0,0,30,13,10,0,0,184.0,80,74,760,153,21,6,18,63,0,12,135,0,4,3.62,4.43,1.17,114.3,92.7,1.22,19,KT
75,데스파이네,3.21,35,0,0,34,15,8,0,0,207.2,105,100,906,233,36,1,18,68,1,8,152,0,18,4.33,4.3,1.45,110.9,110.7,0.38,20,KT
76,고영표,3.21,14,1,1,14,5,5,0,0,95.2,31,30,389,90,15,2,2,13,1,12,88,0,0,2.82,2.5,1.08,140.4,156.4,1.41,22,KT
77,김재윤,3.08,65,0,0,0,4,3,32,0,67.0,19,18,275,57,8,0,5,24,4,0,64,0,2,2.42,3.29,1.21,185.8,135.2,1.38,21,KT
78,소형준,2.67,13,0,0,13,7,2,0,0,87.0,30,26,352,73,5,3,3,18,0,3,62,0,3,2.69,3.07,1.05,147.3,127.7,1.23,22,KT
79,배제성,2.65,26,0,0,26,10,7,0,0,141.1,67,62,619,130,30,1,12,76,0,4,83,1,11,3.95,5.18,1.46,121.7,91.8,1.09,20,KT
80,쿠에바스,2.64,27,0,0,27,10,8,0,0,158.0,80,72,668,152,26,1,16,46,0,9,110,0,4,4.1,4.52,1.25,117.1,105.1,-0.29,20,KT
81,주권,2.63,77,0,0,0,6,2,0,31,70.0,25,21,294,54,11,0,6,32,1,1,37,0,0,2.7,4.98,1.23,177.9,95.5,1.16,20,KT
82,알칸타라,2.6,27,1,0,27,11,11,0,0,172.2,80,77,724,189,39,3,15,27,0,8,100,2,2,4.01,3.98,1.25,103.1,103.3,0.88,19,KT
83,배제성,2.55,26,0,0,26,9,10,0,0,141.2,67,58,621,126,27,1,6,82,1,1,136,0,9,3.68,3.7,1.47,121.9,120.3,0.35,21,KT
84,소형준,2.37,26,0,0,24,13,6,0,0,133.0,63,57,572,141,23,0,6,45,0,6,92,0,2,3.86,3.91,1.4,124.6,122.0,0.3,20,KT
85,김재윤,2.22,56,0,0,0,5,3,21,1,60.2,23,22,256,62,4,2,7,15,3,0,58,0,0,3.26,3.74,1.27,147.2,127.7,0.16,20,KT
86,배제성,2.21,28,1,1,21,10,10,0,0,131.2,58,55,564,132,18,3,6,56,0,3,91,0,10,3.76,3.96,1.43,110.1,104.5,0.18,19,KT
87,주권,2.08,71,0,0,0,6,2,2,25,75.1,25,25,296,64,15,0,7,14,0,2,47,0,1,2.99,4.0,1.04,138.6,102.8,3.22,19,KT
88,쿠에바스,1.94,23,1,1,23,9,4,0,0,133.1,68,61,580,131,21,3,11,51,0,3,137,0,6,4.12,3.57,1.37,109.1,124.8,0.02,21,KT
89,금민철,1.89,29,0,0,29,8,12,0,0,156.1,104,94,720,212,30,1,19,68,1,7,79,0,10,5.41,5.82,1.79,97.9,89.2,-3.08,18,KT
90,고영표,1.8,25,3,1,23,6,9,0,0,142.0,91,81,620,175,27,4,17,25,1,14,134,1,2,5.13,4.31,1.41,103.2,120.6,-2.0,18,KT
91,조현우,1.79,54,0,0,0,5,1,1,9,46.2,16,16,196,38,8,1,1,22,1,1,33,0,3,3.09,3.83,1.29,155.7,124.7,1.06,20,KT
92,김재윤,1.68,43,0,0,0,2,2,7,9,47.2,13,12,177,27,3,0,4,12,2,1,42,0,1,2.27,3.42,0.82,182.7,120.2,1.38,19,KT
93,이보근,1.48,49,0,0,0,3,1,6,9,46.2,17,13,192,42,5,0,2,12,1,2,27,0,3,2.51,3.79,1.16,191.6,125.8,0.04,20,KT
94,김재윤,1.38,62,0,0,0,7,5,15,0,61.0,34,31,271,76,10,1,11,15,4,1,66,0,3,4.57,4.6,1.49,115.9,113.2,-0.37,18,KT
95,주권,1.38,62,0,0,0,3,4,0,27,49.0,19,18,208,48,7,1,3,19,2,1,19,0,1,3.31,4.46,1.37,135.9,99.5,0.65,21,KT
96,김민수,1.33,33,0,0,0,0,2,2,9,34.1,9,8,140,30,7,1,2,6,2,1,37,0,3,2.1,2.36,1.05,188.9,166.0,0.53,22,KT
97,박시영,1.23,48,0,0,0,3,3,0,12,45.0,16,12,180,30,2,0,4,15,2,1,51,0,5,2.4,3.16,1.0,187.1,141.1,-0.07,21,KT
98,김민수,1.18,56,0,0,1,4,2,0,11,58.0,25,19,253,56,8,1,2,24,3,3,55,1,3,2.95,3.13,1.38,152.3,142.2,-0.18,21,KT
99,심재민,1.17,28,0,0,2,0,1,0,1,46.2,15,15,189,41,4,0,4,11,1,0,35,0,0,2.89,3.59,1.11,155.3,123.8,-0.07,21,KT
100,유원상,1.16,62,0,0,0,2,1,2,9,64.0,32,27,271,52,12,0,8,28,1,1,37,0,5,3.8,5.34,1.25,126.5,89.0,0.01,20,KT
101,소형준,1.02,24,0,0,24,7,7,0,0,119.0,67,55,521,123,17,0,6,51,1,4,85,0,5,4.16,3.92,1.46,108.0,113.3,-0.52,21,KT
102,배제성,0.94,14,0,0,14,3,6,0,0,82.2,41,35,341,74,9,2,7,28,0,0,71,0,8,3.81,3.72,1.23,104.0,105.0,0.06,22,KT
103,엄상백,0.94,10,0,0,9,4,1,0,0,52.2,24,24,228,41,10,0,7,28,0,3,45,0,0,4.1,5.12,1.31,109.5,86.7,0.03,21,KT
104,조현우,0.88,49,0,0,0,0,0,0,6,31.0,10,9,126,26,5,1,0,7,1,1,13,0,2,2.61,3.17,1.07,171.9,140.3,0.73,21,KT
105,전유수,0.88,62,0,0,1,3,1,1,7,66.1,31,25,280,66,16,1,2,18,4,4,46,0,6,3.39,3.22,1.27,122.0,128.9,-1.21,19,KT
106,이종혁,0.86,47,0,0,0,0,5,1,4,48.1,28,25,215,61,8,0,4,17,3,2,31,0,2,4.66,4.62,1.61,113.8,112.8,-2.12,18,KT
107,엄상백,0.79,16,0,0,11,6,2,0,0,65.0,31,27,274,65,8,1,7,21,0,2,58,0,0,3.74,4.0,1.32,106.0,97.5,0.28,22,KT
108,주권,0.78,28,0,0,0,2,2,1,8,27.1,10,10,107,27,3,0,3,4,0,0,21,0,0,3.29,3.65,1.13,120.3,106.9,1.04,22,KT
109,김재윤,0.74,28,0,0,0,2,3,15,0,30.2,13,11,124,21,2,0,2,10,4,0,36,0,1,3.23,2.41,1.01,122.7,162.4,0.64,22,KT
110,김대유,0.69,21,0,0,0,0,0,0,0,27.0,7,7,111,21,6,0,1,12,1,4,23,0,0,2.33,3.85,1.22,177.4,107.6,0.21,19,KT
111,이창재,0.68,32,0,0,0,2,0,0,0,26.2,8,8,108,22,5,0,0,10,2,0,19,0,0,2.7,2.81,1.2,166.4,158.6,0.23,21,KT
112,홍성용,0.68,56,0,0,0,2,1,1,6,45.0,28,27,202,49,14,1,7,16,0,5,42,0,2,5.4,5.39,1.44,98.1,96.3,0.04,18,KT
113,류희운,0.68,29,0,0,2,1,1,0,1,44.0,25,24,195,53,11,0,11,14,0,2,28,0,3,4.91,6.9,1.52,107.9,75.1,-0.28,18,KT
114,심재민,0.63,44,0,0,0,4,5,2,3,41.0,25,21,179,47,5,2,5,17,3,2,36,0,4,4.61,4.83,1.56,115.0,107.8,-1.13,18,KT
115,전유수,0.56,47,0,0,0,5,4,2,3,45.2,26,26,200,46,7,1,3,21,5,3,27,0,1,5.12,4.48,1.47,93.8,106.5,0.41,20,KT
116,이대은,0.54,31,0,0,0,3,2,1,9,31.0,15,12,128,27,6,0,4,11,0,1,22,0,0,3.48,4.75,1.23,128.9,93.3,-0.14,21,KT
117,이대은,0.53,43,0,0,8,4,2,17,0,85.0,48,40,387,88,17,1,10,39,1,6,58,0,5,4.24,5.12,1.49,97.7,80.1,0.93,19,KT
118,안영명,0.51,35,0,0,0,0,1,0,4,35.1,17,16,145,24,3,0,2,11,0,1,32,0,0,4.08,3.28,0.99,110.2,135.9,-0.13,21,KT
119,김민,0.46,27,0,0,26,6,11,0,0,150.2,88,83,674,175,26,4,16,65,0,4,91,2,4,4.96,4.95,1.59,83.5,83.0,-2.06,19,KT
120,김민수,0.45,28,0,0,11,8,5,2,1,81.2,46,45,354,87,12,3,10,30,2,2,56,0,4,4.96,4.73,1.43,83.5,86.8,-0.6,19,KT
121,김민,0.35,9,0,0,9,4,2,0,0,37.1,26,21,178,40,10,0,4,25,0,6,25,0,5,5.06,6.38,1.74,104.7,81.4,-0.63,18,KT
122,김사율,0.33,29,0,0,3,1,2,0,0,45.1,32,29,204,56,14,1,12,10,1,2,35,0,4,5.76,6.46,1.46,92.0,80.3,-0.87,18,KT
123,데스파이네,0.25,14,0,0,14,3,7,0,0,78.1,47,39,344,97,17,0,5,16,1,5,72,0,5,4.48,3.08,1.44,88.4,127.0,-1.11,22,KT
124,고창성,0.17,42,0,0,0,2,0,0,5,37.2,29,28,183,57,7,0,7,11,1,5,23,0,1,6.69,6.22,1.81,79.2,83.3,-0.93,18,KT
125,엄상백,0.17,55,0,0,0,1,8,2,12,46.1,33,28,211,51,9,1,4,17,5,8,44,0,3,5.44,4.35,1.47,97.4,119.7,-1.17,18,KT
126,하준호,-0.06,42,0,0,1,0,3,0,5,41.2,30,28,189,38,6,0,1,27,1,2,26,0,2,6.05,4.64,1.56,79.4,102.9,-1.0,20,KT
127,신병률,-0.06,21,0,0,1,0,0,1,2,25.2,22,20,120,35,10,1,6,7,0,3,14,0,1,7.01,6.95,1.64,75.6,74.5,-0.8,18,KT
128,손동현,-0.21,34,0,0,3,2,3,0,5,47.1,29,25,220,51,7,0,2,31,3,0,29,1,0,4.75,4.5,1.73,87.1,92.0,-0.95,19,KT
129,금민철,-0.22,14,0,0,14,1,4,0,0,57.0,38,32,263,66,7,1,5,25,0,7,26,0,4,5.05,5.32,1.6,81.9,77.5,-0.9,19,KT
130,이대은,-0.25,20,0,0,4,0,4,1,0,29.1,23,19,142,36,6,0,4,13,3,5,15,0,8,5.83,5.84,1.67,82.4,81.2,-2.73,20,KT
131,조병욱,-0.26,9,0,0,4,0,1,0,0,28.1,24,24,131,39,4,0,4,13,0,1,11,0,0,7.62,6.1,1.84,63.0,77.8,-0.51,20,KT
132,김민,-0.43,24,0,0,6,3,3,0,1,42.2,35,31,207,46,4,0,6,29,0,5,32,0,5,6.54,6.27,1.76,73.5,75.6,-1.32,20,KT
133,김민수,-0.66,33,0,0,18,3,8,0,0,103.1,80,70,482,151,22,1,14,30,0,4,63,0,6,6.1,5.08,1.75,78.8,93.4,-3.55,20,KT
134,정성곤,-0.73,52,0,0,0,3,3,8,11,53.2,36,33,248,64,16,2,7,22,3,2,40,0,2,5.53,4.78,1.6,74.8,85.7,-1.02,19,KT
135,엄상백,-0.74,26,0,0,0,2,3,0,0,31.1,29,28,154,40,6,0,6,24,0,0,20,0,1,8.04,6.91,2.04,51.5,59.1,-1.69,19,KT
136,박세진,-0.95,8,0,0,8,1,5,0,0,30.1,37,36,156,47,15,0,10,19,2,2,24,0,3,10.68,8.42,2.18,49.6,61.7,-1.27,18,KT
137,주권,-1.04,46,0,0,10,3,9,0,4,88.0,85,82,407,118,24,4,16,27,1,7,54,0,4,8.39,6.09,1.65,63.2,85.1,-2.79,18,KT
138,윌슨,6.31,26,1,1,26,9,4,0,0,170.0,63,58,689,158,23,3,11,35,1,6,149,1,10,3.07,3.63,1.14,164.3,139.4,2.72,18,LG
139,켈리,4.96,30,0,0,30,13,8,0,0,177.0,64,62,744,160,25,0,12,60,3,11,142,1,7,3.15,3.76,1.24,136.8,115.1,1.61,21,LG
140,소사,4.95,27,1,1,27,9,9,0,0,181.1,83,71,760,192,44,1,16,28,1,4,181,0,6,3.52,3.5,1.21,143.2,143.3,0.16,18,LG
141,수아레즈,4.43,23,0,0,22,10,2,0,0,115.1,33,28,473,91,16,2,4,41,0,4,126,0,2,2.18,2.77,1.15,197.4,157.7,2.6,21,LG
142,켈리,4.26,28,1,1,28,15,7,0,0,173.1,67,64,705,160,29,1,16,40,0,11,134,0,4,3.32,4.09,1.15,139.3,112.7,1.64,20,LG
143,켈리,3.98,29,0,0,29,14,12,0,0,180.1,70,51,747,164,33,3,7,41,0,16,126,0,12,2.55,3.46,1.14,161.3,118.7,2.39,19,LG
144,고우석,3.89,64,0,0,0,8,2,34,1,70.0,13,12,284,47,7,1,4,29,4,4,76,0,2,1.54,3.22,1.09,266.1,126.7,3.58,19,LG
145,윌슨,3.4,30,1,0,30,14,7,0,0,185.0,77,60,763,171,27,2,7,43,1,11,137,0,6,2.92,3.27,1.16,140.6,125.4,1.88,19,LG
146,정우영,3.21,70,0,0,0,7,3,2,27,65.0,16,16,263,43,9,0,0,26,1,8,41,0,2,2.22,3.59,1.06,194.7,123.3,1.94,21,LG
147,고우석,3.13,63,0,0,0,1,5,30,0,58.0,15,14,240,47,10,1,3,23,5,3,68,0,1,2.17,2.75,1.21,198.6,157.6,-0.2,21,LG
148,정우영,2.67,65,0,0,0,4,4,5,20,75.0,26,26,305,48,5,0,3,29,3,11,59,0,1,3.12,3.98,1.03,148.3,117.5,2.14,20,LG
149,켈리,2.15,13,0,0,13,9,1,0,0,79.2,27,24,323,72,5,3,4,18,0,2,72,0,2,2.71,2.92,1.13,141.9,131.3,1.42,22,LG
150,김대유,2.09,64,0,0,0,4,1,0,24,50.2,13,12,209,32,1,0,2,15,0,9,56,0,2,2.13,3.06,0.93,202.4,142.4,1.85,21,LG
151,이정용,1.88,66,0,0,0,3,3,0,15,69.2,25,23,284,55,13,2,4,23,1,1,74,0,0,2.97,2.95,1.12,145.2,146.9,1.11,21,LG
152,이민호,1.79,20,0,0,16,4,4,0,0,97.2,46,40,434,94,19,0,5,44,1,10,67,1,4,3.69,4.48,1.41,125.6,104.4,0.54,20,LG
153,플럿코,1.56,14,0,0,14,6,3,0,0,83.1,35,28,339,68,9,1,9,22,1,0,81,0,5,3.02,3.54,1.08,127.2,106.5,0.5,22,LG
154,임찬규,1.51,27,0,0,26,10,9,0,0,147.2,76,67,641,143,29,2,14,65,0,5,138,0,4,4.08,4.34,1.41,113.3,106.3,-0.22,20,LG
155,정찬헌,1.5,19,1,1,19,7,4,0,0,110.1,51,43,470,116,22,1,10,31,0,4,85,0,5,3.51,4.15,1.33,131.9,111.4,0.66,20,LG
156,고우석,1.49,30,0,0,0,1,1,20,0,28.0,7,6,116,22,5,1,3,13,3,1,34,0,3,1.93,3.46,1.25,199.5,108.8,1.51,22,LG
157,차우찬,1.44,29,0,0,28,13,8,0,0,168.1,87,77,730,181,30,1,16,59,0,5,124,0,13,4.12,4.31,1.43,99.7,94.1,0.19,19,LG
158,임찬규,1.38,17,0,0,17,1,8,0,0,90.2,45,39,387,76,9,3,7,41,1,3,67,0,5,3.87,4.28,1.29,111.4,101.1,0.15,21,LG
159,이민호,1.35,25,0,0,22,8,9,0,0,115.0,58,55,477,89,17,0,13,45,1,14,100,0,6,4.3,4.58,1.17,100.2,93.7,0.13,21,LG
160,최동환,1.28,54,0,0,0,4,1,0,4,57.0,23,22,228,54,10,1,6,12,0,2,42,0,3,3.47,4.19,1.16,133.2,109.8,-0.04,20,LG
161,정우영,1.2,31,0,0,0,1,1,0,16,30.1,8,8,129,23,0,0,2,20,2,2,21,0,0,2.37,4.77,1.42,162.1,80.6,0.91,22,LG
162,정찬헌,1.16,66,0,0,0,5,3,27,0,65.0,36,35,299,76,14,0,5,24,3,7,50,0,2,4.85,4.59,1.54,104.1,110.3,-1.7,18,LG
163,윌슨,1.1,25,0,0,25,10,8,0,0,144.2,81,71,628,161,23,2,13,39,0,8,109,1,3,4.42,4.19,1.38,104.8,110.2,-0.67,20,LG
164,김대현,0.99,41,0,0,2,5,4,0,8,65.2,31,28,282,63,11,1,2,27,1,4,39,0,3,3.84,3.98,1.37,107.0,103.4,1.36,19,LG
165,진해수,0.93,35,0,0,0,3,0,0,6,25.0,5,5,104,25,1,1,1,6,0,1,20,0,1,1.8,3.08,1.24,213.7,125.0,0.27,22,LG
166,최성훈,0.92,46,0,0,0,1,1,0,3,40.2,14,11,179,40,7,1,2,19,1,1,33,0,0,2.43,3.75,1.45,177.2,116.2,-0.22,21,LG
167,진해수,0.89,50,0,0,0,1,0,0,5,44.1,17,12,188,41,4,0,2,18,1,3,39,0,1,2.44,3.51,1.33,177.1,124.1,-0.19,21,LG
168,송은범,0.85,56,0,0,1,4,2,2,6,56.0,29,28,247,66,8,1,4,19,1,3,28,0,2,4.5,4.61,1.52,102.8,101.0,-0.15,20,LG
169,진해수,0.83,73,0,0,0,3,1,0,20,43.0,17,16,188,44,3,3,2,16,0,2,38,0,0,3.35,3.5,1.4,122.6,117.0,-0.02,19,LG
170,차우찬,0.81,29,1,0,29,12,10,0,0,170.0,119,115,762,177,36,4,27,79,2,10,136,0,10,6.09,5.83,1.51,82.9,85.5,-2.45,18,LG
171,최성훈,0.76,48,0,0,0,0,0,0,2,33.1,13,13,145,36,4,1,1,16,2,1,24,0,1,3.51,3.86,1.56,131.8,121.8,-0.14,20,LG
172,이정용,0.72,34,0,0,0,3,0,0,4,34.0,15,14,147,32,5,0,6,14,0,2,33,1,0,3.71,5.32,1.35,124.9,85.4,0.45,20,LG
173,이정용,0.71,35,0,0,0,2,3,0,11,35.0,14,12,141,28,9,1,0,8,2,1,21,0,2,3.09,2.72,1.03,124.7,144.5,-0.21,22,LG
174,최동환,0.68,28,0,0,0,1,0,0,1,37.0,19,19,156,33,7,0,6,11,0,3,28,0,4,4.62,5.56,1.19,109.1,89.5,-0.01,18,LG
175,정찬헌,0.66,12,0,0,12,6,2,0,0,58.0,29,26,249,69,12,2,5,12,0,2,31,0,2,4.03,4.11,1.4,106.9,105.0,0.17,21,LG
176,정우영,0.66,56,0,0,0,4,6,1,16,65.1,30,27,273,57,9,2,2,20,5,8,38,1,3,3.72,3.69,1.18,110.4,111.6,0.63,19,LG
177,고우석,0.65,40,0,0,0,0,4,17,1,41.2,22,19,183,37,9,0,2,19,1,2,51,0,5,4.1,3.17,1.34,112.8,146.5,0.38,20,LG
178,류제국,0.59,11,0,0,11,0,2,0,0,53.1,27,25,243,57,7,2,5,26,1,4,31,0,2,4.22,5.09,1.56,97.3,79.9,-0.58,19,LG
179,진해수,0.58,76,0,0,0,4,2,0,22,50.0,27,24,230,54,6,0,3,23,2,4,59,0,5,4.32,3.48,1.54,107.1,133.3,-0.37,20,LG
180,김윤식,0.53,35,0,0,3,7,4,0,1,66.2,37,32,301,65,9,2,3,36,2,6,56,2,0,4.32,4.04,1.52,99.8,108.1,-0.54,21,LG
181,최동환,0.49,29,0,0,0,0,0,0,0,32.0,13,13,129,24,4,1,2,10,0,1,19,0,1,3.66,3.98,1.06,105.2,96.4,0.05,22,LG
182,김윤식,0.46,10,0,0,10,2,3,0,0,47.1,23,21,205,59,9,0,3,10,1,1,30,0,1,3.99,3.51,1.46,96.4,109.0,0.14,22,LG
183,송은범,0.43,35,0,0,0,2,2,0,4,37.1,18,17,155,34,7,0,1,13,1,2,19,0,4,4.1,3.79,1.26,105.3,116.0,0.37,21,LG
184,배재준,0.41,16,0,0,5,1,0,0,0,38.2,24,19,174,34,11,1,3,20,0,1,41,0,3,4.42,4.35,1.4,114.1,115.9,-0.48,18,LG
185,임찬규,0.4,29,0,0,27,11,11,1,0,146.2,104,94,680,195,32,1,23,47,1,13,125,0,6,5.77,5.37,1.65,87.5,92.6,-2.78,18,LG
186,김지용,0.35,48,0,0,0,5,6,1,13,47.0,30,28,198,52,9,1,10,9,1,2,42,0,1,5.36,5.45,1.3,94.1,90.3,-1.45,18,LG
187,문광은,0.33,32,0,0,0,1,1,1,3,33.0,15,15,141,35,5,1,3,13,0,1,26,0,1,4.09,4.28,1.46,100.4,94.7,0.92,19,LG
188,배재준,0.3,15,0,0,6,2,2,0,0,32.2,17,15,151,42,10,0,1,13,0,3,23,0,1,4.13,3.79,1.68,104.4,115.7,-0.48,21,LG
189,여건욱,0.29,25,0,0,0,0,0,0,0,29.2,14,13,130,35,11,1,2,8,0,1,24,0,1,3.94,3.57,1.45,104.1,114.0,-0.22,19,LG
190,이상영,0.29,21,0,0,9,1,1,0,0,50.0,28,24,228,48,8,0,7,32,0,8,30,0,3,4.32,6.35,1.6,99.8,67.7,-0.34,21,LG
191,김진성,0.28,32,0,0,0,2,3,0,5,31.0,15,14,133,33,4,1,5,8,2,1,31,0,2,4.06,4.09,1.32,94.7,90.9,-0.27,22,LG
192,차우찬,0.21,13,0,0,13,5,5,0,0,64.0,39,38,287,71,14,1,8,28,1,2,51,0,1,5.34,4.95,1.55,86.6,92.8,-0.01,20,LG
193,이우찬,0.16,30,0,0,13,5,4,0,2,91.0,55,49,398,78,14,1,5,66,1,4,58,0,5,4.85,5.12,1.58,84.7,80.1,-0.14,19,LG
194,임찬규,0.15,30,0,0,13,2,5,0,2,88.2,51,49,392,84,20,3,10,46,0,7,72,0,7,4.97,5.04,1.47,82.5,80.3,-1.21,19,LG
195,이민호,0.08,13,0,0,13,6,4,0,0,63.1,37,33,278,69,12,3,5,24,0,2,33,0,1,4.69,4.54,1.47,82.0,84.3,-0.03,22,LG
196,신정락,0.01,49,0,0,1,3,7,0,5,50.2,37,33,227,59,8,0,5,17,0,6,56,0,3,5.86,4.27,1.5,86.1,117.5,-1.14,18,LG
197,고우석,-0.01,56,0,0,0,3,5,0,3,67.0,51,44,312,69,12,2,10,37,0,5,44,1,2,5.91,6.34,1.58,85.3,79.0,-2.2,18,LG
198,이상규,-0.2,28,0,0,0,2,3,4,1,31.0,23,23,152,45,10,1,4,21,0,1,18,0,2,6.68,6.2,2.13,69.3,74.5,-0.98,20,LG
199,김대현,-0.21,33,0,0,0,4,0,0,3,32.1,24,21,158,37,7,2,6,23,1,1,28,0,3,5.85,6.37,1.86,79.2,71.7,-0.45,20,LG
200,여건욱,-0.27,25,0,0,0,1,3,1,2,27.2,24,22,124,36,8,1,8,4,0,3,18,0,2,7.16,6.77,1.45,64.7,66.3,-0.94,20,LG
201,송은범,-0.27,26,0,0,0,2,3,0,5,25.0,16,15,122,36,3,1,2,10,2,2,21,0,0,5.4,3.96,1.84,76.0,102.6,-0.71,19,LG
202,이우찬,-0.28,15,0,0,5,0,1,0,0,34.0,25,21,161,36,3,1,3,25,0,1,27,0,0,5.56,5.19,1.79,77.6,83.5,-0.54,21,LG
203,김윤식,-0.28,23,0,0,11,2,4,0,2,67.2,50,47,308,87,16,1,7,24,0,6,38,1,2,6.25,5.11,1.64,74.0,90.5,-1.24,20,LG
204,임찬규,-0.3,10,0,0,10,3,5,0,0,40.2,27,27,190,49,7,2,6,17,0,3,26,0,2,5.98,5.43,1.62,64.4,69.4,-0.74,22,LG
205,배재준,-0.34,19,0,0,12,3,4,0,0,62.0,42,36,282,61,17,1,3,33,0,8,44,0,3,5.23,4.6,1.52,78.6,89.1,-0.63,19,LG
206,임준형,-0.42,9,0,0,5,1,3,0,0,29.0,22,20,134,35,4,0,2,12,0,3,24,0,1,6.21,4.11,1.62,62.0,93.0,-1.03,22,LG
207,이동현,-0.47,36,0,0,0,2,1,0,4,36.1,35,32,167,49,10,0,6,7,0,3,23,0,0,7.93,5.54,1.54,63.6,89.9,-0.34,18,LG
208,진해수,-0.49,66,0,0,0,2,3,0,14,43.2,37,35,210,63,6,1,7,13,2,4,37,0,1,7.21,5.25,1.74,69.9,94.7,-1.46,18,LG
209,손주영,-0.63,7,0,0,6,1,3,0,0,26.2,25,25,127,31,7,2,4,20,0,1,21,0,1,8.44,6.07,1.91,51.1,70.6,-0.88,21,LG
210,김대현,-1.19,25,0,0,21,2,10,0,0,105.0,95,88,496,145,25,5,15,48,0,9,64,2,7,7.54,6.1,1.84,66.9,82.2,-3.86,18,LG
211,루친스키,5.59,30,0,0,30,19,5,0,0,183.0,67,62,770,173,12,3,14,57,0,11,167,0,11,3.05,3.84,1.26,160.2,125.8,3.04,20,NC
212,루친스키,4.64,30,2,0,30,9,9,0,0,177.1,68,60,731,164,20,1,13,45,0,11,119,0,7,3.05,3.96,1.18,138.4,106.6,2.51,19,NC
213,구창모,4.62,15,0,0,14,9,0,0,1,93.1,20,18,348,58,12,0,7,18,0,0,102,0,2,1.74,2.92,0.81,281.5,165.6,2.8,20,NC
214,루친스키,4.48,30,0,0,30,15,10,0,0,178.2,76,63,754,160,24,1,12,55,0,10,177,2,6,3.17,3.32,1.2,143.1,135.9,1.88,21,NC
215,박진우,3.82,41,0,0,18,9,7,0,5,140.2,53,49,590,137,18,0,9,29,0,19,92,0,2,3.14,3.95,1.18,134.4,106.8,2.46,19,NC
216,파슨스,3.71,24,1,0,24,4,8,0,0,133.0,56,55,577,109,16,2,9,63,0,11,148,1,10,3.72,3.66,1.29,122.0,123.3,0.5,21,NC
217,루친스키,2.81,15,0,0,15,5,5,0,0,98.2,34,27,396,82,14,1,7,13,0,5,110,0,6,2.46,2.56,0.96,159.1,155.1,2.53,22,NC
218,구창모,2.67,23,0,0,19,10,7,0,1,107.0,40,38,449,85,15,2,10,42,0,5,114,0,7,3.2,3.81,1.19,131.8,111.5,1.09,19,NC
219,이재학,2.67,29,1,0,29,5,13,0,0,152.1,87,81,658,157,27,2,13,49,2,10,116,0,6,4.79,4.54,1.35,108.4,115.4,-1.06,18,NC
220,신민혁,2.65,30,0,0,25,9,6,0,0,145.0,75,71,625,155,28,3,17,44,0,5,107,2,2,4.41,4.4,1.37,103.0,102.9,0.11,21,NC
221,프리드릭,2.38,12,2,1,12,7,4,0,0,72.0,22,22,294,63,6,0,4,22,1,3,56,0,2,2.75,3.57,1.18,153.2,118.3,0.79,19,NC
222,송명기,2.31,36,0,0,12,9,3,0,0,87.2,37,36,372,78,13,0,12,39,1,2,72,0,7,3.7,5.06,1.34,132.2,95.9,0.1,20,NC
223,왕웨이중,2.28,25,0,0,25,7,10,0,0,141.2,83,67,615,169,25,1,16,40,2,2,108,0,2,4.26,4.62,1.48,121.9,113.5,-0.52,18,NC
224,베렛,2.22,29,0,0,29,6,10,0,0,155.0,94,91,698,178,31,2,24,59,0,9,144,1,10,5.28,5.3,1.53,98.2,99.1,-2.29,18,NC
225,구창모,2.08,5,0,0,5,4,0,0,0,28.2,1,1,109,16,2,0,0,9,0,0,26,0,2,0.31,2.45,0.87,1247.9,161.1,1.15,22,NC
226,라이트,2.01,29,0,0,29,11,9,0,0,157.2,87,82,696,164,27,2,12,63,0,10,125,2,5,4.68,4.35,1.44,104.4,111.0,-1.57,20,NC
227,이용찬,1.71,39,0,0,0,1,3,16,3,37.0,11,9,151,27,4,0,2,11,3,1,35,1,2,2.19,2.87,1.03,207.4,156.6,0.12,21,NC
228,이재학,1.7,24,0,0,23,10,4,0,0,129.2,62,55,560,133,24,2,6,43,0,9,91,0,6,3.82,3.8,1.36,110.4,110.9,0.29,19,NC
229,구창모,1.63,36,0,0,23,5,11,0,1,133.0,83,79,598,158,31,2,21,52,0,7,116,1,16,5.35,5.47,1.58,97.1,96.1,-1.07,18,NC
230,이용찬,1.49,26,0,0,0,2,2,9,0,28.0,6,5,115,23,2,1,1,5,0,2,30,0,1,1.61,2.39,1.0,243.8,165.2,1.03,22,NC
231,김진성,1.46,48,0,0,0,3,0,0,6,47.1,16,14,190,41,8,2,4,10,1,0,56,0,2,2.66,2.86,1.08,183.5,169.7,1.13,20,NC
232,최성영,1.45,26,0,0,15,4,1,0,2,82.1,39,36,368,79,15,3,3,48,0,4,62,0,3,3.94,4.27,1.54,107.1,98.9,-0.01,19,NC
233,홍성민,1.39,30,0,0,0,1,0,0,8,26.0,4,3,104,20,4,0,2,6,1,2,14,0,2,1.04,4.29,1.0,470.5,112.6,1.38,20,NC
234,류진욱,1.15,44,0,0,0,1,0,1,7,43.1,15,10,190,40,6,1,2,22,0,0,31,0,4,2.08,4.03,1.43,218.6,111.9,0.55,21,NC
235,원종현,1.09,58,0,0,0,3,5,30,0,57.0,30,27,245,56,5,1,4,20,1,2,41,0,4,4.26,4.13,1.33,114.6,116.7,0.6,20,NC
236,홍성민,0.95,53,0,0,0,3,4,0,14,41.1,19,18,185,53,9,0,3,12,1,2,26,1,2,3.92,3.96,1.57,115.8,113.7,-0.06,21,NC
237,원종현,0.91,61,0,0,0,2,2,14,6,53.0,27,25,245,67,9,0,5,23,2,3,45,0,4,4.25,4.22,1.7,107.0,107.0,-1.58,21,NC
238,파슨스,0.88,8,0,0,8,1,2,0,0,43.0,19,17,182,34,4,2,4,21,0,1,43,0,8,3.56,4.06,1.28,110.1,98.1,0.12,22,NC
239,원종현,0.88,59,0,0,0,3,6,2,17,64.1,38,37,275,78,5,1,7,22,1,2,36,0,5,5.18,5.2,1.55,100.3,101.0,-1.21,18,NC
240,배재환,0.87,53,0,0,0,1,3,0,12,43.0,22,19,209,38,7,2,4,35,3,9,33,2,5,3.98,6.09,1.7,122.9,79.3,-1.88,20,NC
241,배재환,0.79,31,0,0,0,3,3,1,2,36.0,18,18,169,37,5,1,6,25,1,1,34,0,3,4.5,6.19,1.72,115.3,85.0,-1.11,18,NC
242,김시훈,0.73,23,0,0,7,2,2,0,3,50.0,24,21,222,47,7,0,4,29,0,1,45,1,0,3.78,4.36,1.52,103.6,91.4,0.43,22,NC
243,임정호,0.64,69,0,0,0,2,2,0,22,41.0,23,21,175,32,3,0,3,20,0,7,38,0,0,4.61,4.63,1.27,106.0,104.2,1.35,20,NC
244,김정훈,0.62,44,0,0,0,0,2,0,7,51.1,23,21,215,49,11,0,5,16,0,4,32,0,3,3.68,4.59,1.27,114.5,91.9,0.66,19,NC
245,원종현,0.61,31,0,0,0,3,0,1,4,31.1,13,12,134,33,5,0,3,8,0,1,23,0,0,3.45,3.96,1.31,113.7,100.6,0.09,22,NC
246,배재환,0.6,62,0,0,0,3,5,0,20,54.1,26,22,247,49,9,0,3,31,2,7,61,1,2,3.64,3.86,1.47,115.6,109.5,-0.66,19,NC
247,신민혁,0.59,11,0,0,11,2,5,0,0,60.1,30,28,265,63,17,1,5,17,1,8,52,0,4,4.18,3.87,1.33,93.8,102.7,-0.03,22,NC
248,이재학,0.53,17,2,1,17,6,6,0,0,83.0,50,48,370,74,16,1,14,52,0,6,65,0,3,5.2,6.06,1.52,87.2,74.8,-0.45,21,NC
249,김건태,0.5,33,0,0,0,1,1,0,4,35.0,19,19,155,29,6,0,4,25,0,2,37,0,3,4.89,5.24,1.54,100.0,92.4,-0.26,20,NC
250,강윤구,0.44,67,0,0,0,3,3,0,15,56.1,29,28,242,55,4,4,4,24,2,4,49,0,2,4.47,3.97,1.4,94.2,106.3,0.47,19,NC
251,최성영,0.43,28,0,0,8,2,2,1,0,64.1,43,42,282,66,14,0,11,25,1,4,57,0,6,5.88,5.59,1.42,88.3,94.1,-0.31,18,NC
252,이형범,0.42,23,0,0,4,1,1,0,0,54.0,36,31,238,62,11,0,5,24,2,1,22,0,3,5.17,5.5,1.59,100.5,95.5,-0.42,18,NC
253,원종현,0.41,60,0,0,0,3,3,31,0,60.0,31,27,256,62,9,2,4,17,2,3,59,0,5,4.05,3.2,1.32,104.0,132.1,0.74,19,NC
254,최금강,0.41,20,0,0,0,2,1,1,0,28.0,14,14,129,29,6,0,4,17,0,2,25,0,3,4.5,5.44,1.64,100.9,83.2,-0.36,21,NC
255,임창민,0.39,46,0,0,0,0,3,0,17,40.1,23,17,178,35,8,0,2,20,1,4,29,0,7,3.79,4.25,1.36,119.7,105.8,0.23,21,NC
256,김영규,0.32,37,0,0,8,5,3,0,6,63.2,40,38,286,69,8,0,10,28,0,1,42,0,3,5.37,5.42,1.52,84.5,83.6,-0.56,21,NC
257,박정수,0.31,15,0,0,3,1,1,0,1,25.2,14,14,116,20,3,0,3,20,0,5,24,0,1,4.91,6.13,1.56,99.5,78.9,-0.27,20,NC
258,배민서,0.3,32,0,0,2,1,0,0,0,40.0,26,22,187,51,6,0,3,17,0,4,23,0,3,4.95,4.73,1.7,91.7,95.1,0.4,21,NC
259,임정호,0.27,60,0,0,0,0,4,0,12,34.2,20,16,165,37,4,1,2,25,2,3,24,0,0,4.15,4.95,1.79,109.3,91.0,-0.66,21,NC
260,김영규,0.23,36,0,0,0,0,6,1,5,32.1,17,17,134,36,6,1,3,8,2,2,28,0,2,4.73,3.54,1.36,82.8,112.6,-1.2,22,NC
261,김영규,0.18,30,1,1,10,5,4,0,1,66.1,40,39,307,82,6,1,7,31,0,6,46,0,4,5.29,5.06,1.7,79.6,83.4,-0.63,19,NC
262,이민호,0.15,50,0,0,0,5,4,14,0,50.0,34,26,224,52,9,0,8,19,1,3,42,1,2,4.68,5.49,1.42,110.9,95.8,-1.93,18,NC
263,정수민,0.14,25,0,0,7,2,5,0,1,58.0,43,39,278,69,8,2,10,33,0,3,38,0,7,6.05,6.63,1.76,85.8,79.5,-1.15,18,NC
264,문경찬,0.13,35,0,0,0,0,1,0,4,31.0,20,17,142,25,6,0,6,20,1,0,25,0,1,4.94,6.07,1.45,92.0,74.8,-0.19,21,NC
265,박진우,0.13,43,0,0,1,2,2,0,7,43.0,29,25,194,47,7,0,2,13,1,6,22,0,0,5.23,4.39,1.4,93.4,109.5,-0.38,20,NC
266,송명기,0.1,24,0,0,24,8,9,0,0,123.1,83,81,574,147,39,2,12,58,1,9,102,1,2,5.91,4.55,1.66,76.8,99.3,-0.74,21,NC
267,송명기,0.09,10,0,0,10,2,4,0,0,49.0,28,26,225,50,8,2,6,24,0,10,49,0,2,4.78,4.99,1.51,82.0,79.8,-0.03,22,NC
268,김건태,0.06,21,0,0,9,2,3,0,0,53.0,38,32,247,60,11,1,7,24,0,7,39,1,3,5.43,5.83,1.59,95.5,90.1,-0.73,18,NC
269,신민혁,0.06,17,0,0,7,2,3,0,0,42.0,27,27,196,57,7,0,10,13,0,3,26,0,0,5.79,6.56,1.67,84.4,74.3,-0.7,20,NC
270,버틀러,0.04,13,0,0,13,3,6,0,0,73.2,46,39,326,78,18,1,6,28,1,2,49,0,4,4.76,4.31,1.44,88.4,97.8,-1.15,19,NC
271,김영규,0.04,20,0,0,13,2,2,0,1,67.2,47,41,296,83,9,2,12,14,0,2,55,2,5,5.45,4.95,1.43,89.6,98.5,-1.22,20,NC
272,김진성,0.04,42,0,0,0,1,2,0,5,42.0,25,20,178,39,10,1,6,15,1,2,35,1,6,4.29,4.74,1.29,98.3,89.3,-0.31,19,NC
273,장현식,0.02,53,0,0,0,5,4,0,9,54.2,31,28,246,58,7,1,9,23,0,4,49,0,6,4.61,5.23,1.48,91.4,81.0,-0.48,19,NC
274,유원상,-0.0,41,0,0,0,1,4,0,5,47.1,37,34,225,63,17,1,5,17,1,5,30,0,5,6.46,5.27,1.69,80.3,99.7,-2.03,18,NC
275,임창민,-0.01,44,0,0,0,7,2,0,11,37.2,26,22,179,39,10,1,4,23,1,2,44,0,3,5.26,4.51,1.65,92.9,107.4,-1.6,20,NC
276,문경찬,-0.05,31,0,0,0,0,3,0,11,28.0,20,15,116,22,5,0,5,9,0,0,18,0,0,4.82,5.56,1.11,101.3,87.5,-0.43,20,NC
277,강윤구,-0.11,69,0,0,0,7,5,1,17,54.2,41,37,243,54,10,1,10,26,0,1,65,0,4,6.09,5.32,1.46,85.2,98.9,-0.64,18,NC
278,최성영,-0.14,14,0,0,13,2,4,0,0,60.2,45,41,278,67,14,0,13,35,0,3,27,0,2,6.08,7.33,1.68,80.3,66.3,-2.09,20,NC
279,장현식,-0.22,21,0,0,0,3,2,2,1,26.2,22,22,126,31,5,0,7,17,1,0,24,0,3,7.43,7.25,1.8,69.9,72.9,-0.87,18,NC
280,이재학,-0.23,11,0,0,11,0,7,0,0,45.2,30,26,206,36,7,0,2,28,0,7,37,0,3,5.12,4.57,1.4,76.5,86.9,-0.75,22,NC
281,노성호,-0.24,20,0,0,4,1,2,0,0,32.2,29,26,158,35,7,1,6,29,1,1,36,0,7,7.16,6.68,1.96,72.5,78.8,-1.11,18,NC
282,김진성,-0.26,50,0,0,0,3,2,0,5,45.1,38,36,207,56,9,4,13,19,1,2,38,1,3,7.15,7.21,1.65,72.6,73.3,-0.76,18,NC
283,최금강,-0.33,19,0,0,4,0,1,0,1,37.1,36,35,183,51,10,0,8,22,0,2,18,1,3,8.44,7.58,1.96,61.5,69.6,-0.79,18,NC
284,이재학,-0.5,19,0,0,19,5,6,0,0,90.2,66,66,410,105,21,1,14,43,0,5,61,1,4,6.55,5.81,1.63,74.6,83.5,-1.36,20,NC
285,김진성,-1.07,42,0,0,0,2,4,1,9,37.2,34,30,174,43,10,0,7,18,3,1,37,0,2,7.17,5.06,1.62,63.3,89.9,-1.25,21,NC
286,폰트,4.41,15,1,0,15,9,4,0,0,102.0,23,22,379,62,13,2,7,13,1,2,95,0,3,1.94,2.76,0.74,207.1,146.5,2.92,22,SSG
287,김광현,3.07,12,0,0,12,7,1,0,0,76.0,18,13,302,53,10,0,2,19,2,1,75,0,1,1.54,2.4,0.95,261.1,167.8,1.76,22,SSG
288,폰트,2.94,26,0,0,26,8,5,0,0,145.2,66,56,604,114,22,1,12,45,1,6,157,1,2,3.46,3.28,1.09,129.7,139.2,0.56,21,SSG
289,김택형,2.83,59,0,0,0,5,1,7,4,75.1,23,20,316,61,11,0,3,42,5,3,62,0,3,2.39,3.8,1.37,187.8,118.9,2.25,21,SSG
290,이태양,2.21,16,0,0,10,4,2,0,1,70.0,21,21,283,61,13,0,7,16,2,3,42,0,0,2.7,4.15,1.1,148.9,96.9,1.43,22,SSG
291,서진용,1.7,65,0,0,0,7,5,9,3,67.1,28,25,297,57,8,1,9,43,7,0,62,0,3,3.34,4.83,1.49,134.3,94.3,-1.92,21,SSG
292,박종훈,1.61,9,0,0,9,4,2,0,0,54.1,19,17,222,40,7,0,2,17,0,7,41,2,0,2.82,3.63,1.05,159.3,124.6,1.02,21,SSG
293,오원석,1.38,14,0,0,14,5,4,0,0,79.2,36,35,337,76,11,1,7,35,0,2,66,0,1,3.95,4.2,1.39,101.7,95.9,0.6,22,SSG
294,문승원,1.33,9,0,0,9,2,2,0,0,50.1,20,16,212,42,14,0,1,18,0,2,32,0,1,2.86,3.51,1.19,156.8,127.9,0.31,21,SSG
295,서진용,1.27,35,0,0,0,3,1,8,11,35.2,11,11,141,27,3,1,1,12,0,0,30,0,1,2.78,3.01,1.09,144.8,132.9,1.69,22,SSG
296,장지훈,1.11,60,0,0,0,2,5,1,10,80.1,40,35,342,84,12,2,6,19,1,4,51,1,1,3.92,3.86,1.28,114.4,117.5,-0.67,21,SSG
297,박민호,0.82,40,0,0,0,4,0,0,5,41.0,18,18,177,45,5,0,3,11,0,4,19,0,0,3.95,4.45,1.37,113.6,101.5,0.16,21,SSG
298,최민준,0.62,22,0,0,0,3,0,0,3,30.0,12,12,127,21,3,1,5,18,2,1,21,0,6,3.6,5.79,1.3,111.7,69.7,-0.29,22,SSG
299,장지훈,0.49,22,0,0,0,1,0,0,4,28.2,12,12,120,32,4,1,3,6,1,1,15,0,1,3.77,4.26,1.33,106.7,94.2,-0.71,22,SSG
300,김상수,0.32,50,0,0,0,4,3,6,5,58.1,33,33,273,71,8,0,10,30,3,1,44,0,2,5.09,5.49,1.73,88.1,83.0,-0.04,21,SSG
301,고효준,0.26,28,0,0,0,1,0,0,7,25.2,13,12,112,21,4,2,0,14,2,1,23,0,3,4.21,3.05,1.36,95.5,131.1,0.93,22,SSG
302,서동민,0.23,20,0,0,0,0,0,0,0,26.1,15,15,118,27,4,1,5,17,0,1,24,0,1,5.13,6.03,1.67,87.5,75.7,0.08,21,SSG
303,이태양,0.16,40,0,0,14,5,10,0,4,103.2,66,66,456,123,23,1,25,32,1,1,62,0,2,5.73,6.2,1.5,78.3,73.8,-1.18,21,SSG
304,김태훈,0.05,65,0,0,0,2,4,1,16,58.0,35,32,269,55,5,0,7,39,3,9,49,1,4,4.97,5.54,1.62,90.4,82.1,-0.06,21,SSG
305,신재영,0.05,20,0,0,1,0,0,0,0,28.1,18,18,124,35,5,1,3,2,0,4,27,0,1,5.72,3.44,1.31,78.5,133.3,-0.54,21,SSG
306,가빌리오,0.02,15,0,0,15,6,4,0,0,81.1,54,53,351,88,18,0,7,30,1,6,70,0,3,5.86,4.02,1.45,76.5,113.0,-0.68,21,SSG
307,최민준,0.02,38,0,0,12,3,3,0,4,86.0,56,56,398,93,17,0,11,50,0,7,62,1,5,5.86,5.54,1.66,76.6,81.9,-1.71,21,SSG
308,김택형,-0.08,28,0,0,0,1,2,15,3,26.0,15,15,111,21,2,0,2,10,0,2,33,0,4,5.19,3.17,1.19,77.4,128.8,0.17,22,SSG
309,조영우,-0.11,30,0,0,8,4,8,1,0,66.2,46,42,291,74,10,2,10,26,0,0,48,0,3,5.67,5.01,1.5,79.1,90.8,-0.32,21,SSG
310,정수민,-0.27,10,0,0,7,1,2,0,0,30.1,24,23,151,34,5,1,6,27,1,1,22,0,1,6.82,7.12,2.01,65.8,63.8,-0.59,21,SSG
311,노바,-0.85,12,0,0,12,3,4,0,0,63.2,50,46,291,78,10,2,5,25,0,5,32,1,9,6.5,4.75,1.62,61.8,84.3,-0.8,22,SSG
312,오원석,-1.0,33,0,0,21,7,6,0,2,110.0,84,72,530,125,20,3,11,73,1,10,95,1,2,5.89,5.14,1.8,76.2,88.2,-2.81,21,SSG
313,김광현,6.39,31,0,0,30,17,6,0,0,190.1,64,53,786,198,17,0,13,38,1,2,180,0,8,2.51,3.01,1.24,169.8,142.2,3.28,19,SSG
314,산체스,5.93,28,0,0,28,17,5,0,0,165.0,51,48,671,151,18,2,2,42,0,2,148,2,11,2.62,2.57,1.17,162.5,163.8,3.64,19,SSG
315,김광현,5.26,25,0,0,25,11,8,0,0,136.0,48,45,554,125,16,2,16,30,0,2,130,0,3,2.98,4.16,1.14,176.5,127.4,1.91,18,SSG
316,켈리,3.89,28,0,0,28,12,7,0,0,158.1,78,72,674,152,28,3,18,47,1,13,161,2,5,4.09,4.4,1.26,128.5,120.4,-0.45,18,SSG
317,문승원,3.82,25,1,0,25,6,8,0,0,145.2,64,59,610,136,29,0,13,45,0,6,117,0,2,3.65,4.16,1.24,132.3,117.1,0.65,20,SSG
318,박종훈,3.38,30,0,0,30,14,8,0,0,159.1,81,74,702,158,31,3,16,54,0,20,133,0,3,4.18,4.86,1.33,125.8,108.3,-0.38,18,SSG
319,하재훈,3.09,61,0,0,0,5,3,36,3,59.0,13,13,245,47,11,0,1,26,2,1,64,1,0,1.98,2.73,1.24,214.6,154.7,3.47,19,SSG
320,문승원,2.89,26,0,0,23,11,7,0,2,144.0,63,62,586,130,13,5,23,33,1,3,99,0,0,3.88,4.83,1.13,109.8,89.6,0.72,19,SSG
321,서진용,2.63,72,0,0,0,3,1,4,33,68.0,19,18,279,53,9,2,2,28,4,2,76,0,1,2.38,2.7,1.19,178.6,157.4,2.87,19,SSG
322,문승원,2.41,31,0,0,27,8,9,1,1,150.2,86,77,656,180,33,2,24,37,0,4,122,0,4,4.6,5.1,1.44,114.3,104.0,-1.49,18,SSG
323,박민호,2.29,57,0,0,0,2,1,4,11,52.0,16,14,215,43,9,0,4,19,0,2,36,0,0,2.42,4.38,1.19,199.1,110.8,-0.61,20,SSG
324,김태훈,2.26,61,0,0,4,9,3,0,10,94.0,44,40,394,88,17,0,8,36,4,2,93,0,11,3.83,4.05,1.32,137.3,130.6,-0.02,18,SSG
325,박종훈,2.1,28,0,0,28,8,11,0,0,144.0,72,62,643,157,29,0,12,59,0,13,100,0,1,3.88,4.6,1.5,109.8,92.8,0.73,19,SSG
326,소사,1.93,16,0,0,16,9,3,0,0,94.1,42,40,387,85,6,0,15,23,0,2,96,1,3,3.82,4.23,1.15,111.5,103.0,1.38,19,SSG
327,박종훈,1.9,29,0,0,28,13,11,0,0,157.1,90,84,691,146,21,3,14,78,1,22,134,0,5,4.81,4.9,1.42,100.4,99.5,-1.54,20,SSG
328,산체스,1.88,29,0,0,26,8,8,0,1,145.1,90,79,632,161,21,3,26,39,1,7,124,0,12,4.89,5.38,1.38,107.5,98.8,-1.34,18,SSG
329,신재웅,1.68,54,0,0,0,2,3,16,6,52.0,23,16,226,49,3,0,5,28,0,1,43,0,3,2.77,5.1,1.48,189.9,102.8,-0.38,18,SSG
330,다익손,1.41,12,0,0,12,3,2,0,0,65.2,29,26,280,65,13,2,7,18,0,2,58,0,1,3.56,3.94,1.26,119.4,109.4,0.38,19,SSG
331,박민호,1.26,47,0,0,0,3,1,0,4,50.1,17,15,209,49,10,0,2,14,0,4,22,0,0,2.68,4.12,1.25,158.7,102.7,-0.28,19,SSG
332,정영일,1.17,44,0,0,0,1,2,1,8,42.0,15,15,175,32,3,1,1,22,2,1,35,0,2,3.21,3.55,1.29,132.4,118.9,0.44,19,SSG
333,서진용,1.09,63,0,0,0,2,7,8,12,61.0,33,28,264,52,4,1,11,34,1,1,56,0,7,4.13,5.74,1.41,116.8,85.4,-1.57,20,SSG
334,김태훈,1.05,71,0,0,0,4,5,7,27,69.2,33,31,296,62,8,0,4,26,0,4,76,0,7,4.0,3.26,1.26,106.3,130.9,0.42,19,SSG
335,이건욱,1.03,27,0,0,25,6,12,0,0,122.0,77,77,542,105,16,4,11,81,0,6,91,1,6,5.68,5.38,1.53,84.9,90.3,-1.61,20,SSG
336,박희수,0.91,34,0,0,0,0,1,1,2,28.2,8,4,124,29,2,0,1,13,0,3,14,0,0,1.26,4.55,1.47,338.9,92.7,0.28,19,SSG
337,박희수,0.83,35,0,0,0,1,2,0,4,33.0,14,12,146,35,8,0,1,15,0,3,30,0,0,3.27,4.05,1.52,160.6,128.8,-0.95,18,SSG
338,윤희상,0.71,46,0,0,1,1,2,1,7,51.0,29,29,211,55,5,1,8,7,1,2,44,0,1,5.12,4.62,1.22,102.7,115.4,-0.22,18,SSG
339,이태양,0.6,46,0,0,0,2,1,0,4,47.1,28,27,211,57,10,0,7,11,1,1,37,0,2,5.13,4.61,1.44,94.0,106.3,0.31,20,SSG
340,이승진,0.56,34,0,0,2,0,1,0,0,41.1,25,21,189,41,6,0,6,20,1,4,37,0,6,4.57,5.6,1.48,115.0,94.4,-0.65,18,SSG
341,조영우,0.54,35,0,0,7,2,4,0,0,77.0,52,51,340,96,18,1,12,25,0,2,38,0,4,5.96,5.65,1.57,80.9,86.4,-0.71,20,SSG
342,채병용,0.51,29,0,0,0,2,1,1,3,30.0,16,16,128,33,5,0,8,8,0,1,15,0,0,4.8,7.2,1.37,109.5,73.9,-0.05,18,SSG
343,김정빈,0.36,57,0,0,0,1,1,1,10,47.1,30,27,226,37,8,1,5,45,1,8,42,0,6,5.13,6.45,1.73,94.0,75.4,-0.14,20,SSG
344,강지광,0.29,25,0,0,0,2,4,0,6,27.1,14,12,115,24,5,0,0,11,1,0,15,0,3,3.95,3.4,1.28,107.7,122.9,0.46,19,SSG
345,박정배,0.26,49,0,0,0,1,3,9,2,44.2,30,29,197,51,15,0,9,12,2,2,44,0,1,5.84,5.29,1.41,90.0,101.1,-2.4,18,SSG
346,김세현,0.24,42,0,0,0,2,0,1,7,42.0,28,27,187,44,7,0,7,22,0,1,35,0,1,5.79,5.7,1.57,83.4,85.9,-0.95,20,SSG
347,서진용,0.11,48,0,0,0,3,2,1,12,50.0,36,34,225,52,8,2,14,23,3,2,58,0,4,6.12,6.47,1.5,85.9,82.9,-0.01,18,SSG
348,정영일,-0.04,51,0,0,0,3,0,0,13,44.0,33,26,205,48,10,0,7,21,1,5,33,0,4,5.32,6.11,1.57,98.9,86.6,-0.41,18,SSG
349,김주온,-0.1,29,0,0,0,0,3,0,0,31.0,27,26,160,46,7,0,5,22,0,5,18,0,5,7.55,7.1,2.19,63.9,68.6,-0.68,20,SSG
350,핀토,-0.28,30,0,0,30,6,15,0,0,162.0,121,111,766,198,35,1,19,90,3,11,112,2,11,6.17,5.51,1.78,78.2,88.3,-2.27,20,SSG
351,김태훈,-0.44,33,0,0,8,1,6,0,4,62.0,52,51,281,61,13,0,8,39,0,4,43,0,10,7.4,5.93,1.61,65.2,82.1,-1.78,20,SSG
352,백승건,-0.6,10,0,0,7,0,5,0,0,29.1,29,26,156,37,5,0,7,31,0,2,28,0,1,7.98,8.12,2.32,60.5,60.2,-1.5,20,SSG
353,김주한,-0.75,22,0,0,7,1,7,0,0,46.0,43,38,220,60,7,1,7,20,0,8,22,0,4,7.43,6.4,1.74,64.9,76.2,-1.84,20,SSG
354,알칸타라,8.31,31,1,0,31,20,2,0,0,198.2,58,56,795,174,38,3,12,30,0,9,182,1,3,2.54,3.1,1.03,182.6,149.7,4.35,20,두산
355,미란다,7.09,28,1,1,28,14,5,0,0,173.2,49,45,709,135,21,1,11,63,0,1,225,1,7,2.33,2.67,1.14,185.0,161.1,3.27,21,두산
356,린드블럼,6.86,30,0,0,30,20,3,0,0,194.2,57,54,773,165,22,3,13,29,0,6,189,0,7,2.5,2.87,1.0,164.4,141.5,4.44,19,두산
357,린드블럼,6.81,26,0,0,26,15,4,0,0,168.2,56,54,681,142,33,2,16,38,0,8,157,0,10,2.88,4.02,1.07,175.4,125.2,2.06,18,두산
358,최원준,4.13,29,0,0,29,12,4,0,0,158.1,65,58,673,160,31,4,15,37,1,10,113,0,0,3.3,4.01,1.24,130.8,107.1,1.17,21,두산
359,후랭코프,4.12,28,0,0,28,18,3,0,0,149.1,64,62,621,118,17,1,12,55,1,22,134,0,15,3.74,4.61,1.16,135.3,110.0,1.18,18,두산
360,로켓,4.1,21,1,0,21,9,9,0,0,124.0,44,41,540,132,20,2,5,42,1,12,112,1,1,2.98,3.33,1.4,144.9,130.9,1.0,21,두산
361,이용찬,3.91,25,1,0,24,15,3,0,0,144.0,62,58,608,151,24,1,14,36,2,8,102,0,6,3.63,4.56,1.3,139.4,110.8,0.45,18,두산
362,유희관,3.55,28,2,0,27,11,8,0,0,166.1,67,60,692,171,37,2,8,42,3,3,64,0,2,3.25,4.02,1.28,126.5,102.3,1.7,19,두산
363,플렉센,3.51,21,0,0,21,8,4,0,0,116.2,43,39,472,97,14,0,6,30,2,2,132,0,5,3.01,2.73,1.09,154.0,169.7,1.01,20,두산
364,최원준,3.08,42,0,0,18,10,2,0,0,123.0,52,52,532,134,23,3,15,35,0,7,94,1,2,3.8,4.64,1.37,121.8,99.0,0.8,20,두산
365,이영하,3.03,29,1,0,27,17,4,0,0,163.1,70,66,692,148,28,5,5,61,1,10,90,2,5,3.64,3.99,1.28,112.9,103.4,3.13,19,두산
366,함덕주,2.95,62,0,0,0,6,3,27,3,67.0,23,22,293,58,9,1,4,37,3,4,75,0,4,2.96,4.07,1.42,171.0,124.8,1.58,18,두산
367,홍건희,2.92,65,0,0,0,6,6,3,17,74.1,23,23,303,65,11,0,3,27,0,0,82,1,7,2.78,2.74,1.24,154.9,158.9,0.6,21,두산
368,후랭코프,2.59,22,0,0,22,9,8,0,0,117.1,48,47,495,110,20,2,5,30,1,13,111,1,2,3.61,3.14,1.19,113.9,130.4,0.48,19,두산
369,김강률,2.49,50,0,0,0,3,0,21,3,51.2,15,12,230,54,7,2,2,25,4,1,41,0,4,2.09,3.53,1.53,206.4,124.0,1.8,21,두산
370,이영하,2.02,42,0,0,19,5,11,6,0,132.0,78,68,605,148,26,1,9,66,3,5,85,1,4,4.64,4.7,1.62,99.9,99.1,-1.97,20,두산
371,스탁,1.87,15,0,0,15,7,4,0,0,90.2,36,31,384,86,13,0,4,43,0,3,78,0,3,3.08,3.7,1.42,125.4,104.7,0.14,22,두산
372,박치국,1.72,67,0,0,0,1,5,3,17,67.0,30,27,293,80,13,0,5,15,4,9,60,1,1,3.63,3.91,1.42,139.4,129.6,0.27,18,두산
373,윤명준,1.62,69,0,0,0,6,2,1,14,68.1,23,20,279,63,14,0,3,20,2,3,40,0,7,2.63,3.73,1.22,155.8,110.3,0.36,19,두산
374,박치국,1.46,63,0,0,0,4,4,0,6,71.2,34,23,317,65,12,2,5,34,4,5,66,0,1,2.89,4.09,1.38,160.4,113.5,-0.27,20,두산
375,이용찬,1.35,26,0,0,26,7,10,0,0,148.1,75,67,651,168,28,2,15,45,3,6,102,0,3,4.07,4.31,1.44,101.0,93.9,0.09,19,두산
376,함덕주,1.34,36,0,0,6,5,1,10,2,55.1,25,24,240,55,7,0,2,21,2,0,55,0,7,3.9,3.07,1.37,118.7,152.5,-0.39,20,두산
377,곽빈,1.34,21,0,0,21,4,7,0,0,98.2,50,45,455,78,17,3,7,79,0,12,96,1,6,4.1,5.08,1.59,105.1,85.6,-0.3,21,두산
378,이영하,1.32,40,0,0,17,10,3,0,2,122.2,75,72,555,140,28,5,15,54,1,9,90,0,8,5.28,5.47,1.58,95.7,92.1,-1.25,18,두산
379,최원준,1.29,34,0,0,3,1,2,1,4,54.1,17,16,228,52,12,1,1,16,1,4,38,0,1,2.65,3.29,1.25,154.9,125.5,-0.23,19,두산
380,김승회,1.21,55,0,0,0,3,4,3,11,54.2,26,21,242,54,11,0,6,23,1,5,34,0,3,3.46,5.5,1.41,146.2,91.9,-0.58,18,두산
381,이형범,1.21,67,0,0,0,6,3,19,10,61.0,25,18,258,57,6,0,4,19,2,9,31,0,2,2.66,4.52,1.25,154.6,90.5,1.23,19,두산
382,김명신,1.18,30,0,0,0,1,1,0,3,41.0,11,11,163,32,2,0,3,13,0,1,28,0,2,2.41,3.93,1.1,159.8,97.6,-0.13,22,두산
383,김강률,1.04,65,0,0,0,5,0,6,11,76.0,42,39,317,72,10,0,7,24,1,3,81,0,6,4.62,3.93,1.26,109.4,128.3,1.51,18,두산
384,김승회,1.0,55,0,0,0,3,3,3,7,58.2,24,20,250,57,12,3,1,16,1,2,46,0,5,3.07,2.93,1.24,133.8,141.4,0.3,19,두산
385,최원준,0.9,13,0,0,13,4,5,0,0,72.2,34,24,305,74,12,0,9,13,0,1,54,0,1,2.97,4.02,1.2,129.8,94.1,0.05,22,두산
386,홍건희,0.86,50,0,0,0,3,4,1,8,56.2,31,30,251,63,12,1,5,20,0,5,51,0,3,4.76,4.23,1.47,97.2,109.3,-0.59,20,두산
387,함덕주,0.82,61,0,0,0,2,5,16,7,54.2,24,21,236,39,7,1,6,34,4,1,48,0,2,3.46,4.78,1.34,118.7,84.8,1.14,19,두산
388,이승진,0.73,47,0,0,0,1,4,2,13,48.1,24,21,210,41,3,0,3,31,2,2,28,2,2,3.91,4.91,1.49,110.3,88.8,0.25,21,두산
389,김민규,0.64,29,0,0,4,1,2,1,0,53.1,30,29,231,47,14,0,3,22,2,3,54,0,1,4.89,3.56,1.29,94.7,130.7,0.19,20,두산
390,곽빈,0.64,13,0,0,13,3,6,0,0,68.1,35,29,304,59,13,0,6,39,0,5,62,0,5,3.82,4.58,1.43,101.0,83.7,-0.04,22,두산
391,김명신,0.57,58,0,0,1,3,2,0,2,67.0,37,32,289,72,14,3,6,14,1,6,43,0,1,4.3,4.06,1.28,100.3,105.9,-0.19,21,두산
392,채지선,0.46,37,0,0,0,1,0,0,2,33.0,18,18,158,34,3,1,3,24,1,5,34,0,11,4.91,5.22,1.76,94.4,88.7,-0.09,20,두산
393,윤명준,0.39,42,0,0,0,0,0,2,7,40.0,24,22,180,49,6,1,4,12,1,1,20,0,1,4.95,4.76,1.53,93.6,97.2,0.42,20,두산
394,이승진,0.39,33,0,0,5,2,4,0,5,51.1,33,32,228,55,12,2,3,22,1,2,54,0,0,5.61,3.56,1.5,82.6,130.7,-0.66,20,두산
395,박치국,0.36,61,0,0,0,2,2,3,14,52.0,26,26,229,64,14,1,5,14,2,5,35,0,3,4.5,4.29,1.5,91.2,94.6,-1.07,19,두산
396,이현승,0.35,39,0,0,0,1,0,0,6,30.2,18,17,140,39,9,2,4,14,1,1,21,0,0,4.99,5.53,1.73,101.3,91.0,0.02,18,두산
397,정철원,0.34,21,0,0,0,2,2,0,7,26.0,12,12,107,23,3,1,3,8,2,2,16,0,1,4.15,4.51,1.19,92.9,84.4,0.12,22,두산
398,이현호,0.27,15,0,0,2,0,0,1,0,28.0,19,19,134,37,6,0,4,13,0,1,23,0,1,6.11,5.55,1.79,82.8,90.4,-0.15,18,두산
399,이현승,0.25,62,0,0,0,2,1,2,9,42.1,27,25,195,48,9,2,2,21,0,2,42,1,3,5.31,3.82,1.63,87.2,122.4,-0.55,20,두산
400,배영수,0.21,37,0,0,0,1,2,0,0,45.1,25,23,194,50,11,1,4,11,2,3,10,1,3,4.57,4.9,1.35,89.9,83.2,-0.6,19,두산
401,박종기,0.19,8,0,0,5,1,2,0,0,26.0,16,16,117,30,6,0,3,14,0,0,20,0,1,5.54,5.13,1.69,83.6,89.9,0.11,20,두산
402,윤명준,0.17,45,0,0,0,1,0,0,1,45.2,28,24,208,53,6,0,3,20,2,4,26,1,1,4.73,4.49,1.6,91.2,96.7,-0.44,21,두산
403,홍건희,0.17,29,0,0,0,1,4,5,9,32.2,17,14,141,29,5,0,2,13,2,2,27,0,4,3.86,3.66,1.29,100.0,105.3,0.77,22,두산
404,유희관,0.15,27,0,0,27,10,11,0,0,136.1,91,76,622,190,37,5,14,39,4,3,56,0,1,5.02,4.91,1.68,92.3,94.3,-2.34,20,두산
405,박신지,0.04,16,0,0,3,1,1,0,0,26.0,15,15,129,29,5,0,2,17,0,2,19,0,2,5.19,5.05,1.77,74.3,76.2,-0.34,22,두산
406,이현호,-0.01,16,0,0,8,1,0,0,0,40.1,25,23,191,51,8,1,2,19,0,1,22,1,2,5.13,4.44,1.74,80.0,92.3,-0.51,19,두산
407,이영하,-0.01,14,0,0,14,6,4,0,0,74.2,44,35,337,81,12,0,4,34,1,4,65,0,5,4.22,3.76,1.54,91.5,102.5,-0.56,22,두산
408,김강률,-0.16,30,0,0,0,2,2,0,0,28.0,22,11,141,36,6,2,1,20,0,4,28,0,0,3.54,4.59,2.0,131.0,102.1,-0.3,20,두산
409,권혁,-0.21,57,0,0,0,2,2,1,11,36.2,23,20,155,36,7,0,3,7,0,2,21,0,0,4.91,4.06,1.17,83.6,100.2,0.02,19,두산
410,박종기,-0.23,22,0,0,5,0,4,0,0,59.2,42,38,274,69,10,1,3,29,0,3,33,0,3,5.73,4.49,1.64,75.3,97.3,-1.66,21,두산
411,김민규,-0.23,31,0,0,6,2,3,0,1,56.1,40,38,262,64,10,0,9,28,0,4,39,0,3,6.07,5.73,1.63,71.0,74.4,-0.67,21,두산
412,이영하,-0.28,35,0,0,11,5,6,1,2,78.2,58,55,364,81,18,0,9,57,0,1,53,0,7,6.29,5.68,1.75,68.5,75.8,-1.63,21,두산
413,최승용,-0.29,20,0,0,8,2,4,0,2,42.1,29,28,191,51,7,3,3,16,0,2,24,1,1,5.95,4.38,1.58,64.8,87.7,-0.34,22,두산
414,곽빈,-0.36,32,0,0,0,3,1,1,4,31.0,26,26,154,44,10,0,6,17,0,3,26,0,0,7.55,6.61,1.97,67.0,75.6,-0.11,18,두산
415,이형범,-0.39,27,0,0,0,1,2,1,1,25.2,22,22,122,30,6,0,5,16,2,2,13,0,1,7.71,6.95,1.79,60.1,65.9,-2.18,20,두산
416,유희관,-0.53,29,0,0,28,10,10,0,0,141.0,108,105,650,197,41,3,23,42,0,4,81,0,1,6.7,5.78,1.7,75.4,86.5,-2.73,18,두산
417,이용찬,-0.54,5,0,0,5,1,3,0,0,26.2,25,25,125,41,8,0,7,6,0,0,15,0,1,8.44,6.52,1.76,54.9,69.2,-0.74,20,두산
418,유희관,-1.48,15,0,0,15,4,7,0,0,63.0,57,54,314,107,14,3,10,24,0,3,23,0,0,7.71,5.95,2.08,55.9,71.8,-1.98,21,두산
419,장원준,-2.19,24,0,0,16,3,7,0,2,71.2,81,79,349,101,19,0,12,33,0,11,46,0,3,9.92,6.57,1.87,51.0,76.4,-3.12,18,두산
420,스트레일리,7.53,31,0,0,31,15,4,0,0,194.2,61,54,777,148,27,2,10,51,0,7,205,0,4,2.5,3.01,1.02,195.1,159.0,3.84,20,롯데
421,레일리,4.08,30,0,0,30,5,14,0,0,181.0,88,78,791,191,32,4,10,65,1,8,140,1,10,3.88,3.77,1.41,108.1,111.1,0.2,19,롯데
422,박세웅,4.01,28,1,1,28,10,9,0,0,163.0,75,72,685,141,24,0,20,53,0,10,125,0,17,3.98,4.55,1.19,114.3,98.1,-0.23,21,롯데
423,노경은,3.41,33,0,0,19,9,6,0,0,132.1,65,60,547,127,24,3,18,30,1,4,89,0,1,4.08,5.0,1.19,127.8,104.5,0.27,18,롯데
424,스트레일리,3.02,31,0,0,31,10,12,0,0,165.2,85,75,714,162,25,2,12,66,0,8,164,1,8,4.07,3.63,1.38,111.5,122.8,0.14,21,롯데
425,레일리,2.95,30,0,0,30,11,13,0,0,178.1,106,94,775,180,34,4,24,54,1,18,178,2,4,4.74,4.78,1.31,109.9,109.3,-1.94,18,롯데
426,듀브론트,2.33,25,0,0,25,6,9,0,0,137.1,82,75,629,162,29,2,13,62,1,8,109,3,10,4.92,4.98,1.63,106.1,104.8,-1.66,18,롯데
427,김원중,2.26,61,0,0,0,4,4,35,0,62.2,26,25,268,50,8,0,6,28,4,3,64,0,8,3.59,3.83,1.25,126.6,116.5,2.2,21,롯데
428,손승락,2.24,57,0,0,0,3,5,28,0,57.2,26,25,250,53,13,0,1,20,4,1,60,0,2,3.9,2.86,1.27,133.7,182.5,0.69,18,롯데
429,구승민,2.2,64,0,0,0,7,4,0,14,73.2,33,30,307,62,15,0,12,31,6,3,75,1,2,3.67,5.06,1.26,142.3,103.6,-0.26,18,롯데
430,박세웅,2.02,28,0,0,28,8,10,0,0,147.1,85,77,658,177,27,2,20,47,0,8,108,0,13,4.7,4.97,1.52,103.6,96.5,-1.77,20,롯데
431,반즈,1.95,16,0,0,16,7,5,0,0,101.0,42,32,424,93,17,3,5,22,1,11,88,0,2,2.85,3.17,1.14,139.1,123.3,0.24,22,롯데
432,최준용,1.94,44,0,0,0,4,2,1,20,47.1,16,15,195,41,7,0,6,16,3,1,45,0,1,2.85,3.97,1.2,159.4,112.5,2.28,21,롯데
433,구승민,1.94,57,0,0,0,5,2,0,20,60.1,25,24,238,40,9,0,8,26,2,0,58,0,1,3.58,4.55,1.09,136.1,105.5,0.94,20,롯데
434,진명호,1.88,60,0,0,0,3,2,0,9,63.1,24,24,273,56,12,0,4,35,4,1,51,0,3,3.41,4.13,1.44,122.9,101.2,0.68,19,롯데
435,노경은,1.7,25,1,0,24,5,10,0,0,133.0,76,72,574,139,31,1,19,40,2,3,77,0,3,4.87,5.18,1.35,100.0,92.7,-0.54,20,롯데
436,오현택,1.64,72,0,0,0,3,2,0,25,64.2,32,27,268,66,9,0,11,12,0,3,63,1,2,3.76,4.79,1.21,138.8,109.3,0.11,18,롯데
437,김원중,1.61,58,0,0,0,5,4,25,0,59.1,29,26,249,52,14,1,8,23,5,0,57,0,1,3.94,4.3,1.26,123.5,111.8,-0.63,20,롯데
438,박세웅,1.59,14,0,0,14,5,5,0,0,86.1,38,34,355,87,16,2,4,16,1,4,84,0,3,3.54,2.64,1.19,111.9,148.1,0.4,22,롯데
439,구승민,1.44,33,0,0,0,0,1,0,9,27.1,5,5,116,19,5,0,0,16,1,0,37,0,2,1.65,2.26,1.28,240.8,173.4,0.97,22,롯데
440,이인복,1.31,25,0,0,8,3,0,0,1,61.1,31,28,271,75,17,3,5,14,1,5,45,0,0,4.11,3.81,1.45,110.6,117.3,0.08,21,롯데
441,구승민,1.27,68,0,0,0,6,5,0,20,62.1,30,30,262,47,7,2,5,31,0,4,65,1,4,4.33,3.97,1.25,104.9,112.4,0.3,21,롯데
442,진명호,1.19,60,0,0,0,5,4,1,9,61.2,34,30,282,53,19,0,7,46,6,1,65,0,3,4.38,5.2,1.61,119.1,100.7,-0.14,18,롯데
443,장시환,1.18,27,0,0,27,6,13,0,0,125.1,78,69,570,147,29,1,12,58,1,2,109,0,17,4.95,4.32,1.64,84.6,97.2,-0.61,19,롯데
444,김대우,1.15,46,0,0,1,0,1,0,0,49.1,22,17,216,48,11,0,1,26,1,2,43,1,5,3.1,3.72,1.5,157.1,128.4,-0.94,20,롯데
445,박시영,1.05,43,0,0,6,1,1,0,4,61.2,30,29,262,51,10,1,5,27,0,4,60,0,7,4.23,4.02,1.27,99.1,104.3,0.73,19,롯데
446,오현택,1.04,48,0,0,0,3,1,0,7,36.0,15,15,152,37,6,1,5,8,1,2,17,0,1,3.75,5.17,1.25,129.9,92.9,0.1,20,롯데
447,최준용,1.03,31,0,0,0,1,4,14,2,35.2,14,14,147,26,5,0,4,11,1,2,46,0,3,3.53,3.21,1.04,112.2,120.9,0.69,22,롯데
448,박세웅,0.98,12,0,0,12,3,6,0,0,60.0,33,28,263,66,12,3,3,23,0,0,44,0,4,4.2,3.74,1.48,99.8,112.2,-0.45,19,롯데
449,이인복,0.97,47,0,0,1,1,4,0,2,45.1,22,20,199,57,9,0,2,12,1,1,21,0,2,3.97,4.0,1.52,122.7,119.7,-1.01,20,롯데
450,이인복,0.95,15,0,0,13,6,7,0,1,76.1,37,34,321,84,14,0,4,17,0,3,49,0,2,4.01,3.5,1.32,98.9,111.5,0.11,22,롯데
451,김건국,0.9,37,0,0,5,3,3,0,3,66.2,34,33,293,73,8,1,5,27,0,6,43,0,3,4.46,4.57,1.5,94.1,91.6,-0.27,19,롯데
452,손승락,0.85,53,0,0,0,4,3,9,2,52.2,27,23,233,54,9,1,3,19,3,3,44,0,2,3.93,3.56,1.39,106.7,117.4,-1.04,19,롯데
453,톰슨,0.82,11,1,1,11,2,3,0,0,62.2,35,33,267,54,8,1,4,23,0,5,60,0,8,4.74,3.66,1.23,88.5,114.4,-0.26,19,롯데
454,나균안,0.78,20,0,0,4,1,3,0,2,52.0,25,24,222,55,18,1,1,17,1,1,57,0,3,4.15,2.36,1.39,95.5,166.0,-0.48,22,롯데
455,박진형,0.76,41,0,0,0,2,1,5,5,40.1,19,18,169,40,3,0,6,11,3,0,40,0,5,4.02,3.95,1.26,104.4,106.5,-1.02,19,롯데
456,프랑코,0.76,37,0,0,27,9,8,0,1,150.0,97,90,677,147,31,2,20,75,0,20,124,1,6,5.4,5.31,1.48,84.2,84.1,-1.27,21,롯데
457,김건국,0.7,32,0,0,0,3,2,0,1,31.2,14,14,139,30,5,2,2,9,0,3,31,0,4,3.98,3.56,1.23,122.4,134.6,-0.22,20,롯데
458,고효준,0.7,75,0,0,0,2,7,0,15,62.1,34,33,280,58,13,1,6,36,6,3,72,0,11,4.76,3.93,1.51,88.0,106.2,-1.37,19,롯데
459,다익손,0.66,17,0,0,16,3,8,0,0,83.2,52,46,369,99,10,1,8,22,1,4,59,1,3,4.95,4.13,1.45,84.7,101.6,-0.96,19,롯데
460,서준원,0.63,33,0,0,16,4,11,0,0,97.0,61,59,443,117,25,1,10,38,0,11,60,1,1,5.47,5.02,1.6,76.6,83.5,-0.84,19,롯데
461,윤길현,0.62,32,0,0,0,1,2,0,4,33.0,18,17,145,33,6,2,4,15,0,0,29,0,2,4.64,5.02,1.46,112.5,104.4,-0.34,18,롯데
462,서준원,0.56,31,0,0,20,7,6,0,0,107.2,71,62,480,130,18,0,16,31,1,5,60,0,3,5.18,5.35,1.5,94.0,89.8,-1.13,20,롯데
463,최준용,0.54,31,0,0,0,0,2,0,8,29.2,16,16,130,31,7,1,3,11,4,2,26,0,3,4.85,4.03,1.42,100.4,119.1,-0.75,20,롯데
464,장시환,0.48,32,0,0,0,1,0,0,2,36.2,23,19,174,39,4,2,5,19,0,3,44,0,2,4.66,5.01,1.58,111.8,104.6,-0.14,18,롯데
465,윤성빈,0.39,18,0,0,10,2,5,0,0,50.2,36,36,235,51,12,0,5,36,0,3,65,0,5,6.39,4.86,1.72,81.6,107.7,-0.98,18,롯데
466,박진형,0.38,53,0,0,0,1,4,0,17,42.2,27,27,194,56,15,2,7,13,2,4,50,0,3,5.7,4.4,1.62,85.5,109.3,-1.18,20,롯데
467,송승준,0.35,22,0,0,15,3,4,0,0,79.0,58,54,361,93,23,2,8,35,0,4,68,0,5,6.15,4.91,1.62,84.8,106.4,-2.06,18,롯데
468,샘슨,0.3,25,0,0,25,9,12,0,0,130.0,87,78,590,167,25,1,14,36,0,6,87,2,8,5.4,4.59,1.56,90.2,104.6,-1.07,20,롯데
469,정성종,0.19,32,0,0,0,1,1,0,0,49.2,33,30,231,64,10,1,6,24,3,4,24,0,4,5.44,5.52,1.77,77.1,75.9,-0.09,19,롯데
470,김유영,0.17,34,0,0,0,2,1,0,11,26.0,14,12,125,34,9,0,0,13,2,2,24,0,2,4.15,2.97,1.81,95.5,131.6,-0.41,22,롯데
471,스파크맨,0.13,13,0,0,13,2,2,0,0,57.2,34,31,260,60,11,0,3,33,1,3,63,0,4,4.84,3.63,1.61,82.0,107.5,-0.13,22,롯데
472,김진욱,0.13,39,0,0,5,4,6,0,8,45.2,32,32,227,42,9,0,3,49,3,3,45,0,15,6.31,5.44,1.99,72.1,82.0,-1.26,21,롯데
473,김대우,0.12,39,0,0,0,2,2,0,9,35.1,22,20,160,32,7,0,4,24,0,4,31,0,5,5.09,5.43,1.59,89.2,82.3,-0.71,21,롯데
474,김진욱,0.11,8,0,0,8,2,2,0,0,34.2,20,19,155,24,4,0,2,20,0,6,38,0,3,4.93,4.13,1.27,80.4,94.8,-0.19,22,롯데
475,김도규,0.1,43,0,0,0,2,1,0,5,42.0,28,27,182,41,5,1,3,22,1,0,39,0,2,5.79,3.9,1.5,78.6,114.2,0.51,21,롯데
476,이명우,0.05,59,0,0,1,0,1,0,2,44.0,36,26,200,59,15,0,1,9,1,0,25,0,3,5.32,3.54,1.55,98.1,147.4,-0.9,18,롯데
477,이승헌,0.05,8,0,0,8,3,2,0,0,36.2,25,19,157,34,2,1,1,11,1,2,34,1,2,4.66,3.04,1.23,104.5,157.3,-0.3,20,롯데
478,김원중,0.02,30,0,0,30,8,7,0,0,145.1,115,112,681,173,37,2,28,77,1,11,137,0,7,6.94,6.25,1.72,75.2,83.7,-2.69,18,롯데
479,이승헌,-0.0,16,0,0,12,0,3,0,0,57.2,39,37,278,65,10,0,2,43,0,7,32,1,11,5.77,5.28,1.87,78.7,84.6,-0.93,21,롯데
480,진명호,-0.02,37,0,0,0,0,1,0,2,31.1,25,25,146,29,5,1,3,22,0,2,32,0,1,7.18,5.06,1.63,67.8,94.7,-1.29,20,롯데
481,최영환,-0.05,20,0,0,7,1,2,0,0,40.2,30,28,181,45,10,0,4,24,0,2,28,0,4,6.2,5.15,1.7,73.3,86.7,-0.58,21,롯데
482,고효준,-0.14,43,0,0,0,2,3,0,7,32.1,27,25,153,33,8,1,3,23,0,0,39,0,5,6.96,4.76,1.73,75.0,110.1,-0.59,18,롯데
483,나균안,-0.22,23,0,0,7,1,2,1,1,46.1,36,33,223,62,13,0,4,24,0,0,27,1,1,6.41,4.84,1.86,70.9,92.1,-0.74,21,롯데
484,박시영,-0.34,36,0,0,0,1,1,0,1,30.1,27,27,145,32,7,0,5,23,0,1,21,0,1,8.01,6.69,1.81,60.8,71.7,-1.17,20,롯데
485,박시영,-0.36,21,0,0,1,0,0,0,0,26.1,27,25,129,35,6,1,6,14,0,1,19,0,5,8.54,7.06,1.86,61.0,74.1,-0.35,18,롯데
486,김원중,-0.36,28,0,0,17,5,10,0,1,102.1,75,65,485,127,21,1,13,47,1,6,93,0,6,5.72,4.76,1.7,73.3,88.2,-2.18,19,롯데
487,장원삼,-0.42,13,0,0,4,0,3,0,0,34.0,32,29,160,49,8,0,6,10,1,3,15,0,0,7.68,6.03,1.74,63.5,79.7,-1.2,20,롯데
488,서준원,-0.65,26,0,0,8,1,3,0,3,54.0,46,44,257,72,13,2,5,29,3,2,37,0,1,7.33,4.72,1.87,62.0,94.4,-1.07,21,롯데
489,노경은,-0.8,14,0,0,11,3,5,0,0,56.1,50,46,269,79,16,1,11,24,0,4,35,0,3,7.35,6.12,1.83,61.8,73.1,-1.9,21,롯데
490,구승민,-0.83,41,0,0,0,1,4,2,6,36.0,29,25,180,45,5,0,5,21,6,3,43,0,7,6.25,4.32,1.83,67.1,96.6,-2.01,19,롯데
491,박세웅,-1.2,14,0,0,12,1,5,0,0,49.0,54,54,258,83,20,2,10,29,0,4,40,0,3,9.92,6.87,2.29,52.6,76.1,-2.21,18,롯데
492,백정현,5.28,27,0,0,27,14,5,0,0,157.2,54,46,648,142,25,1,15,54,2,2,109,0,5,2.63,4.21,1.24,171.9,107.3,1.78,21,삼성
493,원태인,4.76,26,0,0,26,14,7,0,0,158.2,59,54,655,147,32,1,11,51,1,5,129,1,5,3.06,3.65,1.25,147.4,123.4,2.41,21,삼성
494,뷰캐넌,4.68,27,1,0,27,15,7,0,0,174.2,71,67,728,172,19,2,16,50,0,7,121,0,2,3.45,4.34,1.27,142.1,112.2,1.62,20,삼성
495,뷰캐넌,4.55,30,1,1,30,16,5,0,0,177.0,71,61,758,173,25,4,13,59,2,2,162,0,7,3.1,3.46,1.31,145.5,130.3,1.66,21,삼성
496,최채흥,3.35,26,1,1,26,11,6,0,0,146.0,67,58,617,131,27,1,12,51,0,7,123,3,3,3.58,4.13,1.25,137.2,117.7,1.32,20,삼성
497,뷰캐넌,3.17,15,1,1,15,6,4,0,0,96.2,30,26,411,98,17,0,4,23,0,5,77,0,2,2.42,3.13,1.25,164.6,125.8,1.57,22,삼성
498,오승환,3.03,64,0,0,0,0,2,44,0,62.0,17,14,252,56,15,3,3,16,3,2,57,0,2,2.03,2.85,1.16,222.1,157.9,4.31,21,삼성
499,최충연,2.98,70,0,0,0,2,6,8,16,85.0,34,34,344,73,16,2,6,26,1,2,101,0,8,3.6,3.33,1.17,147.3,156.2,1.49,18,삼성
500,아델만,2.81,31,0,0,31,8,12,0,0,171.0,101,96,758,202,39,1,20,54,0,11,137,1,7,5.05,4.89,1.5,105.0,107.1,-1.15,18,삼성
501,라이블리,2.68,21,0,0,21,6,7,0,0,112.0,54,53,478,98,16,1,11,39,0,12,95,0,2,4.26,4.5,1.22,115.2,108.2,-0.19,20,삼성
502,오승환,2.62,45,0,0,0,3,2,18,2,47.2,14,14,201,44,10,1,2,15,0,2,39,0,1,2.64,3.53,1.24,185.6,136.4,1.82,20,삼성
503,백정현,2.34,25,0,0,23,7,7,1,0,125.2,68,64,540,142,27,2,18,36,0,3,99,0,2,4.58,5.05,1.42,115.7,104.1,-0.87,18,삼성
504,수아레즈,2.27,14,0,0,14,3,5,0,0,80.2,28,21,334,71,9,0,3,23,0,2,70,0,2,2.34,3.0,1.17,170.1,131.3,1.18,22,삼성
505,백정현,2.07,28,1,1,27,8,10,0,0,157.0,85,74,677,158,29,4,17,56,0,6,82,0,4,4.24,4.95,1.36,102.3,86.3,-0.65,19,삼성
506,우규민,1.99,54,0,0,0,2,7,15,7,59.0,20,18,247,58,3,0,7,10,1,6,40,0,0,2.75,4.35,1.15,158.0,98.4,0.96,19,삼성
507,심창민,1.86,59,0,0,0,5,2,17,5,66.1,32,30,284,57,9,2,12,22,2,9,68,0,1,4.07,5.45,1.19,130.3,96.7,1.28,18,삼성
508,보니야,1.77,29,0,0,29,7,10,0,0,168.0,111,99,752,193,40,2,23,63,1,12,151,1,9,5.3,5.14,1.52,100.0,102.2,-1.92,18,삼성
509,장필준,1.74,61,0,0,0,3,3,11,15,69.2,29,28,302,64,12,1,7,33,3,3,53,0,4,3.62,4.61,1.39,120.0,92.5,0.79,19,삼성
510,이승현,1.61,65,0,0,0,1,2,0,14,54.1,22,21,226,45,7,1,11,25,1,0,52,0,2,3.48,5.6,1.29,141.0,88.2,0.25,20,삼성
511,원태인,1.55,12,0,0,12,3,5,0,0,75.1,32,30,321,76,12,1,4,26,3,1,54,0,3,3.58,3.53,1.35,111.2,112.1,0.63,22,삼성
512,최채흥,1.55,26,1,0,20,5,9,0,2,122.1,66,62,538,143,21,2,16,37,1,2,82,1,4,4.56,4.62,1.47,99.0,98.3,-0.37,21,삼성
513,원태인,1.51,27,0,0,26,6,10,0,0,140.0,84,76,626,162,32,1,19,56,2,5,78,0,6,4.89,5.47,1.56,100.4,89.4,-1.23,20,삼성
514,장필준,1.49,61,0,0,0,5,5,6,13,66.1,35,32,290,65,15,1,6,25,2,6,74,0,0,4.34,4.09,1.36,122.2,127.5,-0.78,18,삼성
515,양창섭,1.42,19,0,0,17,7,6,0,0,87.1,52,49,400,100,22,0,12,34,0,10,49,1,3,5.05,6.01,1.53,105.0,87.4,-0.72,18,삼성
516,우규민,1.39,48,0,0,0,4,1,0,10,58.2,28,28,246,70,12,0,6,12,1,5,48,0,0,4.3,4.34,1.4,123.5,120.6,-0.22,18,삼성
517,이승현,1.16,34,0,0,0,2,1,0,8,37.0,11,8,147,28,3,0,2,11,0,1,31,0,2,1.95,3.4,1.05,223.0,124.8,0.36,19,삼성
518,라이블리,1.1,9,1,1,9,4,4,0,0,57.0,26,25,236,51,9,4,4,13,0,5,58,0,0,3.95,3.23,1.12,109.9,132.1,0.25,19,삼성
519,권오준,1.06,47,0,0,0,3,1,1,2,43.1,21,19,189,43,7,0,7,12,0,3,52,0,2,3.95,4.57,1.27,134.4,115.0,-0.11,18,삼성
520,임현준,1.05,51,0,0,0,1,1,0,5,25.1,7,5,109,24,3,0,2,7,1,6,18,0,1,1.78,4.58,1.22,276.1,106.2,0.42,20,삼성
521,최지광,1.03,63,0,0,0,3,8,2,10,68.0,33,31,303,64,9,3,4,40,3,5,60,0,3,4.1,4.26,1.53,105.8,99.5,-0.71,19,삼성
522,우규민,1.02,60,0,0,0,3,3,2,24,49.0,22,18,213,58,4,1,5,9,1,2,35,0,1,3.31,3.84,1.37,136.5,118.1,-0.84,21,삼성
523,오승환,0.93,27,0,0,0,2,0,17,1,28.0,10,8,122,30,5,0,2,7,0,1,29,0,1,2.57,3.03,1.32,155.0,130.9,1.92,22,삼성
524,원태인,0.85,26,0,0,20,4,8,0,2,112.0,65,60,493,119,26,3,12,39,0,5,68,2,6,4.82,4.76,1.41,90.0,89.7,-1.59,19,삼성
525,최지광,0.85,51,0,0,0,1,3,0,15,44.1,24,24,199,34,5,0,2,31,4,3,45,0,5,4.87,4.14,1.47,100.7,116.9,-0.54,20,삼성
526,윤성환,0.82,27,1,1,27,8,13,0,0,145.1,87,77,643,168,34,3,14,50,0,7,65,0,3,4.77,4.94,1.5,91.0,86.3,-1.05,19,삼성
527,김윤수,0.82,61,0,0,0,3,5,0,12,58.0,34,30,266,66,9,0,6,31,3,1,41,0,7,4.66,4.99,1.67,105.4,97.8,-1.34,20,삼성
528,최채흥,0.78,8,0,0,4,4,1,0,0,28.0,11,10,120,30,5,1,5,8,0,1,25,0,0,3.21,5.33,1.36,165.0,98.9,0.06,18,삼성
529,맥과이어,0.76,21,1,1,21,4,8,0,0,112.1,68,63,512,119,24,3,13,66,0,6,100,2,3,5.05,5.05,1.65,86.0,84.7,-0.37,19,삼성
530,임현준,0.72,71,0,0,0,1,0,0,8,42.1,19,16,177,34,9,1,2,12,0,3,35,0,0,3.4,3.43,1.09,127.6,123.7,0.45,19,삼성
531,라이블리,0.66,7,0,0,7,0,1,0,0,33.1,16,15,140,23,6,0,4,13,0,5,38,0,0,4.05,4.23,1.08,111.5,107.0,0.33,21,삼성
532,임현준,0.64,40,0,0,0,0,1,0,3,27.2,12,12,116,20,4,1,3,11,1,5,26,0,0,3.9,4.99,1.12,135.9,104.8,0.18,18,삼성
533,김대우,0.63,28,0,0,9,3,7,0,1,77.2,49,44,350,95,17,1,9,26,0,6,37,1,1,5.1,5.35,1.56,96.2,91.3,-0.91,20,삼성
534,김승현,0.56,28,0,0,0,1,3,0,2,32.1,18,16,158,48,8,1,3,15,2,5,29,0,3,4.45,4.92,1.95,119.1,106.3,-0.83,18,삼성
535,허윤동,0.56,11,0,0,11,2,1,0,0,45.0,26,24,204,43,10,0,4,31,0,2,18,1,0,4.8,6.11,1.64,102.2,79.3,-0.21,20,삼성
536,정인욱,0.49,19,0,0,0,1,0,0,0,31.0,17,12,137,31,7,1,3,9,0,3,27,0,1,3.48,4.51,1.29,152.3,115.9,-0.1,18,삼성
537,최지광,0.35,60,0,0,0,7,1,0,14,51.1,30,28,231,53,11,2,5,27,0,2,49,0,2,4.91,4.38,1.56,91.9,102.9,0.15,21,삼성
538,노성호,0.34,45,0,0,0,2,3,0,10,36.1,23,18,166,28,5,0,3,29,1,2,34,0,7,4.46,5.23,1.57,110.0,92.7,-0.37,20,삼성
539,최채흥,0.32,28,0,0,15,6,6,0,2,106.2,67,57,478,127,21,5,10,36,1,1,89,0,6,4.81,3.97,1.53,90.2,107.8,-1.21,19,삼성
540,장필준,0.3,31,0,0,2,0,3,0,4,36.0,24,23,170,46,9,0,6,16,0,0,26,0,5,5.75,5.61,1.72,85.3,87.5,-0.94,20,삼성
541,권오준,0.24,43,0,0,0,3,0,0,3,43.0,25,25,187,49,10,1,7,12,0,2,26,0,0,5.23,5.29,1.42,82.9,81.4,-0.18,19,삼성
542,몽고메리,0.21,11,0,0,11,2,5,0,0,52.0,33,31,244,46,5,1,3,38,0,4,55,0,4,5.37,4.39,1.62,84.1,102.0,-0.71,21,삼성
543,장원삼,0.18,8,0,0,8,3,1,0,0,38.0,27,26,173,47,13,1,4,13,0,1,27,0,1,6.16,4.89,1.58,86.1,107.2,-0.43,18,삼성
544,심창민,0.16,59,0,0,0,3,2,0,16,51.1,32,29,238,47,12,0,8,32,0,6,58,1,2,5.08,5.32,1.54,88.8,85.3,-0.43,21,삼성
545,이승현,0.14,41,0,0,0,1,4,0,7,39.1,24,23,174,35,8,0,3,23,0,3,46,0,5,5.26,3.97,1.48,85.8,113.2,-0.32,21,삼성
546,백정현,0.1,11,0,0,11,4,4,0,0,59.0,43,34,258,67,15,2,13,17,0,1,46,0,1,5.19,5.78,1.42,94.6,85.6,-0.87,20,삼성
547,김대우,0.09,44,0,0,0,5,1,0,1,59.2,38,34,253,61,16,2,11,16,0,5,40,0,2,5.13,5.52,1.29,84.6,78.2,-0.42,19,삼성
548,홍정우,0.07,30,0,0,0,0,0,0,1,30.0,23,22,139,37,4,1,5,12,0,1,29,0,1,6.6,5.09,1.63,74.3,96.7,-0.23,20,삼성
549,헤일리,0.0,19,0,0,19,5,8,0,0,87.2,59,56,386,95,12,2,5,34,0,6,84,1,5,5.75,3.6,1.47,75.5,118.1,-1.03,19,삼성
550,우규민,-0.03,52,0,0,0,3,3,7,11,48.0,34,33,210,61,10,1,3,9,1,1,30,0,0,6.19,3.68,1.46,79.3,131.8,0.05,20,삼성
551,한기주,-0.05,33,0,0,1,1,4,0,3,39.0,32,29,183,54,12,1,8,12,0,5,30,1,1,6.69,6.27,1.69,79.3,84.2,-1.22,18,삼성
552,이승민,-0.09,7,0,0,5,1,3,0,0,26.1,21,20,128,34,5,0,5,19,1,0,16,0,0,6.84,6.86,2.01,71.8,71.6,-0.69,20,삼성
553,김대우,-0.39,31,0,0,4,0,2,0,1,51.0,39,36,234,68,18,0,7,15,1,2,27,0,1,6.35,5.0,1.63,71.0,91.0,-1.41,21,삼성
554,김대우,-0.43,8,0,0,7,2,2,0,0,36.1,34,32,176,53,12,2,7,18,0,3,15,0,1,7.93,7.25,1.95,66.9,72.7,-1.1,18,삼성
555,장필준,-0.43,41,0,0,0,0,0,0,2,34.2,30,28,174,46,8,1,4,27,1,1,24,0,4,7.27,5.78,2.11,62.1,78.1,-0.68,21,삼성
556,황동재,-0.51,11,0,0,9,1,2,0,0,44.1,33,27,202,56,12,0,7,18,0,0,37,1,0,5.48,4.92,1.67,72.7,81.8,-0.88,22,삼성
557,윤성환,-0.52,24,0,0,24,5,9,0,0,117.1,99,91,542,164,30,0,28,32,0,9,89,0,2,6.98,6.47,1.67,76.0,81.9,-3.55,18,삼성
558,백정현,-0.54,11,0,0,11,0,7,0,0,61.1,44,43,279,78,11,2,14,19,0,3,32,0,7,6.31,6.32,1.58,63.2,64.1,-1.51,22,삼성
559,이승민,-0.88,11,0,0,11,1,4,0,0,35.2,34,34,173,50,6,1,6,18,0,3,22,0,0,8.58,6.05,1.91,52.6,75.1,-1.17,21,삼성
560,장지훈,-0.98,29,0,0,0,0,1,0,0,27.2,37,31,146,39,4,0,7,21,0,3,24,0,5,10.08,7.71,2.17,48.6,63.9,-1.11,20,삼성
561,최충연,-1.03,34,0,0,2,0,2,1,4,36.2,36,30,194,44,15,1,2,38,1,3,41,0,6,7.36,5.15,2.24,58.9,82.3,-1.22,19,삼성
562,요키시,5.53,27,0,0,27,12,7,0,0,159.2,53,38,640,144,26,3,6,25,0,6,115,1,3,2.14,3.19,1.06,220.3,147.3,3.2,20,키움
563,요키시,4.66,31,0,0,31,16,9,0,0,181.1,71,59,739,171,24,0,12,46,2,4,131,0,9,2.93,3.54,1.2,151.4,122.4,1.62,21,키움
564,요키시,4.23,30,1,1,30,13,9,0,0,181.1,72,63,746,166,33,5,9,39,0,11,141,0,6,3.13,3.32,1.13,132.4,124.5,1.09,19,키움
565,브리검,3.69,28,0,0,28,13,5,0,0,158.1,62,52,669,148,32,2,5,46,0,12,130,1,7,2.96,3.27,1.23,140.0,126.9,1.21,19,키움
566,최원태,3.1,27,0,0,27,11,5,0,0,157.1,68,59,666,165,28,2,5,36,0,5,105,0,5,3.38,3.26,1.28,122.6,127.1,0.6,19,키움
567,요키시,3.02,14,0,0,14,7,4,0,0,89.0,27,24,343,73,16,2,5,9,0,2,84,0,1,2.43,2.53,0.92,159.5,150.6,1.87,22,키움
568,조상우,2.98,53,0,0,0,5,3,33,0,54.1,15,13,232,50,5,0,3,18,2,2,64,0,1,2.15,2.91,1.25,219.1,159.0,1.61,20,키움
569,안우진,2.63,14,0,0,14,8,4,0,0,88.1,28,23,358,67,20,2,1,29,0,1,98,0,4,2.34,2.27,1.09,165.2,169.9,2.06,22,키움
570,김재웅,2.5,35,0,0,0,2,0,0,18,34.2,3,3,136,15,4,0,0,20,1,2,32,0,3,0.78,3.29,1.01,497.0,118.2,2.36,22,키움
571,안우진,2.45,21,0,0,21,7,8,0,0,107.2,47,39,450,88,15,1,13,41,1,7,110,1,5,3.26,4.17,1.2,136.0,102.7,0.55,21,키움
572,브리검,2.4,21,0,0,21,9,5,0,0,107.0,45,43,456,98,7,2,6,42,1,5,105,0,8,3.62,3.61,1.31,130.5,129.1,1.08,20,키움
573,양현,1.77,58,0,0,1,8,3,2,11,60.0,23,22,245,58,9,1,4,17,0,3,33,0,1,3.3,4.32,1.25,143.0,108.3,-0.17,20,키움
574,조상우,1.75,48,0,0,0,2,4,20,8,47.1,15,14,192,45,3,0,3,8,0,2,46,0,1,2.66,2.92,1.12,155.5,141.0,2.1,19,키움
575,김상수,1.73,67,0,0,0,3,5,0,40,56.2,19,18,238,50,6,0,3,28,1,2,60,0,0,2.86,3.51,1.38,144.8,117.7,1.04,19,키움
576,김태훈,1.66,66,0,0,0,4,2,11,15,64.1,26,23,282,60,10,0,1,33,2,1,52,1,3,3.22,3.41,1.45,137.8,128.7,1.35,21,키움
577,오주원,1.6,57,0,0,0,3,3,18,3,54.1,17,14,223,54,7,0,1,7,0,3,41,0,1,2.32,2.69,1.12,178.5,155.1,1.33,19,키움
578,문성현,1.55,31,0,0,0,0,0,5,8,27.2,4,4,104,15,1,0,0,9,0,1,26,0,1,1.3,2.52,0.87,297.5,153.8,1.46,22,키움
579,이승호,1.46,32,0,0,0,2,1,8,6,31.1,8,8,128,27,5,0,2,13,0,2,26,0,4,2.3,3.93,1.28,168.5,97.8,1.52,22,키움
580,브리검,1.44,10,0,0,10,7,3,0,0,61.0,25,20,250,49,8,0,6,26,0,4,49,0,3,2.95,4.48,1.23,150.2,96.4,0.3,21,키움
581,김성민,1.4,50,0,0,0,2,0,0,5,56.1,17,16,230,53,13,1,0,11,0,2,38,0,4,2.56,2.75,1.14,161.9,152.3,1.03,19,키움
582,안우진,1.38,42,0,0,0,2,3,2,13,36.0,12,12,143,20,2,0,3,17,1,0,41,0,2,3.0,3.69,1.03,157.3,124.9,-0.8,20,키움
583,한현희,1.38,18,0,0,15,6,2,0,1,85.2,42,37,372,86,20,0,4,30,0,6,61,0,3,3.89,3.78,1.35,114.1,115.7,0.47,21,키움
584,윤영삼,1.29,54,0,0,0,3,3,1,3,62.2,23,20,254,60,12,2,5,14,1,1,56,0,3,2.87,3.32,1.18,144.1,123.5,-0.41,19,키움
585,양현,1.2,29,0,0,3,1,0,0,1,40.2,10,9,159,31,5,1,1,11,0,1,25,0,0,1.99,3.38,1.03,207.8,123.0,0.55,19,키움
586,조상우,1.19,44,0,0,0,6,5,15,5,44.0,18,17,187,30,5,0,4,19,2,2,47,0,2,3.48,3.67,1.11,127.5,116.9,1.02,21,키움
587,애플러,1.17,14,1,1,14,4,4,0,0,77.2,35,35,328,87,18,1,7,14,0,3,41,0,0,4.06,4.09,1.3,95.4,93.7,0.28,22,키움
588,이승호,1.14,24,0,0,23,6,6,0,0,118.2,71,67,517,132,20,1,15,40,0,5,73,1,3,5.08,5.11,1.45,92.9,90.8,0.23,20,키움
589,한현희,1.09,25,0,0,25,7,9,0,0,135.2,77,75,587,141,20,1,10,37,2,14,109,2,3,4.98,3.99,1.31,94.8,116.8,0.38,20,키움
590,정찬헌,1.02,11,1,1,11,3,3,0,0,56.1,26,25,248,64,11,0,1,15,0,4,28,0,1,3.99,3.58,1.4,111.0,123.2,0.54,21,키움
591,김성민,0.95,47,0,0,0,2,3,1,11,46.2,21,17,218,43,7,0,4,35,2,6,36,0,1,3.28,5.41,1.67,135.2,80.4,0.05,21,키움
592,김재웅,0.95,51,0,0,0,0,1,1,11,53.1,24,21,243,49,2,0,5,33,3,1,47,0,2,3.54,4.53,1.54,125.1,95.2,0.82,21,키움
593,김태훈,0.91,53,0,0,2,7,0,0,10,64.0,34,30,281,70,14,1,1,22,1,5,40,0,3,4.22,3.73,1.44,111.8,127.0,-0.3,20,키움
594,한현희,0.84,61,0,0,0,7,5,0,24,58.0,26,22,251,50,10,1,1,20,1,7,49,1,2,3.41,3.28,1.21,121.2,127.0,-0.45,19,키움
595,이승호,0.77,23,1,1,23,8,5,0,0,122.2,70,61,533,134,27,3,10,51,0,1,82,3,5,4.48,4.4,1.51,92.5,93.5,-0.82,19,키움
596,이영준,0.74,29,0,0,0,1,1,0,1,33.1,11,11,136,39,7,2,0,5,0,0,19,0,0,2.97,2.71,1.32,139.4,154.1,0.7,19,키움
597,최원태,0.73,13,0,0,13,4,3,0,0,62.0,30,24,266,55,16,0,1,23,0,3,43,0,4,3.48,3.4,1.26,111.1,114.1,0.07,22,키움
598,이영준,0.7,52,0,0,0,2,3,0,25,40.0,21,21,176,41,3,0,5,19,0,2,32,1,3,4.73,5.16,1.5,99.9,89.8,0.7,20,키움
599,김동준,0.64,33,0,0,5,8,3,0,2,70.0,36,35,300,77,15,0,5,23,0,0,50,0,3,4.5,3.89,1.43,92.0,105.8,-0.25,19,키움
600,최원태,0.63,21,0,0,21,7,6,0,0,110.0,68,62,478,115,16,1,16,37,2,7,67,0,6,5.07,5.37,1.38,93.0,86.1,-0.64,20,키움
601,임규빈,0.57,33,0,0,0,2,0,0,2,37.2,20,19,162,46,7,0,11,10,0,2,20,0,2,4.54,7.25,1.49,103.9,63.0,-0.2,20,키움
602,최원태,0.54,28,0,0,28,9,11,0,0,143.1,89,73,643,163,21,3,11,53,2,10,93,0,3,4.58,4.31,1.51,96.7,100.8,-0.71,21,키움
603,김재웅,0.51,43,0,0,7,1,4,0,2,59.2,36,31,258,64,18,0,7,23,1,2,51,0,4,4.68,4.58,1.46,100.9,100.9,-1.56,20,키움
604,김선기,0.37,7,0,0,6,3,1,0,0,28.0,13,13,122,27,5,0,2,9,0,4,17,0,2,4.18,4.51,1.29,99.0,91.6,0.07,19,키움
605,신재영,0.37,12,0,0,6,1,0,0,0,29.1,14,12,132,34,14,2,1,9,0,4,21,0,1,3.68,3.74,1.47,112.4,111.0,0.27,19,키움
606,정찬헌,0.25,10,0,0,10,3,3,0,0,46.1,26,26,200,53,12,0,7,13,1,4,14,0,3,5.05,5.72,1.42,76.6,67.0,-0.7,22,키움
607,김동혁,0.24,40,0,0,8,0,5,1,0,82.0,51,47,367,89,21,0,5,34,4,14,30,1,0,5.16,5.0,1.5,85.9,87.6,-1.57,21,키움
608,조성운,0.23,42,0,0,0,1,1,0,1,45.0,30,27,201,48,11,1,6,19,1,2,29,0,2,5.4,5.33,1.49,87.4,86.8,-0.78,20,키움
609,김상수,0.18,60,0,0,0,3,3,5,11,51.1,33,27,226,52,12,0,3,21,1,3,48,0,1,4.73,3.79,1.42,99.7,123.1,-0.11,20,키움
610,한현희,0.09,10,0,0,5,3,2,0,0,31.2,18,17,144,37,14,0,1,11,0,3,26,0,1,4.83,3.41,1.52,80.1,113.3,0.35,22,키움
611,하영민,0.01,28,0,0,0,3,1,0,2,27.0,16,7,118,23,4,1,3,11,0,0,16,0,0,2.33,4.8,1.26,165.9,79.6,0.33,22,키움
612,양현,0.01,45,0,0,0,1,2,0,5,48.0,31,25,225,59,11,0,3,26,4,1,22,0,1,4.69,4.67,1.77,94.6,93.4,-0.52,21,키움
613,안우진,-0.01,19,0,0,15,7,5,0,0,88.1,56,51,395,97,19,1,8,36,0,3,80,1,3,5.2,4.09,1.51,79.6,100.3,-1.19,19,키움
614,조영건,-0.19,20,0,0,10,3,3,0,0,44.1,30,26,207,47,7,1,8,28,1,3,23,1,0,5.28,6.89,1.69,89.4,67.2,-1.02,20,키움
615,김성진,-0.29,45,0,0,0,1,3,0,2,40.2,30,24,185,40,13,0,4,23,2,0,29,0,3,5.31,4.73,1.55,83.5,91.2,-1.01,21,키움
616,김정인,-0.33,11,0,0,6,1,2,0,0,31.2,26,25,151,34,6,1,6,18,0,2,21,0,2,7.11,6.36,1.64,62.4,67.4,-0.79,21,키움
617,김선기,-0.51,21,0,0,7,3,2,0,0,48.1,38,35,224,53,12,0,5,22,0,7,25,1,4,6.52,5.44,1.55,68.0,79.8,-1.4,21,키움
618,이승호,-0.68,38,0,0,3,1,3,0,5,47.1,39,29,224,55,7,1,4,31,2,1,37,0,8,5.51,4.77,1.82,80.4,90.8,-1.15,21,키움
619,윤정현,-0.86,15,0,0,4,0,1,0,0,27.1,32,27,146,54,6,1,3,10,0,2,11,0,1,8.89,5.49,2.34,53.1,84.9,-1.07,20,키움
620,채드벨,4.49,29,0,0,29,11,10,0,0,177.1,73,69,749,169,33,2,14,63,0,10,134,1,8,3.5,4.15,1.31,118.3,100.2,1.53,19,한화
621,서폴드,4.22,31,0,0,31,12,11,0,0,192.1,84,75,810,191,28,4,8,54,1,8,135,0,8,3.51,3.49,1.27,118.0,119.3,1.73,19,한화
622,정우람,3.82,57,0,0,0,4,3,26,0,58.1,11,10,237,57,8,0,4,16,4,1,48,1,2,1.54,3.32,1.25,268.5,125.1,2.59,19,한화
623,킹엄,3.72,25,0,0,25,10,8,0,0,144.0,58,51,591,117,22,0,11,41,1,5,131,2,4,3.19,3.44,1.1,137.4,129.2,1.6,21,한화
624,강재민,3.12,58,0,0,0,2,1,5,13,63.1,16,15,269,51,13,0,2,26,3,5,55,1,1,2.13,3.33,1.22,205.5,133.7,1.1,21,한화
625,샘슨,2.97,30,0,0,29,13,8,0,0,161.2,91,84,703,144,26,1,17,79,0,5,195,2,18,4.68,4.35,1.38,113.3,123.2,-0.7,18,한화
626,김민우,2.93,29,0,0,28,14,10,0,0,155.1,71,69,662,131,23,1,15,76,1,7,125,1,5,4.0,4.56,1.33,109.6,97.7,0.39,21,한화
627,송은범,2.93,68,0,0,0,7,4,1,10,79.1,29,22,341,77,9,1,2,33,2,5,61,0,8,2.5,3.98,1.39,212.3,132.4,0.7,18,한화
628,이태양,2.62,63,0,0,0,4,2,0,12,79.1,30,25,325,66,11,1,10,23,2,4,85,0,4,2.84,4.27,1.12,186.8,125.3,0.95,18,한화
629,박상원,2.44,69,0,0,0,4,2,0,9,60.0,17,14,256,59,13,0,3,21,1,4,62,0,3,2.1,3.62,1.33,252.3,146.8,0.44,18,한화
630,김민우,2.31,26,0,0,25,5,10,0,0,132.2,72,64,593,121,16,1,15,72,3,7,124,2,10,4.34,4.88,1.46,108.9,98.2,-0.68,20,한화
631,윤대경,2.2,55,0,0,0,5,0,0,7,51.0,16,9,225,48,7,0,3,25,3,3,42,0,1,1.59,4.14,1.43,297.7,115.5,0.61,20,한화
632,카펜터,2.01,31,0,0,30,5,12,0,0,170.0,90,75,746,150,21,3,16,72,0,19,179,1,7,3.97,4.06,1.31,110.3,109.7,0.53,21,한화
633,정우람,2.01,55,0,0,0,5,3,35,0,53.0,22,20,220,49,9,0,6,12,1,2,56,0,1,3.4,3.93,1.15,156.0,136.2,1.45,18,한화
634,강재민,1.99,50,0,0,0,1,2,1,14,49.0,16,14,203,41,5,0,3,18,1,0,57,1,2,2.57,3.07,1.2,183.9,156.0,1.84,20,한화
635,윤대경,1.5,43,0,0,9,2,5,0,7,77.2,35,34,337,73,13,0,8,34,2,6,54,0,3,3.94,4.75,1.38,111.2,93.8,0.86,21,한화
636,헤일,1.48,12,0,0,12,3,4,0,0,66.1,35,32,277,68,10,0,8,17,0,4,55,0,3,4.34,4.69,1.28,122.0,113.6,-0.56,18,한화
637,휠러,1.43,19,0,0,19,3,9,0,0,101.2,62,58,459,128,16,0,12,34,1,10,94,1,2,5.13,4.79,1.59,103.2,111.5,-1.07,18,한화
638,장시환,1.4,26,0,0,26,4,14,0,0,132.2,81,74,603,139,27,1,15,74,0,8,115,0,10,5.02,5.15,1.61,94.2,93.1,-1.62,20,한화
639,김진영,1.33,58,0,0,0,3,3,0,8,54.0,26,20,231,48,4,0,6,22,0,3,56,0,5,3.33,4.32,1.3,141.8,110.9,-0.11,20,한화
640,서폴드,1.3,28,1,1,28,10,13,0,0,165.0,107,90,734,203,30,3,19,42,0,13,97,0,10,4.91,4.88,1.49,96.3,98.2,-1.5,20,한화
641,정우람,1.23,50,0,0,0,3,5,16,0,54.1,29,29,230,58,11,1,4,12,1,5,53,0,2,4.8,3.45,1.29,98.4,138.6,1.02,20,한화
642,안영명,1.2,67,0,0,0,4,7,0,13,62.0,27,27,273,82,14,1,5,13,0,3,48,1,2,3.92,3.68,1.53,105.7,112.8,-1.91,19,한화
643,장민재,1.15,34,0,0,3,6,2,0,1,59.2,33,31,266,62,14,2,7,23,0,1,42,0,1,4.68,5.16,1.43,113.3,103.2,-0.44,18,한화
644,주현상,1.04,43,0,0,0,2,2,0,4,50.1,21,20,218,46,6,3,6,21,2,1,33,0,6,3.58,4.76,1.33,122.5,93.6,-0.26,21,한화
645,김재영,1.03,29,0,0,21,6,4,0,1,111.1,74,70,503,136,32,1,15,37,0,12,56,0,4,5.66,5.9,1.55,93.6,90.1,-1.08,18,한화
646,박상원,0.81,61,0,0,0,1,4,0,12,59.0,29,26,256,52,6,0,5,28,1,5,39,0,1,3.97,4.81,1.36,104.5,86.6,0.45,19,한화
647,박상원,0.76,62,0,0,0,1,0,1,10,58.0,35,30,256,62,14,1,8,20,4,4,52,1,2,4.66,4.59,1.41,101.6,104.2,-0.34,20,한화
648,장시환,0.76,31,0,0,0,0,1,12,2,32.0,12,11,133,26,4,1,2,12,0,1,31,0,0,3.09,3.41,1.19,124.9,115.2,1.19,22,한화
649,김성훈,0.73,10,0,0,5,0,2,0,0,27.2,12,11,118,25,5,0,2,11,0,3,28,0,3,3.58,4.27,1.3,148.1,124.7,-0.29,18,한화
650,김종수,0.66,31,0,0,0,2,2,0,5,30.2,12,10,121,19,9,0,2,11,0,1,38,1,0,2.93,2.86,0.98,131.6,137.3,-0.26,22,한화
651,김범수,0.65,24,0,0,8,3,6,0,0,55.0,34,32,259,55,11,2,9,42,3,3,55,0,1,5.24,5.97,1.76,90.3,80.2,-1.06,20,한화
652,김진영,0.56,6,0,0,5,0,4,0,0,26.2,12,12,117,27,6,0,1,16,0,1,14,0,0,4.05,4.75,1.61,102.3,88.2,0.12,19,한화
653,장민재,0.52,17,0,0,11,3,4,0,0,54.2,27,26,231,61,9,2,6,17,0,1,35,0,3,4.28,4.45,1.43,90.2,88.4,-0.12,22,한화
654,신정락,0.51,21,0,0,0,4,0,0,1,25.2,11,9,109,21,4,0,2,12,0,2,16,0,0,3.16,4.81,1.29,131.3,86.8,0.48,19,한화
655,김이환,0.5,11,0,0,8,4,3,0,0,38.0,19,18,171,42,9,0,2,21,0,2,15,0,1,4.26,5.11,1.66,97.2,81.9,0.04,19,한화
656,안영명,0.5,53,0,0,1,8,2,0,8,66.0,44,42,291,83,10,0,12,15,1,4,48,1,4,5.73,5.56,1.49,92.5,96.2,0.53,18,한화
657,김범수,0.36,55,0,0,3,4,4,0,7,48.1,33,31,223,52,8,0,7,29,0,1,54,0,8,5.77,5.34,1.68,91.8,100.3,-0.17,18,한화
658,김범수,0.35,35,0,0,0,3,4,0,13,31.1,15,14,136,34,9,0,4,11,3,1,28,0,1,4.02,4.05,1.44,96.1,97.1,-0.44,22,한화
659,김기중,0.33,15,0,0,12,2,4,0,0,53.2,32,28,260,63,10,1,4,36,2,4,36,2,0,4.7,5.08,1.85,93.3,87.8,-0.62,21,한화
660,장민재,0.32,12,0,0,6,0,2,0,0,29.1,17,9,128,34,7,0,4,8,1,0,13,0,1,2.76,4.94,1.43,158.6,90.3,-0.01,21,한화
661,김종수,0.32,54,0,0,0,1,1,1,7,50.0,34,33,228,54,11,3,6,26,1,3,43,0,4,5.94,5.08,1.6,79.6,94.4,0.02,20,한화
662,김진욱,0.3,22,0,0,6,3,4,1,0,44.2,29,28,206,50,12,1,9,25,0,5,29,0,3,5.64,6.89,1.68,83.8,69.6,-1.07,20,한화
663,안영명,0.29,39,0,0,0,1,1,0,1,45.2,32,30,201,51,8,1,9,18,1,2,34,0,0,5.91,5.88,1.51,80.0,81.5,-0.83,20,한화
664,윤호솔,0.27,55,0,0,0,3,0,0,8,48.2,29,25,214,41,13,2,7,30,1,3,42,0,3,4.62,5.45,1.46,94.7,81.8,0.63,21,한화
665,신정락,0.24,25,0,0,0,2,0,0,1,30.2,16,12,136,29,6,0,1,8,1,7,17,0,2,3.52,4.0,1.21,109.7,98.3,0.06,22,한화
666,배동현,0.23,20,0,0,4,1,3,0,0,38.0,21,19,177,34,9,1,3,25,0,4,26,2,1,4.5,5.28,1.55,97.3,84.5,-0.76,21,한화
667,서균,0.2,56,0,0,0,1,1,1,10,37.1,26,24,168,39,3,0,7,16,0,7,22,0,3,5.79,6.94,1.47,91.6,76.8,-0.0,18,한화
668,윤규진,0.18,18,0,0,17,2,6,0,0,84.0,63,55,381,99,22,2,14,30,0,6,81,0,3,5.89,5.36,1.54,89.9,100.0,-1.53,18,한화
669,임준섭,0.17,34,0,0,6,1,3,0,1,49.1,30,23,230,56,14,1,1,28,0,1,26,0,6,4.2,4.38,1.7,98.7,95.9,-0.6,19,한화
670,채드벨,0.16,16,0,0,16,2,8,0,0,77.0,54,51,346,85,11,0,10,35,1,5,61,0,3,5.96,5.18,1.56,79.3,92.5,-1.01,20,한화
671,장민재,0.16,26,1,0,22,6,8,0,0,119.1,76,72,526,150,25,1,14,27,0,6,103,0,3,5.43,4.03,1.48,76.3,102.7,-1.45,19,한화
672,박윤철,0.13,15,0,0,3,0,1,0,0,30.0,19,17,145,22,3,0,4,30,0,3,21,0,2,5.1,7.04,1.73,81.2,59.4,-0.21,19,한화
673,김종수,0.11,49,0,0,0,1,1,0,6,46.2,29,25,208,34,10,0,7,32,0,3,38,0,2,4.82,5.9,1.41,90.8,75.5,-0.2,21,한화
674,김범수,0.05,56,0,0,2,4,9,1,9,70.2,44,41,319,68,11,2,2,42,1,2,70,1,8,5.22,3.55,1.56,83.9,125.8,-1.36,21,한화
675,오동욱,-0.0,34,0,0,0,0,1,0,2,25.0,17,15,117,21,9,0,3,16,0,5,13,0,0,5.4,6.37,1.48,81.1,70.0,-0.32,21,한화
676,배영수,-0.03,11,0,0,11,2,3,0,0,55.2,42,41,251,69,16,4,6,15,1,6,47,1,0,6.63,4.62,1.51,79.9,115.2,-0.61,18,한화
677,이민우,-0.04,12,0,0,4,1,0,0,0,29.1,18,17,129,38,8,2,2,9,0,0,13,0,1,5.22,4.24,1.6,74.1,92.8,-0.15,22,한화
678,김민우,-0.07,14,0,0,14,3,5,0,0,73.0,44,42,321,64,16,0,9,40,4,4,59,0,5,5.18,4.95,1.43,74.6,79.5,-0.12,22,한화
679,김종수,-0.08,35,0,0,0,2,0,0,0,31.0,21,20,148,30,4,0,4,33,0,1,28,0,2,5.81,6.56,2.03,71.3,63.7,-0.17,19,한화
680,송은범,-0.09,37,0,0,0,0,3,1,4,35.0,22,20,159,44,2,1,4,13,2,1,15,0,3,5.14,5.06,1.63,80.6,82.2,-0.19,19,한화
681,김민우,-0.12,23,0,0,20,5,9,0,0,99.1,79,72,468,133,28,1,19,41,0,8,73,1,5,6.52,6.33,1.75,81.2,84.5,-1.78,18,한화
682,김이환,-0.17,17,0,0,15,2,7,0,0,64.2,50,49,312,75,13,0,9,44,0,4,41,0,4,6.82,6.32,1.84,69.3,75.8,-1.19,20,한화
683,장민재,-0.19,24,0,0,10,2,7,0,0,57.1,44,43,267,86,19,2,5,13,0,2,32,0,1,6.75,4.36,1.73,70.0,109.8,-2.07,20,한화
684,김범수,-0.29,45,0,0,16,5,9,1,1,103.0,70,65,485,115,19,3,15,61,1,10,85,0,9,5.68,5.68,1.71,72.9,73.1,-1.5,19,한화
685,정우람,-0.3,50,0,0,0,1,4,15,1,44.2,29,28,199,47,5,0,5,20,2,5,32,0,0,5.64,4.9,1.5,77.6,91.0,-1.27,21,한화
686,박윤철,-0.34,7,0,0,7,0,3,0,0,26.0,19,14,129,32,4,0,4,19,0,2,12,1,1,4.85,6.82,1.96,79.7,57.8,-0.62,22,한화
687,이태양,-0.39,55,0,0,1,1,6,0,10,66.2,44,43,283,74,11,2,8,13,0,3,64,0,4,5.81,3.76,1.31,71.4,109.8,-1.57,19,한화
688,김이환,-0.46,14,0,0,5,0,1,0,0,26.0,22,22,132,32,5,0,2,22,0,4,13,0,1,7.62,6.33,2.08,57.5,70.5,-0.5,21,한화
689,주현상,-0.89,28,0,0,0,0,0,0,2,31.0,29,28,147,46,12,2,3,11,1,3,18,0,0,8.13,4.67,1.84,47.5,84.2,-0.88,22,한화
690,남지민,-0.96,10,0,0,9,1,6,0,0,39.2,34,29,192,54,9,0,5,19,0,1,17,0,1,6.58,5.61,1.84,58.7,70.2,-1.04,22,한화
691,윤대경,-0.96,14,0,0,13,3,7,0,0,65.1,50,49,291,80,16,1,5,16,0,5,43,0,5,6.75,3.96,1.47,57.2,99.3,-1.17,22,한화
692,박주홍,-0.99,29,0,0,6,0,4,0,1,38.1,37,34,188,51,9,2,8,24,0,2,27,1,1,7.98,6.74,1.96,51.9,61.6,-1.72,19,한화
693,김민우,-1.23,16,1,0,12,2,7,0,0,68.0,59,51,315,80,12,1,6,30,0,6,46,0,4,6.75,4.79,1.62,61.4,87.0,-1.67,19,한화
694,장시환,-1.38,19,1,0,16,0,11,0,1,69.0,62,54,342,87,12,1,4,48,2,6,47,0,7,7.04,4.99,1.96,62.2,89.5,-2.32,21,한화
