,name,year,team,position,WAR+,game수,타석,타수,득점,안타,이루타,삼루타,홈런,루타,타점,도루,도실,볼넷,사구,고의사구,삼진,병살,희타,희비,타율,출루,장타,OPS,wOBA,wRC+,WPA
0,김재환,18,두산,LF,6.94,139,602,527,104,176,36,1,44,346,133,2,0,59,9,4,134,6,0,7,0.334,0.405,0.657,1.062,0.438,168.8,5.8
1,양의지,18,두산,C,6.42,133,503,439,84,157,29,1,23,257,77,6,0,45,13,6,40,13,0,6,0.358,0.427,0.585,1.013,0.431,160.5,3.91
2,페르난데스,19,두산,DH,5.1,144,645,572,87,197,34,0,15,276,88,1,2,61,6,4,54,16,0,6,0.344,0.409,0.483,0.892,0.408,154.7,3.32
3,김재환,21,두산,LF,4.77,137,566,475,86,130,23,2,27,238,102,2,3,81,5,3,127,9,0,5,0.274,0.382,0.501,0.883,0.401,148.2,2.69
4,김재환,20,두산,LF,4.7,140,613,515,82,137,26,1,30,255,113,6,0,91,1,3,154,14,0,6,0.266,0.374,0.495,0.869,0.385,135.2,2.33
5,박건우,19,두산,RF,4.68,127,537,458,83,146,27,5,10,213,64,12,3,60,7,0,57,23,1,11,0.319,0.397,0.465,0.863,0.394,144.3,0.91
6,최주환,18,두산,DH,4.66,138,590,519,87,173,39,6,26,302,108,1,0,51,10,1,89,5,0,10,0.333,0.397,0.582,0.979,0.413,148.6,3.9
7,박건우,21,두산,RF,4.62,126,525,458,82,149,31,2,6,202,63,13,0,50,11,2,72,16,0,6,0.325,0.4,0.441,0.841,0.394,138.5,1.64
8,페르난데스,20,두산,DH,4.4,144,668,586,104,199,29,0,21,291,105,0,1,58,13,1,42,26,0,11,0.34,0.404,0.497,0.901,0.406,146.5,4.31
9,오재일,19,두산,1B,4.14,130,529,467,76,137,29,1,21,231,102,2,1,55,3,1,99,5,0,4,0.293,0.369,0.495,0.863,0.39,145.1,4.6
10,최주환,20,두산,2B,4.0,140,573,508,63,155,29,4,16,240,86,2,2,48,6,5,66,7,1,10,0.305,0.365,0.472,0.838,0.372,123.6,1.7
11,김재호,18,두산,SS,3.79,131,467,402,78,125,20,0,16,193,75,6,2,52,4,1,77,12,3,6,0.311,0.39,0.48,0.87,0.379,124.5,1.69
12,박건우,20,두산,RF,3.78,129,551,487,103,148,40,0,14,230,70,8,2,42,12,2,65,9,3,7,0.304,0.369,0.472,0.841,0.375,126.5,1.67
13,오재일,20,두산,1B,3.57,127,534,471,62,147,32,0,16,227,89,2,1,61,0,1,92,12,0,2,0.312,0.39,0.482,0.872,0.394,138.8,1.35
14,허경민,18,두산,3B,3.56,133,577,516,85,167,30,5,10,237,79,20,4,32,16,0,52,15,5,8,0.324,0.376,0.459,0.835,0.366,113.4,1.89
15,허경민,20,두산,3B,3.55,117,487,437,70,145,25,1,7,193,58,14,6,35,5,2,28,10,3,7,0.332,0.382,0.442,0.824,0.373,122.7,1.58
16,김재환,19,두산,LF,3.52,136,573,494,76,140,20,5,15,215,91,3,1,63,5,5,113,7,0,11,0.283,0.363,0.435,0.798,0.362,123.5,2.53
17,박건우,18,두산,CF,3.42,125,529,488,79,159,24,6,12,231,84,7,3,28,10,1,65,14,1,2,0.326,0.373,0.473,0.847,0.371,117.5,3.97
18,오재원,18,두산,2B,3.29,132,521,473,78,148,24,1,15,219,81,15,6,41,2,0,119,13,3,2,0.313,0.369,0.463,0.832,0.364,114.0,4.07
19,양석환,21,두산,1B,3.1,133,546,488,66,133,22,0,28,239,96,2,3,42,9,2,136,10,0,7,0.273,0.337,0.49,0.827,0.373,130.3,1.93
20,페르난데스,21,두산,DH,3.07,141,617,540,73,170,24,0,15,239,81,0,2,65,6,3,35,25,0,6,0.315,0.391,0.443,0.833,0.389,136.6,1.2
21,박세혁,19,두산,C,3.06,137,505,441,58,123,19,9,4,172,63,8,2,41,7,1,68,5,10,6,0.279,0.346,0.39,0.736,0.334,101.3,1.02
22,정수빈,20,두산,CF,2.95,141,559,490,84,146,17,8,5,194,59,15,6,55,2,3,56,10,7,5,0.298,0.368,0.396,0.764,0.348,104.3,1.48
23,김재호,19,두산,SS,2.89,130,470,377,51,101,22,0,4,135,48,3,3,67,7,3,58,10,8,11,0.268,0.379,0.358,0.737,0.342,108.2,-0.2
24,오재일,18,두산,1B,2.85,123,477,401,69,112,19,2,27,216,80,1,1,60,6,2,121,3,0,10,0.279,0.373,0.539,0.912,0.384,130.4,1.22
25,허경민,19,두산,3B,2.44,133,540,475,71,137,25,1,4,176,60,11,5,34,17,2,36,16,3,11,0.288,0.35,0.371,0.721,0.334,102.4,-0.25
26,허경민,21,두산,3B,2.07,136,518,468,61,130,24,1,5,171,59,5,7,36,8,1,35,21,3,3,0.278,0.338,0.365,0.703,0.332,96.8,-0.83
27,박계범,21,두산,SS,2.06,118,385,322,44,86,12,1,5,115,46,4,3,44,9,0,68,8,7,3,0.267,0.368,0.357,0.725,0.344,104.8,0.6
28,정수빈,19,두산,CF,2.05,123,513,441,75,117,19,5,0,146,42,26,8,57,6,0,60,6,4,5,0.265,0.354,0.331,0.685,0.325,94.8,0.15
29,김재호,20,두산,SS,1.98,120,457,401,48,116,15,1,2,139,39,6,2,45,4,1,45,17,2,5,0.289,0.363,0.347,0.709,0.334,95.3,-0.09
30,허경민,22,두산,3B,1.83,56,232,199,31,61,14,0,2,81,35,6,1,19,7,0,19,7,2,5,0.307,0.378,0.407,0.785,0.362,131.7,0.69
31,박세혁,20,두산,C,1.77,124,423,360,47,97,18,2,4,131,51,5,3,35,12,0,45,7,9,7,0.269,0.348,0.364,0.712,0.326,90.8,1.06
32,김인태,21,두산,RF,1.74,133,418,344,51,89,15,1,8,130,46,0,2,62,3,0,67,10,5,4,0.259,0.373,0.378,0.751,0.355,113.3,1.54
33,페르난데스,22,두산,DH,1.49,63,275,253,31,79,15,0,5,109,36,0,0,19,2,0,26,19,0,1,0.312,0.364,0.431,0.795,0.368,136.6,-0.02
34,김재환,22,두산,LF,1.47,62,267,227,32,53,14,1,10,99,32,1,0,37,2,2,61,2,0,1,0.233,0.345,0.436,0.781,0.356,130.8,0.25
35,정수빈,21,두산,CF,1.47,104,351,313,50,81,19,4,3,117,37,12,7,29,3,1,50,7,4,2,0.259,0.326,0.374,0.7,0.325,91.6,-0.07
36,김인태,22,두산,RF,1.29,40,150,128,19,40,4,0,2,50,16,1,0,20,2,1,17,1,0,0,0.313,0.413,0.391,0.804,0.38,143.5,0.73
37,박세혁,18,두산,C,1.26,89,194,170,37,48,12,0,3,69,22,5,0,16,4,0,55,0,3,1,0.282,0.356,0.406,0.762,0.337,95.0,-0.66
38,안권수,22,두산,RF,1.15,52,176,155,32,51,6,1,0,59,17,2,4,20,0,0,28,3,1,0,0.329,0.406,0.381,0.786,0.371,135.2,0.0
39,정수빈,18,두산,CF,1.06,26,112,98,20,36,2,1,2,46,23,5,2,11,1,0,13,1,0,2,0.367,0.429,0.469,0.898,0.402,136.7,0.89
40,조수행,21,두산,CF,1.01,115,104,84,34,24,2,1,1,31,8,21,4,16,3,0,26,1,1,0,0.286,0.418,0.369,0.787,0.381,128.1,0.48
41,강승호,21,두산,2B,0.94,113,340,301,47,72,16,2,7,113,37,8,2,22,6,1,78,8,8,3,0.239,0.301,0.375,0.677,0.307,81.8,-0.93
42,양석환,22,두산,1B,0.88,28,115,102,22,28,4,1,6,52,14,0,0,11,1,1,21,1,0,1,0.275,0.348,0.51,0.858,0.382,150.4,-0.13
43,안재석,21,두산,SS,0.79,96,224,200,28,51,8,2,2,69,14,1,0,16,4,0,53,4,0,4,0.255,0.317,0.345,0.662,0.314,83.8,-1.02
44,최주환,19,두산,2B,0.75,87,325,285,27,79,13,0,4,104,47,0,0,28,1,0,35,10,0,11,0.277,0.332,0.365,0.697,0.323,95.2,-0.87
45,류지혁,18,KIA,SS,0.67,128,280,228,52,61,7,0,1,71,29,7,2,29,10,0,43,3,11,2,0.268,0.372,0.311,0.683,0.314,77.7,1.15
46,장승현,21,두산,C,0.57,92,211,177,18,41,10,0,2,57,27,0,0,19,8,0,50,2,6,1,0.232,0.332,0.322,0.654,0.31,82.3,-0.4
47,강승호,22,두산,2B,0.54,63,235,215,26,54,11,0,3,74,32,6,2,12,1,0,47,4,4,3,0.251,0.29,0.344,0.634,0.289,81.4,0.18
48,최용제,21,두산,C,0.54,79,119,104,7,29,3,0,0,32,15,0,0,11,2,0,21,0,1,1,0.279,0.356,0.308,0.664,0.324,89.2,0.5
49,류지혁,19,KIA,SS,0.51,118,316,276,36,69,6,2,0,79,34,18,5,24,7,0,40,6,6,3,0.25,0.323,0.286,0.609,0.289,69.9,0.14
50,이유찬,20,두산,3B,0.48,101,108,89,30,23,2,1,0,27,6,13,4,14,2,0,25,2,2,1,0.258,0.368,0.303,0.671,0.322,86.2,-0.12
51,정진호,18,두산,RF,0.47,111,299,269,53,81,12,1,2,101,37,8,1,19,1,0,44,8,9,1,0.301,0.348,0.375,0.724,0.319,81.3,-0.84
52,이우성,18,KIA,LF,0.36,31,66,58,13,17,3,0,2,26,11,1,0,6,2,0,18,2,0,0,0.293,0.379,0.448,0.827,0.369,117.3,0.22
53,김인태,20,두산,LF,0.31,77,110,84,15,17,5,0,1,25,13,0,0,21,2,0,13,3,2,1,0.202,0.37,0.298,0.668,0.325,90.7,0.98
54,박세혁,22,두산,C,0.26,60,198,172,14,38,10,0,0,48,23,0,1,16,2,0,28,2,5,3,0.221,0.29,0.279,0.569,0.265,63.5,-1.08
55,오재원,20,두산,2B,0.24,85,174,155,25,36,7,1,5,60,27,10,5,16,0,0,49,3,1,2,0.232,0.301,0.387,0.688,0.31,82.4,-1.04
56,박세혁,21,두산,C,0.24,96,270,237,25,52,12,0,0,64,30,4,2,22,5,0,43,6,3,3,0.219,0.296,0.27,0.566,0.275,57.8,-1.05
57,정수빈,22,두산,CF,0.2,63,227,203,32,47,5,2,0,56,21,12,4,19,0,0,30,0,4,1,0.232,0.296,0.276,0.572,0.27,64.8,0.69
58,박계범,22,두산,SS,0.19,40,84,73,11,15,7,0,2,28,8,2,1,7,0,1,19,1,3,1,0.205,0.272,0.384,0.655,0.283,79.7,-0.52
59,김인태,19,두산,LF,0.19,26,70,60,6,14,2,1,2,24,7,1,1,8,0,0,12,2,1,1,0.233,0.319,0.4,0.719,0.324,98.1,0.41
60,조수행,18,두산,CF,0.12,119,198,183,35,51,6,4,1,68,17,9,0,9,0,0,33,4,5,1,0.279,0.311,0.372,0.683,0.297,65.4,-0.02
61,김인태,18,두산,RF,0.11,46,109,95,16,25,7,0,1,35,10,0,0,12,0,0,26,0,1,1,0.263,0.343,0.368,0.711,0.32,83.0,0.65
62,조수행,22,두산,LF,0.1,52,75,66,17,15,3,0,1,21,5,12,5,7,0,0,18,4,0,2,0.227,0.293,0.318,0.612,0.286,79.2,-0.4
63,강진성,22,두산,1B,0.1,30,81,68,7,13,2,0,1,18,7,3,0,10,2,1,16,2,1,0,0.191,0.313,0.265,0.577,0.276,72.2,-0.31
64,신성현,19,두산,1B,0.07,35,54,41,9,8,0,0,1,11,6,0,0,10,1,0,14,0,0,2,0.195,0.352,0.268,0.62,0.308,86.3,-0.13
65,김재호,21,두산,SS,-0.02,89,251,211,23,44,8,0,1,55,24,1,1,29,2,0,34,7,6,3,0.209,0.306,0.261,0.567,0.275,58.2,-1.73
66,김민혁,18,두산,DH,-0.06,22,58,53,7,12,2,0,2,20,10,0,0,5,0,0,19,3,0,0,0.226,0.293,0.377,0.671,0.296,69.8,0.2
67,권민석,20,두산,3B,-0.07,55,57,50,6,13,2,0,0,15,7,1,0,3,0,0,15,0,2,2,0.26,0.291,0.3,0.591,0.266,49.2,-0.45
68,김재호,22,두산,SS,-0.13,47,110,95,7,20,4,0,0,24,9,0,0,9,1,0,14,3,3,2,0.211,0.28,0.253,0.533,0.25,52.8,-0.78
69,국해성,20,두산,RF,-0.14,46,94,86,10,20,1,0,3,30,17,1,1,6,1,2,21,2,0,1,0.233,0.287,0.349,0.636,0.282,64.4,-0.04
70,안재석,22,두산,SS,-0.21,57,149,131,9,26,3,0,0,29,8,3,0,13,2,1,43,2,2,1,0.198,0.279,0.221,0.5,0.241,45.8,-0.24
71,백동훈,19,두산,RF,-0.27,41,52,47,8,8,2,0,0,10,2,0,1,3,2,0,16,0,0,0,0.17,0.25,0.213,0.463,0.23,30.7,-0.39
72,오재원,19,두산,2B,-0.3,98,204,177,30,29,8,1,3,48,18,6,2,25,0,0,50,3,2,0,0.164,0.267,0.271,0.539,0.257,51.4,-1.55
73,정진호,19,두산,RF,-0.37,66,110,96,13,20,0,0,1,23,3,5,2,11,0,0,24,2,3,0,0.208,0.29,0.24,0.529,0.254,47.1,-1.24
74,오재원,21,두산,2B,-0.43,45,79,72,6,12,3,0,0,15,5,2,0,6,0,0,18,3,0,1,0.167,0.228,0.208,0.436,0.216,17.9,-0.64
75,정상호,20,두산,C,-0.68,42,92,86,3,14,6,0,0,20,8,0,0,2,0,0,29,4,3,1,0.163,0.18,0.233,0.412,0.182,-4.8,-1.24
76,파레디스,18,두산,RF,-0.73,21,71,65,7,9,2,1,1,16,4,1,0,4,1,1,17,0,0,1,0.138,0.197,0.246,0.443,0.191,-2.4,-0.65
77,러프,18,삼성,1B,5.28,137,597,506,97,167,32,4,33,306,125,5,3,65,18,0,107,17,0,8,0.33,0.419,0.605,1.024,0.432,152.9,5.89
78,구자욱,21,삼성,RF,5.01,139,610,543,107,166,30,10,22,282,88,27,4,48,6,3,98,9,1,12,0.306,0.361,0.519,0.881,0.394,134.0,3.48
79,러프,19,삼성,1B,4.18,133,568,472,80,138,35,2,22,243,101,6,3,80,7,6,87,18,0,9,0.292,0.396,0.515,0.911,0.406,145.8,1.3
80,구자욱,18,삼성,RF,3.91,116,529,478,100,159,26,5,20,255,84,10,0,43,5,2,110,4,1,2,0.333,0.392,0.533,0.926,0.398,131.9,4.23
81,강민호,21,삼성,C,3.86,123,462,406,55,118,22,0,18,194,67,0,0,45,4,4,53,18,0,7,0.291,0.362,0.478,0.839,0.38,123.6,1.49
82,피렐라,22,삼성,LF,3.74,63,278,245,45,87,14,3,12,143,45,6,2,28,5,7,28,9,0,0,0.355,0.432,0.584,1.015,0.452,187.6,2.45
83,구자욱,20,삼성,LF,3.38,118,510,446,70,137,27,2,15,213,78,19,5,51,8,3,91,4,1,4,0.307,0.385,0.478,0.863,0.387,126.6,4.53
84,박해민,21,삼성,CF,3.38,127,542,454,78,132,22,1,5,171,54,36,15,69,3,2,82,3,9,7,0.291,0.383,0.377,0.759,0.356,110.6,1.39
85,이원석,18,삼성,3B,3.35,128,543,479,74,144,30,1,20,236,93,2,1,52,7,1,103,10,0,5,0.301,0.374,0.493,0.867,0.376,116.9,3.82
86,김상수,20,삼성,2B,3.26,120,471,404,71,123,18,3,5,162,47,10,3,55,8,1,55,16,2,2,0.304,0.397,0.401,0.798,0.372,118.5,0.76
87,피렐라,21,삼성,DH,3.26,140,621,553,102,158,25,2,29,274,97,9,6,57,8,2,89,8,0,3,0.286,0.359,0.495,0.855,0.389,128.7,3.27
88,박해민,18,삼성,CF,3.2,144,649,576,114,172,30,10,9,249,68,36,10,56,3,0,99,9,8,6,0.299,0.36,0.432,0.793,0.347,99.1,1.95
89,강민호,20,삼성,C,3.02,119,393,355,46,102,14,0,19,173,61,0,0,31,4,2,54,17,0,3,0.287,0.349,0.487,0.836,0.37,113.2,0.55
90,김상수,19,삼성,2B,2.97,129,543,468,76,127,20,2,5,166,38,21,3,50,15,1,67,14,6,4,0.271,0.358,0.355,0.712,0.334,100.0,-1.97
91,오재일,21,삼성,1B,2.8,120,484,418,64,119,20,0,25,214,97,1,0,58,0,8,106,5,0,8,0.285,0.366,0.512,0.878,0.39,129.2,3.43
92,박해민,20,삼성,CF,2.49,132,541,489,84,142,18,5,11,203,55,34,12,39,3,1,77,7,7,3,0.29,0.345,0.415,0.76,0.342,98.2,-0.11
93,김동엽,20,삼성,DH,2.24,115,451,413,60,129,21,0,20,210,74,4,4,29,4,0,79,14,1,4,0.312,0.36,0.508,0.869,0.385,123.6,1.59
94,김헌곤,18,삼성,LF,1.99,141,586,513,77,154,26,2,11,217,71,22,9,54,10,1,70,13,5,4,0.3,0.375,0.423,0.798,0.355,103.9,-0.57
95,이원석,19,삼성,3B,1.98,111,455,395,44,97,20,0,19,174,76,2,1,43,8,0,73,10,2,7,0.246,0.327,0.441,0.767,0.346,104.8,0.89
96,강민호,18,삼성,C,1.97,129,477,427,46,115,14,0,22,195,71,0,0,29,14,5,96,11,0,7,0.269,0.331,0.457,0.788,0.337,90.2,-0.83
97,구자욱,19,삼성,RF,1.95,122,526,475,66,127,27,6,15,211,71,11,3,38,7,2,88,5,0,6,0.267,0.327,0.444,0.771,0.348,107.6,1.16
98,오재일,22,삼성,1B,1.84,61,251,220,26,63,17,0,12,116,43,1,0,27,0,4,63,2,0,4,0.286,0.359,0.527,0.886,0.39,144.8,0.97
99,강민호,19,삼성,C,1.83,112,393,346,36,81,20,0,13,140,45,0,0,33,9,2,76,9,2,3,0.234,0.315,0.405,0.719,0.327,92.2,0.46
100,이학주,19,롯데,SS,1.78,118,436,385,43,101,14,3,7,142,36,15,5,32,10,0,89,3,5,4,0.262,0.332,0.369,0.701,0.324,92.7,-0.2
101,김지찬,22,삼성,2B,1.7,57,233,200,36,56,6,4,0,70,17,19,0,24,0,0,31,0,9,0,0.28,0.357,0.35,0.707,0.322,103.6,1.87
102,김헌곤,19,삼성,LF,1.68,114,467,411,57,122,20,1,5,159,46,10,8,37,8,1,41,18,5,6,0.297,0.362,0.387,0.748,0.346,107.6,-0.37
103,이지영,18,키움,C,1.58,90,203,178,31,61,10,0,2,77,19,0,0,15,4,1,27,3,6,0,0.343,0.406,0.433,0.839,0.368,113.5,0.4
104,살라디노,20,삼성,LF,1.37,44,163,132,26,37,8,0,6,63,27,6,1,23,7,0,41,3,0,1,0.28,0.411,0.477,0.888,0.405,137.2,0.53
105,이원석,20,삼성,3B,1.29,121,467,403,46,108,17,0,13,164,74,0,1,49,2,1,82,7,1,12,0.268,0.341,0.407,0.748,0.338,94.3,0.22
106,박해민,19,삼성,CF,1.26,144,581,506,64,121,16,7,5,166,44,24,7,58,2,0,82,4,12,3,0.239,0.318,0.328,0.646,0.3,76.8,-1.36
107,이원석,21,삼성,3B,1.22,131,480,399,40,92,19,0,9,138,59,1,0,60,11,2,80,11,2,8,0.231,0.341,0.346,0.687,0.327,89.8,-0.29
108,김태군,22,삼성,C,1.14,45,122,109,13,37,8,0,0,45,12,0,0,7,2,0,17,5,3,1,0.339,0.387,0.413,0.799,0.364,131.9,0.32
109,김헌곤,21,삼성,LF,1.14,118,364,317,38,89,8,2,4,113,27,5,4,34,5,0,46,9,3,5,0.281,0.355,0.356,0.711,0.338,98.1,-1.03
110,김호재,20,삼성,3B,1.11,65,138,118,19,38,5,0,1,46,10,2,0,16,3,0,19,1,1,0,0.322,0.416,0.39,0.806,0.381,124.4,0.03
111,박계범,19,삼성,SS,1.01,58,204,168,26,43,8,1,4,65,25,5,1,22,5,0,45,7,6,3,0.256,0.354,0.387,0.74,0.336,99.9,-0.34
112,김현준,22,삼성,CF,0.93,47,114,94,19,28,6,1,0,36,7,3,1,14,3,0,23,0,3,0,0.298,0.405,0.383,0.788,0.365,133.3,0.18
113,김지찬,21,삼성,SS,0.9,120,336,296,50,81,6,0,1,90,26,23,4,27,0,0,31,0,10,3,0.274,0.331,0.304,0.635,0.3,73.4,0.08
114,박한이,18,삼성,DH,0.59,114,392,342,47,97,16,0,10,143,43,5,3,43,0,2,91,9,6,1,0.284,0.363,0.418,0.781,0.342,95.6,0.35
115,구자욱,22,삼성,RF,0.59,40,179,168,22,47,9,1,2,64,19,4,1,7,3,1,39,5,1,0,0.28,0.32,0.381,0.701,0.322,102.1,-0.12
116,강한울,20,삼성,SS,0.56,34,122,105,13,32,3,0,1,38,10,1,0,11,0,0,24,3,5,1,0.305,0.368,0.362,0.729,0.33,91.1,0.45
117,최영진,20,삼성,3B,0.51,58,118,101,15,30,3,0,1,36,11,2,3,13,2,0,16,3,1,1,0.297,0.385,0.356,0.741,0.351,104.3,-0.7
118,윌리엄슨,19,삼성,RF,0.46,40,168,154,19,42,7,1,4,63,15,0,1,13,0,0,50,2,0,1,0.273,0.327,0.409,0.737,0.339,101.9,-0.42
119,김상수,18,삼성,SS,0.44,122,499,453,63,119,13,1,10,164,50,12,9,27,8,0,91,11,8,3,0.263,0.314,0.362,0.676,0.299,67.1,-1.49
120,김민수,21,삼성,C,0.42,47,87,76,9,20,5,0,3,34,13,0,0,6,1,0,13,2,2,2,0.263,0.318,0.447,0.765,0.339,96.7,0.16
121,김상수,21,삼성,2B,0.38,132,496,429,46,101,17,1,3,129,42,4,2,52,3,0,51,14,8,4,0.235,0.32,0.301,0.62,0.298,71.7,-1.26
122,이학주,20,롯데,SS,0.36,64,243,206,30,47,11,0,4,70,28,6,2,26,2,1,58,3,4,5,0.228,0.314,0.34,0.654,0.298,68.5,-0.22
123,최영진,21,삼성,3B,0.32,44,63,57,9,16,1,2,1,24,6,1,0,5,1,0,12,1,0,0,0.281,0.349,0.421,0.77,0.36,114.0,-0.08
124,오선진,22,삼성,SS,0.31,37,137,119,9,32,3,0,2,41,15,2,1,8,1,0,22,0,8,1,0.269,0.318,0.345,0.662,0.293,80.8,0.01
125,이성곤,20,한화,1B,0.27,62,154,139,16,39,7,0,5,61,18,2,0,11,0,0,38,3,2,2,0.281,0.329,0.439,0.768,0.34,95.2,-0.23
126,최영진,19,삼성,3B,0.23,96,275,251,29,63,15,1,5,95,20,4,1,14,2,2,47,4,8,0,0.251,0.296,0.378,0.674,0.299,74.9,-1.26
127,공민규,19,삼성,1B,0.21,28,60,53,4,13,1,0,3,23,6,0,0,6,1,0,18,0,0,0,0.245,0.333,0.434,0.767,0.352,108.8,0.1
128,최영진,18,삼성,1B,0.19,61,140,126,13,37,7,0,4,56,18,2,4,10,0,0,30,6,2,2,0.294,0.341,0.444,0.785,0.338,92.3,-0.61
129,강한울,21,삼성,3B,0.19,124,258,223,25,58,5,0,0,63,27,2,2,29,0,0,58,5,3,3,0.26,0.341,0.283,0.624,0.305,77.6,-0.26
130,송준석,20,삼성,RF,0.12,32,50,47,5,13,5,0,1,21,7,0,0,2,1,0,6,4,0,0,0.277,0.32,0.447,0.767,0.345,98.7,0.19
131,김지찬,20,삼성,2B,0.12,135,287,254,47,59,5,1,1,69,13,21,4,24,2,0,44,1,5,2,0.232,0.301,0.272,0.573,0.272,53.4,-1.61
132,강한울,22,삼성,3B,0.1,48,91,83,12,20,4,0,0,24,6,1,0,6,0,0,28,2,1,1,0.241,0.289,0.289,0.578,0.271,67.8,-1.12
133,김도환,19,삼성,C,0.1,61,106,93,7,19,6,0,2,31,7,0,0,8,0,0,36,0,4,1,0.204,0.265,0.333,0.598,0.266,52.0,-0.44
134,강민호,22,삼성,C,0.1,56,200,180,11,41,8,1,1,54,24,0,0,15,2,3,26,10,0,3,0.228,0.29,0.3,0.59,0.272,67.8,-0.16
135,박한이,19,삼성,DH,0.1,30,85,74,6,19,3,0,2,28,13,0,0,9,0,0,17,0,1,1,0.257,0.333,0.378,0.712,0.327,93.9,0.32
136,송준석,21,삼성,LF,0.06,19,55,51,5,12,2,0,2,20,4,0,0,3,1,0,13,1,0,0,0.235,0.291,0.392,0.683,0.317,81.8,-0.22
137,이원석,22,삼성,3B,0.03,29,119,99,11,22,3,0,4,37,18,0,0,12,0,1,29,5,3,5,0.222,0.293,0.374,0.667,0.292,78.1,-0.15
138,김성훈,18,삼성,2B,0.02,110,212,185,24,45,9,3,0,60,24,12,6,16,6,0,23,2,3,2,0.243,0.321,0.324,0.645,0.294,64.3,0.12
139,이학주,21,롯데,SS,-0.04,66,174,155,17,32,8,0,4,52,20,2,2,14,1,0,61,3,4,0,0.206,0.277,0.335,0.612,0.282,60.5,-0.39
140,박승규,21,삼성,LF,-0.05,59,78,66,13,12,1,0,3,22,5,1,1,9,2,0,9,4,1,0,0.182,0.299,0.333,0.632,0.299,69.3,-0.27
141,김상수,22,삼성,2B,-0.05,20,83,73,6,12,3,0,1,18,12,1,0,10,0,0,16,1,0,0,0.164,0.265,0.247,0.512,0.25,51.5,-0.65
142,송준석,19,삼성,LF,-0.08,26,56,51,6,12,3,0,1,18,4,0,0,2,1,0,14,3,1,1,0.235,0.273,0.353,0.626,0.282,63.0,-0.43
143,김호재,21,삼성,1B,-0.14,87,90,75,9,17,2,0,0,19,7,0,0,9,2,0,14,0,3,1,0.227,0.322,0.253,0.575,0.28,60.2,-0.15
144,박찬도,18,삼성,RF,-0.14,54,82,73,13,17,4,1,0,23,5,3,3,8,0,0,28,0,1,0,0.233,0.309,0.315,0.624,0.285,59.2,0.09
145,박찬도,20,삼성,LF,-0.15,51,116,96,20,21,5,0,1,29,8,5,1,15,1,1,22,2,2,2,0.219,0.325,0.302,0.627,0.292,65.2,-0.62
146,이재현,22,삼성,SS,-0.19,44,142,138,15,32,2,0,3,43,10,0,0,1,1,0,28,4,2,0,0.232,0.243,0.312,0.555,0.253,52.7,-0.87
147,김응민,20,NC,C,-0.23,45,85,76,7,17,1,0,0,18,5,0,0,5,1,0,22,1,3,0,0.224,0.281,0.237,0.517,0.245,35.6,0.05
148,김동엽,22,삼성,DH,-0.24,25,90,86,8,21,5,0,2,32,4,0,3,3,0,0,20,0,0,1,0.244,0.267,0.372,0.639,0.291,79.0,-0.3
149,강한울,18,삼성,2B,-0.28,83,209,193,20,50,5,2,0,59,8,3,4,12,1,0,34,1,3,0,0.259,0.306,0.306,0.612,0.279,55.0,-1.19
150,배영섭,18,삼성,LF,-0.28,69,168,147,15,36,6,0,0,42,13,1,0,16,3,2,35,2,2,0,0.245,0.331,0.286,0.617,0.286,59.7,-0.35
151,김동엽,21,삼성,LF,-0.28,69,203,185,20,44,9,0,4,65,24,2,1,10,4,0,42,2,0,4,0.238,0.286,0.351,0.637,0.297,70.2,-0.53
152,조동찬,18,삼성,1B,-0.3,28,59,54,5,12,1,0,1,16,2,0,0,4,0,0,14,2,1,0,0.222,0.276,0.296,0.572,0.258,40.1,-0.57
153,김헌곤,20,삼성,RF,-0.31,97,283,254,26,63,8,0,3,80,34,7,5,22,3,0,31,7,1,3,0.248,0.312,0.315,0.627,0.295,67.7,-1.15
154,김성훈,19,삼성,2B,-0.32,65,88,77,14,14,1,1,1,20,5,4,3,7,0,0,11,0,4,0,0.182,0.25,0.26,0.51,0.233,31.0,-0.22
155,최영진,22,삼성,1B,-0.34,32,63,56,2,10,2,0,0,12,5,2,2,6,0,0,14,1,1,0,0.179,0.258,0.214,0.472,0.23,38.8,-0.08
156,박승규,20,삼성,RF,-0.34,91,196,182,24,47,11,0,1,61,14,4,5,7,3,0,32,4,4,0,0.258,0.297,0.335,0.632,0.288,63.6,-0.48
157,팔카,20,삼성,DH,-0.66,51,217,196,17,41,7,0,8,72,23,2,0,18,0,0,58,5,0,3,0.209,0.272,0.367,0.639,0.288,60.3,-0.64
158,양의지,19,NC,C,6.69,118,459,390,61,138,26,0,20,224,68,4,3,48,15,4,43,13,0,6,0.354,0.438,0.574,1.012,0.452,179.8,1.88
159,양의지,20,NC,C,6.0,130,528,461,86,151,26,1,33,278,124,5,2,46,14,7,47,11,1,6,0.328,0.4,0.603,1.003,0.432,154.3,3.68
160,양의지,21,NC,DH,5.74,141,570,480,81,156,29,2,30,279,111,2,1,69,11,5,60,12,0,10,0.325,0.414,0.581,0.995,0.443,165.4,5.64
161,나성범,20,NC,DH,5.18,130,584,525,115,170,37,2,34,313,112,3,1,49,9,2,148,6,0,1,0.324,0.39,0.596,0.987,0.43,153.5,4.3
162,알테어,21,NC,CF,4.91,143,565,492,83,134,19,2,32,253,84,20,5,57,11,2,156,6,0,5,0.272,0.358,0.514,0.872,0.393,132.0,2.11
163,박민우,19,NC,2B,4.72,125,526,468,89,161,23,8,1,203,45,18,7,41,9,1,40,10,2,6,0.344,0.403,0.434,0.836,0.387,135.8,1.68
164,나성범,18,NC,RF,4.51,144,620,556,110,177,36,3,23,288,91,15,2,44,15,4,131,11,0,5,0.318,0.381,0.518,0.899,0.387,126.6,4.73
165,박민우,20,NC,2B,4.47,126,530,467,82,161,27,5,8,222,63,13,6,36,15,2,48,12,2,10,0.345,0.402,0.475,0.877,0.396,132.6,1.46
166,알테어,20,NC,CF,4.43,136,546,482,90,134,20,7,31,261,108,22,3,46,12,3,149,10,0,6,0.278,0.352,0.541,0.893,0.387,124.7,2.78
167,박석민,20,NC,3B,4.06,123,448,356,58,109,15,0,14,166,63,0,1,75,10,2,62,11,2,4,0.306,0.436,0.466,0.902,0.411,142.6,2.64
168,나성범,21,NC,RF,3.91,144,623,570,96,160,29,1,33,290,101,1,2,38,11,2,155,5,0,4,0.281,0.336,0.509,0.844,0.38,124.1,3.13
169,노진혁,20,NC,SS,3.31,132,484,427,70,117,22,3,20,205,82,0,4,49,5,3,106,8,3,0,0.274,0.356,0.48,0.836,0.37,114.4,1.41
170,박석민,19,NC,3B,3.31,112,444,360,49,96,17,1,19,172,74,1,2,65,12,2,69,17,4,3,0.267,0.393,0.478,0.871,0.393,139.3,1.42
171,박민우,18,NC,2B,2.93,115,460,411,68,133,22,5,5,180,33,17,5,32,10,3,51,4,3,4,0.324,0.383,0.438,0.821,0.363,112.9,0.96
172,노진혁,21,NC,SS,2.9,107,384,330,41,95,22,0,8,141,58,1,1,42,5,0,90,3,4,3,0.288,0.374,0.427,0.801,0.372,120.4,0.75
173,노진혁,19,NC,SS,2.39,110,390,348,51,92,23,2,13,158,43,0,1,31,2,2,80,7,6,3,0.264,0.326,0.454,0.78,0.345,107.2,-0.48
174,마티니,22,NC,LF,2.31,65,272,239,26,71,19,1,9,119,41,2,1,25,4,3,46,5,0,4,0.297,0.368,0.498,0.866,0.387,146.3,0.28
175,손아섭,22,NC,RF,2.09,66,292,260,32,84,20,1,4,118,23,3,3,25,2,1,38,0,0,5,0.323,0.38,0.454,0.834,0.381,143.9,1.77
176,모창민,19,NC,1B,2.04,101,386,341,49,104,21,2,10,159,55,3,2,31,3,1,62,8,0,11,0.305,0.358,0.466,0.824,0.371,124.4,0.47
177,권희동,20,NC,RF,1.98,123,426,346,67,90,16,0,12,142,50,3,0,58,11,0,72,6,6,5,0.26,0.379,0.41,0.789,0.36,109.3,1.68
178,강진성,20,NC,1B,1.81,121,432,395,53,122,25,0,12,183,70,9,1,20,9,0,46,11,2,6,0.309,0.351,0.463,0.815,0.364,112.0,0.78
179,박건우,22,NC,CF,1.79,49,194,169,20,56,10,0,3,75,30,0,3,18,4,0,26,4,0,3,0.331,0.402,0.444,0.846,0.392,151.3,0.22
180,노진혁,18,NC,3B,1.7,125,458,420,52,119,21,4,11,181,42,4,3,33,2,0,92,8,1,2,0.283,0.337,0.431,0.768,0.337,95.1,0.72
181,이명기,20,NC,LF,1.7,136,540,477,82,146,18,3,2,176,45,12,7,50,4,0,78,6,5,4,0.306,0.374,0.369,0.743,0.347,101.8,1.0
182,나성범,19,NC,CF,1.54,23,106,93,19,34,12,1,4,60,14,2,1,12,1,0,26,2,0,0,0.366,0.443,0.645,1.089,0.483,201.0,0.52
183,스크럭스,18,NC,1B,1.41,142,571,501,75,129,35,0,26,242,97,3,2,55,12,2,144,14,0,3,0.257,0.343,0.483,0.826,0.355,103.4,2.57
184,양의지,22,NC,C,1.38,57,227,188,23,46,9,0,7,76,30,1,0,28,8,4,27,8,0,3,0.245,0.361,0.404,0.766,0.35,120.0,-0.22
185,이명기,21,NC,LF,1.38,56,232,191,30,56,12,0,2,74,14,5,3,37,1,0,27,2,3,0,0.293,0.411,0.387,0.798,0.381,126.6,1.03
186,권희동,19,NC,RF,1.33,116,413,348,37,89,17,0,6,124,41,3,0,50,7,1,60,10,5,3,0.256,0.358,0.356,0.714,0.334,100.0,0.18
187,권희동,21,NC,LF,1.32,55,171,133,25,35,3,0,8,62,26,2,0,29,5,1,24,4,1,3,0.263,0.406,0.466,0.872,0.4,136.7,0.63
188,박석민,21,NC,3B,1.32,59,205,171,27,44,8,0,10,82,41,0,0,27,2,1,43,8,3,2,0.257,0.361,0.48,0.841,0.377,121.5,0.01
189,이명기,19,NC,RF,1.18,59,245,219,25,67,7,1,1,79,15,10,1,20,0,1,25,8,4,2,0.306,0.361,0.361,0.722,0.334,99.5,-0.43
190,김성욱,18,NC,CF,1.04,111,358,323,49,84,13,2,13,140,45,11,2,29,1,0,64,10,2,3,0.26,0.32,0.433,0.754,0.326,86.0,0.42
191,모창민,18,NC,3B,0.95,81,314,287,38,80,10,1,17,143,62,2,3,21,2,0,51,10,0,4,0.279,0.328,0.498,0.826,0.351,101.4,1.7
192,권희동,18,NC,LF,0.92,104,391,343,43,97,19,1,8,142,57,1,3,35,4,2,58,5,5,4,0.283,0.352,0.414,0.766,0.335,92.3,1.78
193,박석민,18,NC,DH,0.91,103,375,318,40,81,14,1,16,145,55,1,0,39,15,4,80,11,0,3,0.255,0.36,0.456,0.816,0.354,103.4,1.51
194,박민우,21,NC,2B,0.83,50,215,180,30,47,5,3,1,61,18,12,3,22,7,0,23,4,4,2,0.261,0.36,0.339,0.699,0.333,94.8,-0.5
195,최정원,21,NC,2B,0.8,72,238,212,40,60,4,2,0,68,8,10,7,18,4,0,40,0,4,0,0.283,0.35,0.321,0.671,0.322,88.4,-0.6
196,노진혁,22,NC,SS,0.78,43,158,139,16,33,6,0,5,54,20,0,0,18,0,0,42,6,0,1,0.237,0.323,0.388,0.711,0.33,106.5,-0.93
197,김주원,21,NC,SS,0.73,69,189,166,20,40,7,1,5,64,16,6,2,17,2,0,57,5,2,2,0.241,0.316,0.386,0.701,0.324,87.8,-0.58
198,김성욱,19,NC,CF,0.65,116,333,287,38,66,16,1,9,111,36,6,4,29,3,1,69,4,9,5,0.23,0.303,0.387,0.689,0.306,80.5,-0.28
199,스몰린스키,19,NC,RF,0.64,55,228,205,32,47,14,1,9,90,42,3,1,16,5,0,31,7,0,2,0.229,0.298,0.439,0.737,0.332,98.5,0.78
200,김형준,20,NC,C,0.63,44,82,72,12,22,1,0,3,32,11,0,0,10,0,0,21,1,0,0,0.306,0.39,0.444,0.835,0.384,124.9,-0.17
201,김태군,21,삼성,C,0.63,102,276,232,23,51,7,0,7,79,24,0,1,21,11,0,30,4,9,3,0.22,0.311,0.341,0.651,0.301,72.8,-0.39
202,김기환,22,NC,CF,0.54,49,109,94,19,23,4,1,0,29,4,12,1,11,1,0,30,0,2,1,0.245,0.327,0.309,0.636,0.298,87.4,-0.69
203,김태군,20,삼성,C,0.53,80,131,113,16,33,6,0,1,42,18,0,0,6,4,0,14,3,7,1,0.292,0.347,0.372,0.719,0.318,82.6,0.29
204,김태진,19,키움,LF,0.53,123,399,374,44,103,14,5,5,142,46,12,4,16,1,0,67,3,5,3,0.275,0.305,0.38,0.684,0.311,83.6,-1.28
205,베탄코트,19,NC,RF,0.51,53,224,203,23,50,8,0,8,82,29,1,1,18,1,0,51,1,0,2,0.246,0.308,0.404,0.712,0.326,93.5,-1.58
206,박민우,22,NC,2B,0.49,39,174,158,15,39,12,0,1,54,11,6,2,11,3,2,23,2,1,1,0.247,0.306,0.342,0.648,0.298,86.3,-0.2
207,서호철,22,NC,2B,0.47,52,145,132,21,31,7,0,2,44,11,3,1,8,3,0,27,4,2,0,0.235,0.294,0.333,0.627,0.291,81.3,-1.09
208,이원재,18,NC,LF,0.47,77,150,138,12,42,10,0,5,67,19,0,2,10,0,0,33,3,0,2,0.304,0.347,0.486,0.832,0.359,107.4,-0.17
209,박준영,21,NC,3B,0.43,111,315,273,37,57,7,2,8,92,31,4,3,27,10,0,92,9,3,2,0.209,0.301,0.337,0.638,0.302,73.0,-2.04
210,손시헌,19,NC,SS,0.38,68,149,135,17,36,4,1,2,48,10,1,2,5,5,0,23,2,4,0,0.267,0.317,0.356,0.673,0.308,81.5,-0.79
211,김찬형,19,SSG,SS,0.36,76,154,141,16,39,4,2,1,50,12,3,4,6,4,0,21,1,2,1,0.277,0.322,0.355,0.677,0.313,85.3,-0.31
212,이우성,19,KIA,LF,0.35,28,81,71,12,19,3,0,3,31,12,0,0,7,0,0,18,1,1,2,0.268,0.325,0.437,0.762,0.34,102.8,-0.45
213,모창민,20,NC,1B,0.34,62,149,136,10,41,10,2,2,61,13,0,0,8,1,1,22,5,2,2,0.301,0.34,0.449,0.789,0.347,100.2,0.45
214,박준영,22,NC,3B,0.3,35,131,112,12,22,4,0,3,35,10,4,1,16,1,0,31,1,2,0,0.196,0.302,0.313,0.615,0.29,78.7,-0.46
215,김찬형,20,SSG,SS,0.26,56,72,64,10,19,6,0,0,25,7,3,1,4,1,0,11,0,2,1,0.297,0.343,0.391,0.734,0.329,89.7,0.17
216,김주원,22,NC,SS,0.24,25,83,73,9,16,2,1,2,26,8,0,1,6,2,0,29,2,2,0,0.219,0.296,0.356,0.653,0.298,85.1,-1.19
217,강진성,19,NC,LF,0.19,41,104,97,11,24,4,1,2,36,14,2,1,3,4,0,20,6,0,0,0.247,0.298,0.371,0.669,0.311,83.5,0.18
218,강진성,21,NC,1B,0.19,124,462,406,49,101,20,0,7,142,38,9,3,36,14,2,68,12,4,2,0.249,0.33,0.35,0.679,0.321,86.9,-1.32
219,권희동,22,NC,RF,0.18,24,82,73,6,18,2,1,1,25,9,0,0,8,0,0,12,1,1,0,0.247,0.321,0.342,0.664,0.309,93.6,0.02
220,이원재,19,NC,1B,0.17,94,285,256,31,66,11,0,8,101,36,1,2,20,1,0,47,5,5,3,0.258,0.311,0.395,0.705,0.318,88.5,-0.51
221,윤형준,21,NC,1B,0.15,51,81,74,10,22,0,0,5,37,10,0,1,3,0,0,17,2,3,1,0.297,0.321,0.5,0.821,0.355,107.4,-0.59
222,전민수,21,NC,,0.15,71,109,98,12,25,3,0,3,37,16,0,0,11,0,1,23,2,0,0,0.255,0.33,0.378,0.708,0.331,92.6,0.43
223,정현,21,NC,2B,0.12,56,120,96,9,22,3,1,0,27,7,0,1,14,4,0,20,6,6,0,0.229,0.351,0.281,0.632,0.302,74.6,-0.33
224,최준석,18,NC,DH,0.09,93,179,153,7,39,3,0,4,54,24,0,0,24,0,0,41,6,0,2,0.255,0.352,0.353,0.705,0.324,84.5,-0.11
225,이명기,22,NC,LF,0.06,35,142,126,9,31,7,1,0,40,7,2,2,10,2,0,24,3,3,1,0.246,0.309,0.317,0.627,0.291,81.9,-0.74
226,김찬형,18,SSG,SS,0.01,63,160,142,24,33,5,0,1,41,9,4,1,8,8,0,28,1,1,1,0.232,0.308,0.289,0.597,0.28,55.5,-0.52
227,정진기,21,NC,LF,0.01,86,199,186,27,43,8,0,6,69,21,6,3,10,1,0,37,2,2,0,0.231,0.274,0.371,0.645,0.296,69.3,-0.17
228,김형준,19,NC,C,-0.0,55,119,107,13,24,5,0,2,35,9,0,0,8,0,0,24,1,4,0,0.224,0.278,0.327,0.605,0.274,58.5,-1.08
229,지석훈,20,NC,3B,-0.03,87,142,121,22,25,8,0,1,36,12,1,0,15,2,0,33,4,2,2,0.207,0.3,0.298,0.598,0.281,57.8,-0.86
230,지석훈,19,NC,3B,-0.07,76,169,149,15,34,9,0,2,49,15,0,1,10,6,1,37,6,2,2,0.228,0.299,0.329,0.628,0.29,69.9,0.44
231,도태훈,21,NC,3B,-0.09,77,76,66,10,12,1,0,1,16,9,1,0,6,4,0,14,3,0,0,0.182,0.29,0.242,0.532,0.269,52.4,-0.57
232,이원재,20,NC,1B,-0.09,73,146,132,15,34,5,2,4,55,17,1,0,11,0,1,26,3,2,1,0.258,0.313,0.417,0.729,0.321,82.5,-0.45
233,김준완,20,NC,RF,-0.1,45,75,65,8,14,1,0,1,18,5,0,0,10,0,0,9,3,0,0,0.215,0.32,0.277,0.597,0.292,65.2,-0.29
234,윤여운,18,NC,C,-0.13,44,79,73,8,14,6,0,1,23,8,0,0,5,0,0,21,1,1,0,0.192,0.244,0.315,0.559,0.245,32.0,-0.25
235,김성욱,20,NC,RF,-0.14,104,225,195,32,43,4,1,8,73,26,12,5,17,4,0,40,0,7,2,0.221,0.294,0.374,0.668,0.295,65.5,-0.13
236,손시헌,18,NC,SS,-0.16,67,150,128,12,24,4,0,2,34,14,2,0,15,5,0,20,3,1,1,0.188,0.295,0.266,0.561,0.266,45.2,-0.22
237,박준영,20,NC,SS,-0.18,32,51,46,4,7,4,0,0,11,3,1,0,2,3,0,17,2,0,0,0.152,0.235,0.239,0.474,0.23,24.6,-0.25
238,이상호,19,LG,2B,-0.19,102,256,234,30,65,7,0,0,72,12,10,5,9,2,0,22,10,8,3,0.278,0.307,0.308,0.614,0.281,63.9,-1.34
239,김하성,19,키움,SS,7.17,139,625,540,112,166,38,2,19,265,104,33,4,70,7,4,80,12,1,7,0.307,0.389,0.491,0.88,0.397,145.7,4.52
240,김하성,20,키움,SS,6.83,138,622,533,111,163,24,1,30,279,109,23,2,75,8,3,68,12,3,3,0.306,0.397,0.523,0.921,0.407,147.0,4.22
241,이정후,21,키움,CF,6.73,123,544,464,78,167,42,6,7,242,84,10,3,62,9,1,37,8,0,9,0.36,0.438,0.522,0.959,0.441,165.2,3.17
242,샌즈,19,키움,RF,6.16,139,613,525,100,160,39,1,28,285,113,1,2,77,6,1,101,17,0,5,0.305,0.396,0.543,0.939,0.421,163.0,3.45
243,이정후,20,키움,RF,5.56,140,617,544,85,181,49,5,15,285,101,12,2,59,4,6,47,16,2,8,0.333,0.397,0.524,0.921,0.406,142.8,3.81
244,박병호,19,키움,1B,5.46,122,532,432,92,121,22,0,33,242,98,0,1,78,13,5,117,7,0,9,0.28,0.399,0.56,0.959,0.422,165.8,2.21
245,이정후,19,키움,LF,4.88,140,630,574,91,193,31,10,6,262,68,13,7,45,4,0,40,15,3,4,0.336,0.386,0.456,0.842,0.386,135.1,1.39
246,김혜성,21,키움,SS,4.73,144,634,559,99,170,20,3,3,205,66,46,4,64,1,3,97,8,0,10,0.304,0.371,0.367,0.737,0.351,106.2,0.99
247,이정후,22,키움,CF,4.0,65,285,249,37,84,13,2,11,134,46,2,0,32,2,7,14,6,0,2,0.337,0.414,0.538,0.952,0.424,176.0,2.79
248,이용규,21,키움,LF,3.1,133,547,459,88,136,16,8,1,171,43,16,2,71,5,2,46,5,6,6,0.296,0.392,0.373,0.764,0.363,112.7,1.73
249,박동원,21,KIA,C,3.09,131,481,413,61,103,21,0,22,190,83,2,0,53,7,0,114,12,5,3,0.249,0.342,0.46,0.803,0.364,120.5,1.29
250,박동원,19,KIA,C,2.92,112,361,317,50,94,15,1,10,141,55,1,0,34,2,0,56,10,7,1,0.297,0.367,0.445,0.812,0.367,125.2,1.37
251,김혜성,20,키움,2B,2.72,142,553,499,80,142,24,6,7,199,61,25,7,46,2,0,94,6,2,4,0.285,0.345,0.399,0.744,0.341,98.7,1.38
252,서건창,19,LG,2B,2.34,113,486,426,67,128,23,3,2,163,41,17,3,49,3,1,50,5,3,5,0.3,0.373,0.383,0.755,0.352,112.6,0.1
253,박동원,20,KIA,C,2.24,112,372,324,45,81,21,0,12,138,50,0,0,38,6,0,68,10,2,2,0.25,0.338,0.426,0.764,0.345,104.5,0.23
254,김혜성,22,키움,2B,2.21,67,294,262,42,73,7,4,2,94,28,25,3,30,0,2,46,5,0,2,0.279,0.35,0.359,0.709,0.331,107.6,0.9
255,서건창,20,LG,DH,2.17,135,595,484,79,134,28,5,5,187,52,24,10,91,5,1,58,8,5,10,0.277,0.39,0.386,0.776,0.361,111.4,1.19
256,김혜성,19,키움,2B,1.9,122,387,348,57,96,17,6,0,125,32,20,3,29,2,1,85,4,4,4,0.276,0.332,0.359,0.691,0.319,88.1,0.25
257,박준태,20,키움,CF,1.89,128,443,347,71,85,13,1,5,115,29,5,1,65,19,0,120,4,9,3,0.245,0.389,0.331,0.721,0.344,101.8,0.81
258,박병호,20,키움,1B,1.81,93,383,309,56,69,7,0,21,139,66,0,0,57,9,2,114,8,0,8,0.223,0.353,0.45,0.802,0.357,115.7,0.5
259,서건창,21,LG,2B,1.7,76,332,277,45,72,12,1,4,98,28,6,4,45,6,2,43,9,1,3,0.26,0.372,0.354,0.725,0.348,105.4,0.43
260,송우현,21,키움,RF,1.51,69,282,250,34,74,17,2,3,104,42,1,1,28,2,1,49,4,1,1,0.296,0.37,0.416,0.786,0.368,117.4,0.62
261,박병호,21,키움,1B,1.47,118,477,409,48,93,23,0,20,176,76,0,1,47,14,3,141,9,0,7,0.227,0.323,0.43,0.753,0.343,106.4,0.01
262,허정협,20,키움,LF,1.28,111,360,314,45,84,12,0,10,126,43,0,0,40,2,0,73,7,3,1,0.268,0.353,0.401,0.754,0.346,104.5,1.38
263,푸이그,22,키움,RF,1.2,64,271,237,33,55,15,0,8,94,32,5,0,27,6,1,55,3,0,1,0.232,0.325,0.397,0.721,0.333,113.2,-0.07
264,이지영,20,키움,C,1.14,101,289,262,22,81,10,2,0,95,36,1,1,19,4,1,28,8,3,1,0.309,0.364,0.363,0.726,0.338,95.4,0.37
265,송성문,22,키움,3B,1.09,67,285,267,30,67,14,3,6,105,40,0,0,15,0,2,34,4,0,3,0.251,0.288,0.393,0.681,0.308,93.3,-0.26
266,송성문,21,키움,3B,0.94,66,274,245,30,61,10,1,6,91,33,0,0,25,1,0,42,2,2,1,0.249,0.32,0.371,0.691,0.323,90.2,0.26
267,이지영,19,키움,C,0.88,106,331,308,40,87,5,1,1,97,39,5,1,15,1,1,28,14,6,1,0.282,0.317,0.315,0.632,0.293,73.3,-1.51
268,김웅빈,21,키움,3B,0.78,97,278,231,23,55,13,1,5,85,34,1,1,34,9,2,73,2,2,2,0.238,0.355,0.368,0.723,0.341,101.6,0.26
269,김웅빈,20,키움,1B,0.75,73,235,207,25,57,13,0,8,94,31,1,0,17,3,1,65,6,5,3,0.275,0.335,0.454,0.789,0.344,104.1,0.14
270,전병우,20,키움,3B,0.71,119,402,359,46,85,13,3,8,128,48,7,0,37,2,0,100,7,2,2,0.237,0.31,0.357,0.667,0.307,77.8,0.2
271,김휘집,22,키움,SS,0.63,36,115,96,17,26,5,0,0,31,9,0,0,13,3,0,35,1,1,2,0.271,0.368,0.323,0.691,0.33,106.9,0.28
272,임병욱,19,키움,CF,0.57,117,419,379,39,92,17,5,0,119,41,10,2,23,11,0,110,6,6,0,0.243,0.305,0.314,0.619,0.29,69.1,0.33
273,김수환,22,키움,1B,0.55,24,79,67,9,17,4,0,3,30,8,0,0,10,1,0,22,0,1,0,0.254,0.359,0.448,0.807,0.367,137.5,-0.08
274,장영석,19,KIA,3B,0.53,119,413,372,41,92,15,0,7,128,62,0,0,27,9,0,77,14,0,5,0.247,0.31,0.344,0.654,0.307,83.4,0.11
275,전병우,21,키움,3B,0.44,114,260,213,35,40,8,0,6,66,31,3,1,33,9,0,82,0,4,1,0.188,0.32,0.31,0.63,0.304,78.4,-0.2
276,김주형,22,키움,SS,0.44,40,120,102,13,20,7,1,1,32,5,1,0,4,13,0,29,3,0,1,0.196,0.308,0.314,0.622,0.3,85.4,-0.87
277,러셀,20,키움,2B,0.42,65,271,244,22,62,14,0,2,82,31,2,0,22,2,1,37,6,0,3,0.254,0.317,0.336,0.653,0.305,75.0,-1.03
278,이지영,21,키움,C,0.33,108,257,232,29,63,5,1,0,70,30,3,1,19,1,2,17,10,2,3,0.272,0.326,0.302,0.627,0.299,71.1,-0.87
279,크레익,21,키움,1B,0.3,61,247,222,25,55,12,0,6,85,30,0,1,20,4,1,43,4,0,1,0.248,0.32,0.383,0.703,0.328,93.9,-0.52
280,김주형,21,키움,SS,0.3,36,70,50,5,9,3,0,0,12,5,1,0,4,13,0,15,0,3,0,0.18,0.388,0.24,0.628,0.324,86.2,0.13
281,박찬혁,22,키움,DH,0.29,38,137,125,13,26,5,0,6,49,16,0,1,8,4,0,54,0,0,0,0.208,0.277,0.392,0.669,0.308,97.8,-0.02
282,김규민,19,키움,LF,0.28,94,250,222,33,55,8,1,3,74,24,2,4,22,4,0,68,4,0,2,0.248,0.324,0.333,0.657,0.312,86.0,-0.62
283,김태진,22,키움,LF,0.21,20,84,78,14,24,2,0,0,26,4,0,2,4,0,0,7,0,1,1,0.308,0.337,0.333,0.671,0.312,94.5,-0.17
284,김주형,20,키움,3B,0.19,39,50,43,8,10,3,0,1,16,6,0,1,4,2,0,10,0,1,0,0.233,0.327,0.372,0.699,0.319,85.8,-0.33
285,김웅빈,22,키움,DH,0.18,17,58,51,11,13,3,0,1,19,6,0,1,7,0,1,19,0,0,0,0.255,0.345,0.373,0.717,0.331,110.1,-0.26
286,변상권,20,키움,CF,0.14,35,64,62,7,17,5,0,1,25,16,0,0,1,0,0,20,2,0,1,0.274,0.281,0.403,0.685,0.305,76.5,0.15
287,이지영,22,키움,C,0.13,62,200,185,10,42,5,3,0,53,15,0,0,11,0,0,24,5,4,0,0.227,0.27,0.286,0.557,0.258,55.8,-1.68
288,전병우,22,키움,1B,0.11,61,166,143,10,31,5,0,5,51,14,0,0,12,4,0,41,4,6,1,0.217,0.294,0.357,0.65,0.292,85.1,-0.83
289,김재현,21,키움,C,0.03,39,51,46,2,10,7,0,0,17,8,0,1,3,0,0,12,1,2,0,0.217,0.265,0.37,0.635,0.282,58.8,-0.21
290,박준태,21,키움,RF,0.03,27,58,46,10,9,3,0,0,12,4,1,0,10,2,0,16,0,0,0,0.196,0.362,0.261,0.623,0.321,86.6,-0.18
291,박주홍,22,키움,LF,0.03,20,56,48,4,11,1,1,0,14,3,0,0,8,0,1,18,1,0,0,0.229,0.339,0.292,0.631,0.299,84.7,-0.21
292,김준완,22,키움,LF,-0.04,38,96,73,11,14,2,1,0,18,4,0,0,16,3,0,14,1,2,2,0.192,0.351,0.247,0.598,0.295,82.2,-0.06
293,프레이타스,21,키움,DH,-0.04,43,148,139,13,36,10,0,2,52,14,0,0,7,1,0,29,7,0,1,0.259,0.297,0.374,0.671,0.313,81.8,-0.65
294,박정음,19,키움,LF,-0.09,60,88,71,13,14,2,1,0,18,7,6,5,11,5,0,31,1,1,0,0.197,0.345,0.254,0.598,0.3,75.9,-0.14
295,허정협,19,키움,LF,-0.13,37,77,68,3,16,1,0,0,17,8,0,0,7,1,0,19,1,0,1,0.235,0.312,0.25,0.562,0.277,61.9,-0.34
296,주효상,20,키움,C,-0.14,63,101,84,6,16,4,0,0,20,7,0,0,13,0,0,26,0,3,1,0.19,0.296,0.238,0.534,0.257,43.7,0.07
297,송성문,19,키움,3B,-0.16,103,335,308,33,70,12,5,3,101,34,2,1,19,0,0,53,7,4,4,0.227,0.269,0.328,0.597,0.272,57.6,-1.76
298,이택근,20,키움,LF,-0.21,20,64,57,5,11,5,0,0,16,7,0,0,7,0,0,21,1,0,0,0.193,0.281,0.281,0.562,0.269,51.6,-0.11
299,신준우,21,키움,SS,-0.25,56,51,42,7,7,3,0,0,10,4,0,1,4,3,0,21,1,1,1,0.167,0.28,0.238,0.518,0.256,42.9,-0.2
300,허정협,21,키움,LF,-0.37,28,51,45,4,7,0,0,0,7,2,0,0,6,0,0,10,1,0,0,0.156,0.255,0.156,0.411,0.218,19.0,0.11
301,김휘집,21,키움,3B,-0.38,34,89,70,9,9,1,0,1,13,8,1,0,13,2,0,23,0,3,1,0.129,0.279,0.186,0.465,0.238,33.6,-0.48
302,변상권,21,키움,LF,-0.4,72,171,159,19,38,5,4,0,51,20,0,0,9,0,0,40,2,0,3,0.239,0.275,0.321,0.596,0.279,56.1,0.62
303,박주홍,21,키움,DH,-0.45,23,56,47,4,5,2,0,0,7,3,1,1,9,0,0,21,1,0,0,0.106,0.25,0.149,0.399,0.217,18.3,-0.34
304,이용규,22,키움,LF,-0.49,29,130,110,15,20,3,0,0,23,8,4,2,16,1,0,11,1,1,2,0.182,0.287,0.209,0.496,0.247,50.2,-0.58
305,김규민,20,키움,LF,-0.56,54,111,101,13,21,2,1,1,28,6,1,0,5,1,0,24,3,3,1,0.208,0.25,0.277,0.527,0.24,31.9,-1.13
306,예진원,21,키움,CF,-0.75,52,132,114,16,18,6,1,1,29,8,0,1,12,2,0,28,2,3,1,0.158,0.248,0.254,0.502,0.24,32.5,-1.33
307,최정,21,SSG,3B,6.14,134,555,436,92,121,17,1,35,245,100,8,6,84,22,3,102,9,1,12,0.278,0.41,0.562,0.972,0.431,155.9,5.4
308,한유섬,21,SSG,RF,3.9,135,519,442,71,123,18,1,31,236,95,1,0,60,10,4,96,11,1,6,0.278,0.373,0.534,0.907,0.404,138.6,1.99
309,추신수,21,SSG,DH,3.89,137,580,461,84,122,19,2,21,208,69,25,9,103,12,4,123,8,0,4,0.265,0.409,0.451,0.86,0.4,137.4,4.59
310,박성한,21,SSG,SS,3.34,135,471,407,53,123,21,1,4,158,44,12,5,49,1,0,73,1,12,2,0.302,0.377,0.388,0.765,0.356,110.3,1.4
311,최지훈,22,SSG,CF,2.68,68,298,260,43,81,17,3,3,113,24,14,3,25,5,0,41,3,6,2,0.312,0.38,0.435,0.815,0.37,134.4,1.75
312,최정,22,SSG,3B,2.44,57,231,190,38,53,6,0,10,89,36,5,0,32,5,0,48,3,0,4,0.279,0.39,0.468,0.858,0.392,146.0,1.11
313,최주환,21,SSG,2B,2.36,116,470,406,50,104,16,0,18,174,67,2,1,53,9,4,84,7,0,2,0.256,0.353,0.429,0.782,0.361,111.2,-0.51
314,최지훈,21,SSG,CF,2.12,136,534,461,75,121,19,6,5,167,45,26,6,51,8,0,71,6,8,6,0.262,0.342,0.362,0.705,0.33,93.8,-0.19
315,박성한,22,SSG,SS,2.1,65,257,227,32,70,5,2,2,85,25,5,5,28,1,0,39,2,1,0,0.308,0.387,0.374,0.761,0.36,127.5,0.86
316,한유섬,22,SSG,RF,2.02,64,263,225,31,64,20,1,7,107,51,0,0,28,8,6,64,2,0,2,0.284,0.38,0.476,0.856,0.384,141.5,1.23
317,김성현,21,SSG,2B,1.65,110,274,237,27,67,15,0,6,100,37,5,2,29,0,0,29,8,4,4,0.283,0.356,0.422,0.778,0.357,109.8,1.24
318,이재원,21,SSG,C,1.5,107,313,271,29,76,13,0,3,98,30,0,2,29,5,4,47,14,6,2,0.28,0.358,0.362,0.72,0.334,95.2,0.18
319,추신수,22,SSG,DH,1.34,58,260,208,39,54,9,0,5,78,28,6,3,43,8,1,50,3,0,1,0.26,0.404,0.375,0.779,0.371,132.8,1.13
320,로맥,21,SSG,1B,1.13,107,421,355,55,80,11,0,20,151,52,1,0,59,4,1,83,9,0,3,0.225,0.34,0.425,0.765,0.354,105.5,-0.59
321,김강민,21,SSG,CF,0.88,122,260,223,43,53,12,1,8,91,27,3,3,25,6,1,52,3,3,3,0.238,0.327,0.408,0.735,0.336,95.1,-0.65
322,오태곤,21,SSG,1B,0.81,122,253,235,47,63,10,0,9,100,35,9,4,14,2,0,52,4,1,1,0.268,0.314,0.426,0.739,0.339,97.0,-0.33
323,이흥련,21,SSG,C,0.6,90,146,127,15,30,3,0,3,42,14,0,0,12,5,0,31,4,2,0,0.236,0.326,0.331,0.657,0.314,80.7,-0.02
324,김민식,22,SSG,C,0.52,29,83,66,12,19,3,1,0,24,8,0,0,12,1,0,9,1,3,1,0.288,0.4,0.364,0.764,0.35,122.1,-0.15
325,이현석,21,SSG,C,0.39,39,89,79,7,21,5,0,4,38,19,0,0,4,1,0,29,0,3,2,0.266,0.302,0.481,0.783,0.338,95.1,-0.14
326,김강민,22,SSG,CF,0.36,33,89,80,8,23,6,0,0,29,7,1,3,7,1,0,12,1,0,1,0.288,0.348,0.363,0.711,0.334,109.0,-0.05
327,이정범,21,SSG,LF,0.36,19,66,59,8,15,4,0,3,28,9,0,0,7,0,0,15,1,0,0,0.254,0.333,0.475,0.808,0.368,115.6,-0.13
328,하재훈,22,SSG,LF,0.25,23,50,46,5,10,2,1,3,23,7,1,0,2,1,0,16,0,0,1,0.217,0.26,0.5,0.76,0.332,106.5,-0.23
329,크론,22,SSG,1B,0.22,57,239,225,21,52,12,1,11,99,35,0,0,7,3,0,60,3,0,4,0.231,0.259,0.44,0.699,0.312,91.4,-0.46
330,최항,21,SSG,2B,0.22,34,79,69,5,19,2,1,0,23,7,1,0,6,2,1,16,4,1,1,0.275,0.346,0.333,0.68,0.319,86.6,-0.25
331,오준혁,21,SSG,DH,-0.0,26,50,46,7,10,2,0,2,18,5,0,0,4,0,0,15,2,0,0,0.217,0.28,0.391,0.671,0.309,76.5,-0.18
332,김찬형,21,SSG,2B,-0.0,71,135,110,18,22,6,0,2,34,6,0,0,14,3,0,27,1,8,0,0.2,0.307,0.309,0.616,0.282,60.2,-0.19
333,오준혁,22,SSG,RF,-0.02,33,53,48,3,12,1,0,0,13,2,0,0,4,0,0,12,3,1,0,0.25,0.308,0.271,0.579,0.274,68.0,-0.36
334,고종욱,21,KIA,LF,-0.12,88,199,180,25,48,5,0,2,59,18,2,3,16,0,0,30,6,1,2,0.267,0.323,0.328,0.651,0.311,80.0,0.0
335,오태곤,22,SSG,LF,-0.13,65,179,164,22,36,10,0,1,49,14,7,1,8,4,0,42,2,2,1,0.22,0.271,0.299,0.57,0.266,61.5,-0.13
336,정의윤,21,SSG,LF,-0.13,62,178,165,21,38,2,0,7,61,24,0,0,11,0,1,37,5,0,2,0.23,0.275,0.37,0.645,0.295,67.3,-0.04
337,이흥련,22,SSG,C,-0.17,22,55,45,4,6,2,0,0,8,1,0,0,5,2,0,22,2,3,0,0.133,0.25,0.178,0.428,0.209,21.4,-0.48
338,이재원,22,SSG,C,-0.25,43,116,106,7,21,3,0,0,24,12,1,0,4,3,0,24,6,2,1,0.198,0.246,0.226,0.472,0.224,33.3,-0.6
339,최주환,22,SSG,2B,-0.46,46,159,143,14,23,5,2,2,38,19,0,0,12,2,1,26,3,0,2,0.161,0.233,0.266,0.498,0.233,40.1,-0.7
340,김성현,22,SSG,2B,-0.78,61,148,125,12,24,2,1,0,28,12,0,2,11,1,0,13,9,10,1,0.192,0.261,0.224,0.485,0.221,32.4,-0.63
341,정은원,21,한화,2B,4.46,139,608,495,85,140,22,5,6,190,39,19,11,105,1,1,105,9,4,3,0.283,0.407,0.384,0.791,0.379,126.6,1.76
342,노시환,21,한화,3B,3.75,107,458,380,56,103,18,1,18,177,84,5,2,73,1,9,107,15,0,4,0.271,0.387,0.466,0.852,0.387,131.8,1.82
343,호잉,18,한화,RF,3.72,142,590,529,85,162,47,2,30,303,110,23,9,51,5,10,93,5,0,5,0.306,0.37,0.573,0.942,0.391,124.8,4.72
344,최재훈,21,한화,C,3.67,116,467,375,52,103,21,0,7,145,44,3,2,71,13,2,68,16,5,3,0.275,0.405,0.387,0.791,0.376,124.6,1.03
345,최재훈,19,한화,C,3.55,135,451,373,47,108,18,0,3,135,31,3,10,56,14,0,61,9,4,4,0.29,0.398,0.362,0.76,0.362,122.0,-0.01
346,호잉,19,한화,RF,3.51,124,525,476,74,135,26,2,18,219,73,22,7,38,5,5,90,6,1,5,0.284,0.34,0.46,0.8,0.359,120.9,1.69
347,하주석,21,한화,SS,3.09,138,594,525,84,143,27,3,10,206,68,23,6,51,10,1,135,9,5,3,0.272,0.346,0.392,0.739,0.345,104.4,-1.37
348,최재훈,20,한화,C,2.77,126,389,339,46,102,19,0,3,130,36,0,0,29,16,0,44,7,5,0,0.301,0.383,0.383,0.766,0.358,111.1,0.51
349,이성열,19,한화,RF,2.45,129,476,414,60,106,21,1,21,192,85,8,4,48,9,1,114,7,1,4,0.256,0.343,0.464,0.807,0.364,124.7,1.76
350,정은원,22,한화,2B,2.25,64,277,240,35,69,11,1,5,97,28,5,0,34,0,0,54,5,1,2,0.288,0.373,0.404,0.777,0.361,130.0,-0.21
351,이용규,20,한화,CF,2.21,120,487,419,60,120,14,2,1,141,32,17,8,59,6,0,36,9,2,1,0.286,0.381,0.337,0.718,0.345,102.8,1.07
352,터크먼,22,한화,CF,2.2,66,294,264,42,79,16,2,3,108,14,13,6,25,3,2,52,7,0,2,0.299,0.364,0.409,0.773,0.357,127.5,-0.61
353,정은원,19,한화,2B,2.06,142,624,564,83,148,27,6,8,211,57,14,7,48,0,0,101,6,6,6,0.262,0.317,0.374,0.691,0.317,91.8,0.05
354,노시환,22,한화,3B,2.03,56,230,196,29,58,11,1,3,80,31,2,2,31,2,0,45,8,0,1,0.296,0.396,0.408,0.804,0.377,141.0,1.58
355,김태연,21,한화,3B,1.91,53,220,176,29,53,12,0,3,74,34,5,3,34,5,0,44,4,0,5,0.301,0.418,0.42,0.839,0.397,138.8,1.99
356,김태균,19,한화,DH,1.9,127,500,433,47,132,21,0,6,171,62,3,0,54,5,5,94,15,0,8,0.305,0.382,0.395,0.777,0.36,121.8,0.4
357,이성열,18,한화,DH,1.87,131,528,485,76,143,21,1,34,268,102,9,7,35,5,3,143,9,1,2,0.295,0.347,0.553,0.9,0.377,114.2,3.15
358,이용규,18,한화,CF,1.84,134,575,491,82,144,14,1,1,163,36,30,11,59,12,0,62,8,8,5,0.293,0.379,0.332,0.711,0.331,88.6,-0.72
359,정근우,18,한화,2B,1.64,102,425,375,63,114,24,1,11,173,57,6,5,39,7,1,43,12,1,3,0.304,0.377,0.461,0.839,0.369,111.8,2.9
360,송광민,18,한화,3B,1.58,113,460,434,63,129,24,0,18,207,79,4,4,18,4,0,93,13,0,4,0.297,0.328,0.477,0.805,0.346,96.4,1.16
361,강경학,18,KIA,2B,1.38,77,289,245,42,68,11,1,5,96,27,6,3,38,4,0,59,7,1,1,0.278,0.382,0.392,0.774,0.353,101.4,0.77
362,반즈,20,한화,1B,1.23,74,319,283,38,75,17,1,9,121,42,2,1,27,7,1,81,4,0,2,0.265,0.342,0.428,0.769,0.349,104.5,0.31
363,이성곤,21,한화,1B,1.06,60,206,172,17,46,12,2,1,65,24,1,3,29,3,0,52,4,1,1,0.267,0.381,0.378,0.758,0.363,116.0,-0.81
364,송광민,19,한화,3B,1.04,122,486,454,50,119,21,0,7,161,51,8,2,21,3,0,91,18,3,5,0.262,0.296,0.355,0.651,0.3,80.0,-1.6
365,정은원,20,한화,2B,0.92,79,303,254,28,63,9,2,3,85,29,1,1,41,5,0,41,4,2,1,0.248,0.362,0.335,0.697,0.332,94.1,-0.2
366,노시환,20,한화,3B,0.83,107,387,346,46,76,18,2,12,134,43,0,1,33,6,1,116,8,1,1,0.22,0.298,0.387,0.685,0.31,78.7,-2.1
367,하주석,20,한화,SS,0.83,72,281,262,22,75,11,0,2,92,32,4,1,13,2,0,66,3,2,2,0.286,0.323,0.351,0.674,0.312,81.0,-0.5
368,김인환,22,한화,1B,0.83,39,145,135,18,38,6,0,7,65,23,0,0,9,0,0,38,2,0,1,0.281,0.324,0.481,0.806,0.364,131.1,0.23
369,최재훈,18,한화,C,0.77,128,341,298,36,78,17,0,1,98,27,8,0,20,15,0,61,8,6,2,0.262,0.337,0.329,0.666,0.305,71.1,-0.34
370,정근우,19,한화,CF,0.75,88,305,277,37,77,10,1,3,98,30,8,5,20,4,1,43,11,3,1,0.278,0.334,0.354,0.688,0.32,94.3,-0.5
371,페레즈,21,한화,1B,0.69,59,252,225,26,60,15,1,5,92,33,4,5,17,4,0,52,4,0,6,0.267,0.321,0.409,0.73,0.337,98.6,-0.5
372,지성준,18,롯데,C,0.61,99,224,207,22,57,7,0,7,85,29,1,0,12,2,0,55,6,2,1,0.275,0.32,0.411,0.73,0.319,78.7,2.43
373,장진혁,19,한화,CF,0.61,113,349,315,42,80,16,5,1,109,24,13,5,26,5,0,74,4,2,1,0.254,0.32,0.346,0.666,0.312,88.2,-0.72
374,오선진,19,삼성,SS,0.59,122,453,392,37,88,16,0,3,113,36,7,2,38,10,0,72,8,10,3,0.224,0.307,0.288,0.595,0.281,66.7,-1.28
375,김태균,18,한화,DH,0.47,73,271,254,25,80,11,0,10,121,34,0,1,13,4,1,56,7,0,0,0.315,0.358,0.476,0.834,0.364,108.2,1.53
376,이해창,20,한화,C,0.46,70,135,119,11,32,5,0,3,46,17,0,2,9,4,0,23,6,1,2,0.269,0.336,0.387,0.722,0.33,92.7,-0.29
377,이진영,22,한화,RF,0.45,42,153,142,24,32,8,1,7,63,25,2,1,10,0,0,57,2,0,1,0.225,0.275,0.444,0.718,0.322,102.4,-0.79
378,최재훈,22,한화,C,0.42,57,226,188,18,37,5,0,1,45,12,1,0,24,10,0,37,7,2,1,0.197,0.318,0.239,0.558,0.277,70.9,-0.95
379,강경학,20,KIA,2B,0.4,94,238,193,25,44,7,1,4,65,19,1,2,35,3,0,64,2,5,2,0.228,0.352,0.337,0.689,0.322,86.8,0.57
380,힐리,21,한화,1B,0.35,67,268,249,27,64,11,1,7,98,37,2,1,16,2,0,58,6,0,1,0.257,0.306,0.394,0.7,0.325,91.0,-0.57
381,김회성,18,한화,3B,0.34,58,102,85,15,22,5,0,4,39,17,1,0,11,3,0,26,3,3,0,0.259,0.364,0.459,0.823,0.351,98.8,0.25
382,최진행,19,한화,LF,0.34,45,129,117,10,27,6,0,6,51,19,0,0,9,2,0,28,3,0,1,0.231,0.295,0.436,0.731,0.33,100.5,0.09
383,김민하,20,한화,RF,0.34,36,85,74,10,21,6,0,1,30,11,0,0,8,2,0,16,2,1,0,0.284,0.369,0.405,0.775,0.356,109.5,-0.01
384,지성준,19,롯데,C,0.33,58,109,104,7,26,6,0,2,38,11,0,0,5,0,0,21,3,0,0,0.25,0.284,0.365,0.65,0.3,79.7,-1.02
385,정진호,20,한화,LF,0.32,113,326,282,30,78,14,1,2,100,19,9,7,29,3,1,50,5,10,2,0.277,0.348,0.355,0.703,0.32,85.8,-0.84
386,정은원,18,한화,2B,0.32,98,227,201,33,50,5,3,4,73,20,5,1,22,1,0,50,0,2,1,0.249,0.324,0.363,0.688,0.308,71.5,-0.46
387,노수광,21,한화,CF,0.3,52,180,160,21,37,7,0,3,53,14,13,1,17,1,0,46,1,2,0,0.231,0.309,0.331,0.64,0.304,76.4,-0.64
388,박상언,22,한화,C,0.29,25,54,49,8,13,3,0,2,22,7,0,2,3,0,0,9,0,2,0,0.265,0.308,0.449,0.757,0.331,108.8,0.06
389,최인호,21,한화,LF,0.27,49,164,136,17,28,6,0,4,46,23,2,1,24,2,0,43,1,0,2,0.206,0.329,0.338,0.668,0.321,87.7,-0.76
390,하주석,18,한화,SS,0.26,141,517,484,67,123,20,3,9,176,52,14,12,28,4,0,130,7,1,0,0.254,0.3,0.364,0.664,0.296,64.3,-1.46
391,강경학,19,KIA,SS,0.25,52,135,113,21,27,4,0,0,31,12,1,2,15,3,0,32,3,3,1,0.239,0.341,0.274,0.615,0.297,77.6,-0.26
392,김민하,19,한화,LF,0.22,72,140,125,14,32,6,0,2,44,14,5,2,9,3,0,41,4,2,1,0.256,0.319,0.352,0.671,0.311,87.7,-0.66
393,김회성,19,한화,1B,0.17,58,117,104,7,24,4,0,3,37,18,2,1,11,0,0,24,1,1,1,0.231,0.302,0.356,0.658,0.303,82.2,0.16
394,박정현,22,한화,1B,0.15,40,117,111,14,28,1,1,3,40,12,2,1,5,0,0,31,1,1,0,0.252,0.285,0.36,0.645,0.296,84.7,-0.53
395,박정현,20,한화,SS,0.13,30,64,61,6,17,3,0,1,23,9,0,0,3,0,0,17,2,0,0,0.279,0.313,0.377,0.69,0.317,84.2,-0.05
396,하주석,22,한화,SS,0.12,60,222,202,23,43,7,0,3,59,31,10,3,16,2,1,62,2,0,2,0.213,0.275,0.292,0.567,0.267,64.5,-0.07
397,노수광,20,한화,CF,0.05,71,247,216,26,53,8,1,0,63,16,9,3,27,2,2,48,2,1,1,0.245,0.333,0.292,0.625,0.299,72.3,-0.77
398,김문호,20,한화,1B,0.05,18,52,46,6,10,1,0,2,17,5,0,0,5,1,0,11,1,0,0,0.217,0.308,0.37,0.677,0.312,80.3,0.17
399,조한민,21,한화,RF,0.05,52,145,127,15,25,6,2,5,50,18,3,2,13,2,0,57,4,1,2,0.197,0.278,0.394,0.672,0.305,77.6,-0.92
400,김민하,21,한화,RF,0.04,46,142,115,14,24,4,1,1,33,17,6,3,17,8,0,36,3,0,2,0.209,0.345,0.287,0.632,0.317,85.1,-0.49
401,변우혁,19,한화,1B,-0.01,29,61,53,7,12,1,0,1,16,2,0,0,7,1,0,17,3,0,0,0.226,0.328,0.302,0.63,0.306,84.3,-0.35
402,조한민,20,한화,SS,-0.07,25,52,50,7,11,4,0,0,15,2,0,0,0,2,0,22,0,0,0,0.22,0.25,0.3,0.55,0.255,43.5,-0.25
403,최진행,20,한화,DH,-0.08,84,240,214,23,50,5,0,8,79,30,0,0,18,5,0,59,11,0,3,0.234,0.304,0.369,0.673,0.309,78.1,-0.59
404,이성곤,22,한화,1B,-0.1,27,80,68,4,14,3,0,0,17,4,1,1,12,0,0,23,0,0,0,0.206,0.325,0.25,0.575,0.286,78.0,-0.1
405,백창수,18,한화,LF,-0.11,70,169,152,21,37,15,1,3,63,18,0,0,12,4,0,36,5,0,1,0.243,0.314,0.414,0.728,0.32,79.1,-0.47
406,양성우,18,한화,LF,-0.12,73,236,209,32,53,9,0,2,68,13,1,1,22,4,2,32,8,0,1,0.254,0.335,0.325,0.66,0.304,69.8,-0.19
407,오선진,20,삼성,SS,-0.13,93,222,197,17,46,4,0,2,56,17,0,1,16,3,0,39,10,6,0,0.234,0.301,0.284,0.585,0.274,55.6,-1.03
408,이도윤,22,한화,SS,-0.16,48,84,78,7,14,5,0,1,22,4,3,1,4,0,0,24,0,1,1,0.179,0.217,0.282,0.499,0.228,37.6,-0.74
409,허관회,21,한화,C,-0.16,28,79,63,4,12,0,0,0,12,2,0,0,13,1,0,22,1,0,2,0.19,0.329,0.19,0.52,0.277,58.2,-0.57
410,이동훈,18,한화,LF,-0.17,28,50,46,6,11,1,0,1,15,2,0,1,3,1,0,8,1,0,0,0.239,0.3,0.326,0.626,0.286,57.6,-0.33
411,송광민,20,한화,3B,-0.19,94,298,277,31,65,12,0,9,104,43,0,0,14,3,1,69,17,1,3,0.235,0.276,0.375,0.652,0.291,66.5,-1.29
412,임종찬,22,한화,RF,-0.24,20,57,53,2,10,1,0,2,17,6,0,1,3,0,1,23,1,0,1,0.189,0.228,0.321,0.549,0.243,47.5,-0.12
413,노수광,22,한화,LF,-0.24,55,181,161,13,35,7,5,1,55,17,8,4,15,0,1,56,0,4,1,0.217,0.283,0.342,0.624,0.28,74.7,-0.54
414,노태형,20,한화,2B,-0.27,55,113,102,14,22,4,1,0,28,6,0,1,7,3,0,31,0,1,0,0.216,0.286,0.275,0.56,0.267,51.6,-0.28
415,백용환,21,한화,C,-0.27,36,95,81,10,12,1,0,4,25,4,0,0,9,3,0,24,4,2,0,0.148,0.258,0.309,0.567,0.265,50.3,0.44
416,이성열,21,한화,DH,-0.27,46,140,119,15,25,8,0,2,39,20,1,0,18,1,0,36,2,0,2,0.21,0.314,0.328,0.642,0.308,79.0,0.32
417,김태연,22,한화,3B,-0.28,49,185,166,18,34,6,0,2,46,23,1,2,15,2,1,46,5,0,2,0.205,0.276,0.277,0.553,0.262,61.1,-1.44
418,유장혁,19,한화,LF,-0.28,38,61,55,10,9,1,0,1,13,4,3,0,5,0,0,17,0,0,1,0.164,0.23,0.236,0.466,0.223,27.0,-0.38
419,장운호,21,한화,RF,-0.3,102,338,285,36,67,10,0,0,77,28,3,6,36,7,0,77,7,7,3,0.235,0.332,0.27,0.603,0.295,71.0,-1.65
420,장지승,21,한화,RF,-0.3,24,72,61,7,11,1,0,1,15,5,2,0,7,1,0,24,4,2,1,0.18,0.271,0.246,0.517,0.249,40.1,-0.7
421,오선진,18,삼성,3B,-0.32,56,148,133,14,30,4,0,1,37,9,3,0,7,5,0,33,2,3,0,0.226,0.29,0.278,0.568,0.261,42.0,-0.69
422,홍창기,21,LG,CF,6.98,144,651,524,103,172,26,2,4,214,52,23,8,110,15,4,95,6,0,2,0.328,0.456,0.408,0.865,0.417,152.6,4.47
423,김현수,20,LG,LF,5.31,142,619,547,98,181,35,2,22,286,119,0,2,63,2,7,53,9,0,7,0.331,0.397,0.523,0.92,0.407,148.4,5.17
424,김현수,18,LG,LF,4.79,117,511,453,95,164,39,2,20,267,101,1,3,47,1,6,61,9,0,10,0.362,0.415,0.589,1.004,0.424,155.2,4.23
425,채은성,18,LG,RF,4.73,139,578,529,78,175,36,2,25,290,119,3,1,35,9,1,97,12,0,5,0.331,0.379,0.548,0.927,0.396,137.5,3.44
426,오지환,20,LG,SS,4.41,141,591,527,95,158,41,7,10,243,71,20,8,45,9,1,116,4,5,5,0.3,0.362,0.461,0.823,0.368,119.9,1.21
427,라모스,20,LG,1B,4.35,117,494,431,74,120,17,2,38,255,86,2,0,55,4,5,136,7,0,4,0.278,0.362,0.592,0.954,0.407,153.6,2.45
428,이천웅,19,LG,CF,3.98,138,613,546,88,168,24,3,2,204,48,21,10,57,5,1,82,13,4,1,0.308,0.378,0.374,0.751,0.353,114.3,2.02
429,홍창기,20,LG,CF,3.91,135,507,408,87,114,29,6,5,170,39,11,5,83,10,1,87,8,3,3,0.279,0.411,0.417,0.827,0.384,129.5,2.81
430,유강남,18,LG,C,3.68,132,465,425,53,126,33,0,19,216,66,0,0,28,9,1,80,21,2,1,0.296,0.352,0.508,0.86,0.368,118.7,-0.62
431,김현수,19,LG,LF,3.57,140,595,526,75,160,37,0,11,230,82,3,1,54,6,9,52,11,0,9,0.304,0.37,0.437,0.807,0.366,125.8,3.29
432,오지환,19,LG,SS,3.37,134,547,473,63,119,23,5,9,179,53,27,5,57,7,1,113,7,7,3,0.252,0.339,0.378,0.717,0.33,100.8,0.85
433,유강남,19,LG,C,3.35,132,468,418,44,113,22,0,16,183,49,0,0,30,13,2,82,21,1,6,0.27,0.334,0.438,0.772,0.35,117.0,-0.0
434,김현수,21,LG,LF,3.31,140,595,506,70,144,23,1,17,220,97,3,0,77,3,5,42,7,0,9,0.285,0.377,0.435,0.811,0.375,128.3,3.02
435,채은성,19,LG,RF,3.16,128,513,469,59,148,18,1,12,204,72,2,2,24,12,1,66,9,0,8,0.316,0.359,0.435,0.794,0.364,124.5,-0.31
436,이형종,18,LG,CF,3.05,118,485,437,83,138,27,0,13,204,42,6,4,31,12,0,82,6,5,0,0.316,0.377,0.467,0.844,0.37,117.8,2.16
437,이형종,19,LG,LF,2.99,120,482,419,56,120,24,1,13,185,63,6,5,42,10,1,78,9,1,10,0.286,0.358,0.442,0.799,0.363,125.2,0.34
438,유강남,20,LG,C,2.91,137,478,429,51,112,18,0,16,178,74,1,1,32,13,1,84,18,2,2,0.261,0.33,0.415,0.745,0.337,101.7,0.77
439,채은성,21,LG,RF,2.86,110,448,387,59,107,20,0,16,175,82,4,2,38,16,2,80,9,0,7,0.276,0.359,0.452,0.812,0.373,128.2,2.6
440,오지환,18,LG,SS,2.83,144,617,533,93,148,26,2,11,211,71,10,5,59,7,3,146,6,12,6,0.278,0.354,0.396,0.75,0.329,89.4,2.62
441,김현수,22,LG,LF,2.76,66,286,255,44,74,15,1,13,130,53,1,1,27,4,4,28,3,0,0,0.29,0.367,0.51,0.877,0.393,158.3,1.52
442,이형종,20,LG,RF,2.73,81,323,287,41,85,17,2,17,157,50,1,0,27,7,1,61,7,0,2,0.296,0.368,0.547,0.916,0.401,146.7,0.05
443,이천웅,18,LG,LF,2.41,112,405,359,61,122,22,3,2,156,39,10,10,39,3,2,48,11,2,2,0.34,0.407,0.435,0.842,0.377,119.7,1.65
444,오지환,21,LG,SS,2.33,134,532,464,62,118,19,2,8,165,57,12,6,54,5,0,82,11,4,5,0.254,0.335,0.356,0.691,0.327,93.9,-0.53
445,유강남,21,LG,C,2.2,130,441,397,39,100,16,0,11,149,60,2,0,25,14,1,75,11,3,2,0.252,0.317,0.375,0.693,0.323,93.3,-0.94
446,채은성,20,LG,RF,2.08,109,464,416,59,122,17,2,15,188,88,0,3,32,9,1,69,12,0,7,0.293,0.351,0.452,0.803,0.361,116.9,-0.14
447,오지환,22,LG,SS,1.94,67,266,238,31,59,8,1,10,99,35,9,2,22,2,1,45,5,3,1,0.248,0.316,0.416,0.732,0.331,113.2,0.83
448,홍창기,22,LG,RF,1.76,59,278,235,41,70,10,3,1,89,29,4,4,28,10,0,37,4,1,4,0.298,0.39,0.379,0.769,0.362,129.1,1.5
449,박해민,22,LG,CF,1.68,67,293,253,41,71,6,3,2,89,24,14,3,28,5,0,38,3,5,2,0.281,0.361,0.352,0.713,0.333,109.0,0.42
450,김민성,19,LG,3B,1.66,107,401,361,44,94,16,0,8,134,50,2,1,30,4,0,75,12,5,1,0.26,0.323,0.371,0.694,0.32,94.6,0.43
451,가르시아,18,LG,3B,1.53,50,206,183,27,62,9,0,8,95,34,5,0,9,8,0,25,3,0,6,0.339,0.384,0.519,0.903,0.388,131.4,0.32
452,문성주,22,LG,DH,1.44,40,151,123,18,42,9,2,2,61,17,5,3,22,1,0,17,5,4,1,0.341,0.442,0.496,0.938,0.419,170.3,0.86
453,박용택,18,LG,DH,1.38,134,583,524,89,159,38,1,15,244,76,3,3,47,5,0,107,21,0,7,0.303,0.362,0.466,0.828,0.362,112.7,2.63
454,양석환,18,두산,3B,1.37,140,519,483,53,127,27,0,22,220,82,2,2,24,6,0,81,9,1,5,0.263,0.303,0.455,0.759,0.324,89.6,0.37
455,채은성,22,LG,1B,1.36,56,236,208,19,60,13,1,4,87,34,2,3,14,9,0,33,5,0,5,0.288,0.352,0.418,0.77,0.355,127.2,-0.11
456,페게로,19,LG,1B,1.22,52,214,199,24,57,10,0,9,94,44,2,1,12,2,0,63,2,0,1,0.286,0.332,0.472,0.804,0.364,127.3,1.8
457,문보경,21,LG,1B,1.06,107,329,278,37,64,11,1,8,101,39,3,1,46,0,1,64,5,3,2,0.23,0.337,0.363,0.701,0.329,97.1,0.79
458,유강남,22,LG,C,1.04,65,231,203,29,50,10,0,2,66,22,0,0,23,2,0,48,5,2,1,0.246,0.328,0.325,0.653,0.308,93.9,0.46
459,김민성,20,LG,3B,0.96,87,333,297,29,79,20,0,5,114,47,2,1,24,4,2,66,8,4,4,0.266,0.325,0.384,0.709,0.319,87.8,-0.3
460,이재원,22,LG,DH,0.94,31,108,96,15,25,2,2,7,52,24,1,1,8,4,2,34,1,0,0,0.26,0.343,0.542,0.884,0.389,156.2,0.44
461,이형종,21,LG,DH,0.93,90,281,239,32,52,11,0,10,93,34,3,1,34,7,1,65,10,1,0,0.218,0.332,0.389,0.721,0.338,104.8,-2.58
462,조셉,19,LG,1B,0.91,55,217,197,17,54,3,0,9,84,36,0,1,14,4,0,46,3,0,2,0.274,0.332,0.426,0.758,0.347,115.6,0.07
463,정주현,18,LG,2B,0.85,115,339,303,48,79,14,2,6,115,31,18,3,27,2,0,68,9,6,1,0.261,0.324,0.38,0.704,0.31,76.9,1.63
464,문보경,22,LG,3B,0.84,53,174,157,15,42,7,0,3,58,17,1,0,14,1,0,26,3,0,2,0.268,0.328,0.369,0.697,0.325,106.5,-0.3
465,김민성,21,LG,3B,0.83,121,426,360,35,80,22,0,8,126,39,3,3,42,8,2,73,7,11,5,0.222,0.313,0.35,0.663,0.305,80.7,-0.6
466,서건창,21,LG,2B,0.76,68,267,235,33,58,12,1,2,78,24,6,0,24,3,0,34,5,4,1,0.247,0.323,0.332,0.655,0.31,82.1,-0.29
467,라모스,21,LG,1B,0.58,51,205,185,14,45,7,1,8,78,25,0,0,18,2,0,43,2,0,0,0.243,0.317,0.422,0.739,0.341,107.1,-0.15
468,이천웅,20,LG,CF,0.58,89,359,312,44,80,11,2,3,104,36,8,5,35,4,0,44,7,2,6,0.256,0.333,0.333,0.667,0.313,81.7,-0.87
469,정주현,21,LG,2B,0.43,73,214,181,26,43,7,1,3,61,10,3,3,24,0,0,32,4,9,0,0.238,0.327,0.337,0.664,0.306,79.7,-0.7
470,박용택,20,LG,DH,0.39,97,236,217,22,65,15,0,2,86,35,2,0,15,0,1,34,7,0,4,0.3,0.339,0.396,0.735,0.335,97.2,0.08
471,박용택,19,LG,DH,0.34,64,215,195,19,55,9,0,1,67,22,3,1,18,0,1,30,3,0,2,0.282,0.34,0.344,0.683,0.321,92.7,-0.85
472,서상우,18,LG,,0.32,51,84,69,10,20,0,0,2,26,14,0,1,12,1,0,18,1,0,2,0.29,0.393,0.377,0.77,0.354,106.5,-0.01
473,이영빈,21,LG,1B,0.27,72,169,148,21,36,9,0,2,51,16,6,3,15,3,0,51,1,2,1,0.243,0.323,0.345,0.668,0.316,86.6,0.22
474,이재원,21,LG,RF,0.25,62,171,154,22,38,6,0,5,59,17,5,1,14,2,0,48,2,0,1,0.247,0.316,0.383,0.699,0.327,96.4,-0.6
475,양석환,20,두산,3B,0.18,40,132,118,8,29,5,0,3,43,13,0,0,10,2,0,25,1,2,0,0.246,0.315,0.364,0.68,0.31,82.6,-0.75
476,송찬의,22,LG,2B,0.11,27,69,63,6,14,3,0,2,23,8,2,1,2,3,0,20,0,0,1,0.222,0.275,0.365,0.64,0.295,88.1,-0.38
477,이상호,21,LG,2B,0.11,45,68,65,5,20,2,0,0,22,12,2,1,1,0,0,10,2,2,0,0.308,0.318,0.338,0.657,0.303,75.4,0.01
478,전민수,19,LG,,0.08,75,105,95,8,23,7,0,0,30,8,2,1,9,0,0,18,4,1,0,0.242,0.308,0.316,0.624,0.294,74.1,-0.03
479,정주현,20,LG,2B,0.04,134,371,328,50,81,10,4,4,111,30,8,7,29,3,0,63,6,9,2,0.247,0.312,0.338,0.651,0.297,71.1,-0.59
480,이천웅,21,LG,CF,0.03,68,211,181,20,36,7,0,2,49,16,3,2,25,3,0,23,11,1,1,0.199,0.305,0.271,0.576,0.284,65.2,-0.82
481,정주현,19,LG,2B,0.01,129,425,376,53,87,19,2,2,116,27,15,6,31,1,0,91,10,16,1,0.231,0.291,0.309,0.6,0.273,60.1,-0.98
482,김호은,20,LG,1B,0.0,69,112,103,12,25,5,0,2,36,11,0,0,7,2,0,14,2,0,0,0.243,0.304,0.35,0.653,0.303,77.5,0.74
483,장준원,20,KT,3B,0.0,46,68,60,10,13,3,0,1,19,6,0,0,6,0,0,7,2,1,1,0.217,0.284,0.317,0.6,0.275,58.5,-0.04
484,이성우,20,LG,C,-0.0,72,88,77,7,18,1,0,3,28,11,0,0,6,0,0,14,3,5,0,0.234,0.289,0.364,0.653,0.282,64.4,-0.28
485,신민재,19,LG,2B,-0.01,81,93,80,25,19,3,0,0,22,5,10,8,8,3,0,17,0,1,1,0.238,0.326,0.275,0.601,0.291,72.2,-0.18
486,서건창,22,LG,2B,-0.02,47,151,137,24,29,7,0,1,39,11,5,1,10,1,0,25,5,2,1,0.212,0.269,0.285,0.553,0.259,59.7,-1.22
487,정상호,18,LG,C,-0.05,70,128,112,11,25,4,0,1,32,9,0,1,8,5,0,35,3,3,0,0.223,0.304,0.286,0.59,0.272,50.4,-1.22
488,김용의,20,LG,1B,-0.05,101,75,70,28,19,1,1,1,25,12,7,3,3,0,0,15,2,1,1,0.271,0.297,0.357,0.654,0.295,69.6,0.06
489,정근우,20,LG,2B,-0.1,72,177,154,23,37,4,0,1,44,14,7,2,17,2,1,23,4,3,1,0.24,0.322,0.286,0.608,0.287,64.4,0.1
490,문성주,21,LG,LF,-0.13,31,89,79,11,18,1,0,1,22,10,1,1,7,2,0,15,1,0,1,0.228,0.303,0.278,0.582,0.286,65.3,-0.68
491,김용의,19,LG,1B,-0.18,114,210,179,35,39,5,3,0,50,17,8,3,24,2,1,38,1,4,1,0.218,0.316,0.279,0.595,0.282,65.1,-0.35
492,루이즈,22,LG,3B,-0.2,27,94,84,10,13,4,1,1,22,6,1,0,9,0,0,13,5,0,1,0.155,0.234,0.262,0.496,0.235,43.3,-0.9
493,김재성,21,LG,C,-0.23,58,73,65,6,9,2,1,1,16,3,1,0,5,1,0,13,2,1,1,0.138,0.208,0.246,0.455,0.214,18.1,-0.74
494,구본혁,19,LG,3B,-0.28,57,95,85,10,15,1,0,1,19,6,2,1,6,2,0,17,0,1,1,0.176,0.245,0.224,0.468,0.226,29.0,-0.53
495,김민성,22,LG,3B,-0.3,46,99,89,8,18,3,0,0,21,8,0,1,6,1,0,17,1,3,0,0.202,0.26,0.236,0.496,0.234,41.0,-0.38
496,윤진호,18,LG,2B,-0.31,102,61,53,13,11,3,0,0,14,4,0,1,2,2,0,14,2,4,0,0.208,0.263,0.264,0.527,0.23,22.0,-0.81
497,임훈,18,LG,LF,-0.32,54,88,83,10,19,3,0,2,28,7,0,0,3,0,0,15,3,2,0,0.229,0.256,0.337,0.593,0.256,41.5,-0.44
498,이성우,19,LG,C,-0.33,54,74,64,2,10,3,0,0,13,6,0,0,4,3,0,11,2,3,0,0.156,0.239,0.203,0.443,0.212,18.9,-0.26
499,박지규,18,LG,2B,-0.37,26,53,47,6,8,2,0,1,13,5,2,0,3,0,0,17,2,2,1,0.17,0.216,0.277,0.492,0.21,11.0,-0.38
500,구본혁,20,LG,3B,-0.42,125,98,86,20,14,0,1,1,19,7,0,0,7,2,0,18,2,3,0,0.163,0.242,0.221,0.463,0.22,19.9,-0.22
501,보어,21,LG,1B,-0.43,32,117,100,7,17,2,0,3,28,17,0,0,11,3,0,30,2,0,3,0.17,0.265,0.28,0.545,0.263,52.8,-0.23
502,강승호,18,두산,2B,-0.63,32,109,94,4,18,4,0,1,25,10,1,1,9,2,0,30,1,3,1,0.191,0.274,0.266,0.54,0.246,33.8,-0.43
503,전준우,18,롯데,LF,5.67,144,614,556,118,190,36,2,33,329,90,7,7,48,7,1,82,12,1,2,0.342,0.4,0.592,0.991,0.421,146.3,5.45
504,손아섭,18,롯데,RF,5.3,141,625,553,109,182,32,5,26,302,93,20,3,68,2,1,99,15,1,1,0.329,0.404,0.546,0.95,0.409,138.6,4.35
505,전준우,21,롯데,LF,4.93,144,619,552,88,192,46,0,7,259,92,6,3,53,5,0,71,10,1,8,0.348,0.405,0.469,0.874,0.406,140.4,4.09
506,손아섭,20,롯데,RF,4.93,141,611,540,98,190,43,0,11,266,85,5,0,61,2,4,56,9,1,7,0.352,0.415,0.493,0.907,0.409,140.2,4.57
507,전준우,19,롯데,LF,4.24,141,606,545,85,164,30,1,22,262,83,8,2,46,7,2,71,19,1,7,0.301,0.359,0.481,0.839,0.379,130.6,0.53
508,이대호,18,롯데,DH,3.84,144,604,543,81,181,30,0,37,322,125,0,1,43,14,7,75,18,0,4,0.333,0.394,0.593,0.987,0.415,142.3,4.34
509,민병헌,19,롯데,CF,3.53,101,420,369,52,112,24,2,9,167,43,13,6,42,5,0,55,9,1,3,0.304,0.38,0.453,0.832,0.382,133.4,0.1
510,안치홍,21,롯데,2B,3.45,119,490,421,58,129,30,2,10,193,82,3,6,52,3,2,58,10,5,9,0.306,0.379,0.458,0.838,0.382,124.3,1.55
511,손아섭,21,롯데,RF,3.33,139,610,542,88,173,29,2,3,215,58,11,6,61,3,3,67,15,3,1,0.319,0.39,0.397,0.787,0.373,118.8,1.98
512,한동희,21,롯데,3B,3.28,129,496,424,54,113,24,0,17,188,69,0,1,61,6,1,95,21,1,4,0.267,0.364,0.443,0.807,0.373,119.0,0.85
513,마차도,20,롯데,SS,3.25,144,560,486,79,136,31,1,12,205,67,15,1,54,8,2,60,20,4,8,0.28,0.356,0.422,0.778,0.351,102.5,1.71
514,전준우,20,롯데,LF,3.06,143,628,562,95,157,34,1,26,271,96,5,5,52,8,0,79,21,3,3,0.279,0.347,0.482,0.829,0.368,113.3,1.75
515,민병헌,18,롯데,CF,3.05,118,494,443,74,141,21,0,17,213,66,8,3,35,8,3,68,10,2,6,0.318,0.374,0.481,0.855,0.37,113.1,1.13
516,손아섭,19,롯데,RF,2.75,134,568,512,78,151,22,1,10,205,63,12,8,52,1,1,92,6,1,2,0.295,0.36,0.4,0.76,0.353,113.9,1.7
517,정훈,20,롯데,CF,2.68,111,476,410,72,121,19,1,11,175,58,11,1,56,4,0,85,8,2,4,0.295,0.382,0.427,0.809,0.371,115.9,1.87
518,번즈,18,롯데,2B,2.67,133,505,462,80,124,34,5,23,237,64,5,2,33,9,2,133,8,1,0,0.268,0.329,0.513,0.842,0.356,103.2,0.17
519,마차도,21,롯데,SS,2.55,134,539,466,83,130,21,1,5,168,58,8,5,58,4,1,65,8,4,7,0.279,0.359,0.361,0.719,0.341,98.3,-0.66
520,한동희,22,롯데,3B,2.53,53,203,186,26,63,15,0,9,105,33,0,0,13,3,1,24,4,0,1,0.339,0.389,0.565,0.954,0.428,172.2,1.14
521,한동희,20,롯데,3B,2.47,135,531,461,62,128,22,0,17,201,67,0,3,57,5,0,97,15,5,3,0.278,0.361,0.436,0.797,0.36,108.6,0.4
522,정훈,21,롯데,1B,2.46,135,561,486,70,142,27,1,14,213,79,8,1,68,3,8,89,6,1,3,0.292,0.38,0.438,0.819,0.377,121.9,0.83
523,안치홍,22,롯데,2B,2.4,61,271,243,37,73,13,2,10,120,30,2,2,24,1,3,24,5,1,2,0.3,0.363,0.494,0.857,0.383,142.4,0.02
524,안치홍,20,롯데,2B,2.01,124,460,412,49,118,28,0,8,170,54,14,3,35,7,2,47,11,4,2,0.286,0.351,0.413,0.764,0.346,99.1,-0.2
525,이병규,18,롯데,DH,1.91,103,257,198,31,54,11,1,10,97,39,0,0,50,7,1,58,5,0,2,0.273,0.432,0.49,0.922,0.406,137.0,2.36
526,신본기,18,KT,SS,1.87,139,479,425,55,125,28,1,11,188,71,1,5,33,11,2,95,12,5,5,0.294,0.357,0.442,0.799,0.347,98.4,0.62
527,이대호,19,롯데,DH,1.79,135,549,485,48,138,23,1,16,211,88,0,0,48,9,4,65,19,0,7,0.285,0.355,0.435,0.79,0.36,118.3,0.94
528,이대호,22,롯데,DH,1.72,63,263,245,25,85,11,0,8,120,32,0,0,14,1,3,26,10,0,3,0.347,0.38,0.49,0.87,0.394,148.8,0.33
529,윌슨,19,롯데,3B,1.35,68,268,231,21,58,15,0,9,100,37,0,2,31,5,0,60,8,0,1,0.251,0.351,0.433,0.784,0.361,118.4,0.73
530,오윤석,20,KT,2B,1.31,63,197,168,31,50,7,1,4,71,32,2,1,24,2,0,47,2,1,2,0.298,0.388,0.423,0.81,0.373,117.0,0.44
531,전준우,22,롯데,LF,1.27,48,208,192,32,61,11,1,4,86,29,3,3,11,1,1,31,5,0,4,0.318,0.351,0.448,0.799,0.363,126.6,0.93
532,피터스,22,롯데,CF,1.15,65,276,246,24,55,14,0,11,102,40,5,3,19,7,1,62,4,0,4,0.224,0.294,0.415,0.708,0.321,99.3,1.13
533,이대호,21,롯데,DH,1.1,114,465,420,39,120,11,0,19,188,81,0,0,34,5,3,50,12,0,6,0.286,0.342,0.448,0.79,0.361,111.3,1.44
534,지시완,21,롯데,C,1.04,73,187,166,23,40,9,0,7,70,26,0,0,14,5,0,54,6,2,0,0.241,0.319,0.422,0.741,0.34,96.8,0.01
535,전병우,18,키움,3B,1.02,27,77,66,18,24,7,0,3,40,13,3,0,9,1,0,24,1,0,1,0.364,0.442,0.606,1.048,0.447,163.5,0.75
536,이대호,20,롯데,DH,1.02,144,611,542,67,158,27,0,20,245,110,1,0,53,5,9,68,21,0,11,0.292,0.354,0.452,0.806,0.357,106.1,3.56
537,이병규,20,롯데,1B,0.97,53,194,164,28,45,4,0,9,76,32,0,0,28,1,0,55,5,0,1,0.274,0.381,0.463,0.845,0.383,123.9,0.91
538,김준태,20,KT,C,0.95,128,369,306,38,69,12,2,5,100,43,2,2,56,1,0,64,5,3,3,0.225,0.344,0.327,0.671,0.318,81.7,0.11
539,아수아헤,19,롯데,2B,0.94,48,194,163,34,41,5,4,2,60,21,3,2,26,1,1,24,0,3,1,0.252,0.356,0.368,0.724,0.334,102.2,0.63
540,안중열,21,롯데,C,0.92,58,157,125,19,29,5,0,3,43,16,0,0,27,1,0,25,1,3,1,0.232,0.37,0.344,0.714,0.341,98.7,0.36
541,정훈,18,롯데,1B,0.91,91,194,174,33,53,10,1,7,86,26,4,2,16,1,1,39,4,0,3,0.305,0.361,0.494,0.855,0.367,110.7,-0.31
542,채태인,18,롯데,1B,0.9,130,420,376,44,110,18,0,15,173,75,0,0,34,5,3,107,10,1,4,0.293,0.356,0.46,0.816,0.353,101.8,1.62
543,김재유,21,롯데,CF,0.76,87,192,174,27,50,8,0,1,61,18,7,0,10,4,0,36,1,4,0,0.287,0.34,0.351,0.691,0.325,87.4,0.46
544,강로한,19,롯데,2B,0.74,104,306,288,38,69,15,6,4,108,25,7,1,13,3,0,107,3,1,1,0.24,0.279,0.375,0.654,0.298,77.1,-0.08
545,추재현,21,롯데,CF,0.64,95,300,262,37,66,15,0,5,96,26,4,3,26,7,0,57,3,5,0,0.252,0.336,0.366,0.702,0.329,90.1,-0.53
546,신본기,19,KT,SS,0.6,121,413,375,43,96,9,0,1,108,26,3,3,24,8,1,62,9,5,1,0.256,0.314,0.288,0.602,0.286,68.5,-1.68
547,지시완,22,롯데,C,0.58,42,118,102,9,23,5,0,2,34,11,0,0,14,1,1,35,5,1,0,0.225,0.325,0.333,0.658,0.307,89.4,-0.09
548,안중열,18,롯데,C,0.49,60,176,154,19,38,11,0,4,61,18,0,0,12,3,0,56,4,7,0,0.247,0.314,0.396,0.71,0.302,68.4,-0.41
549,문규현,18,롯데,SS,0.48,122,349,316,42,87,19,1,6,126,41,3,1,18,0,0,45,9,9,6,0.275,0.309,0.399,0.708,0.302,68.4,-1.41
550,김준태,21,KT,C,0.32,47,131,111,17,23,5,0,4,40,15,0,0,17,1,0,35,2,0,2,0.207,0.313,0.36,0.673,0.317,82.6,-0.19
551,나경민,18,롯데,CF,0.3,87,71,57,23,15,2,0,0,17,1,12,4,10,3,0,21,0,1,0,0.263,0.4,0.298,0.698,0.337,92.2,-0.22
552,김재유,20,롯데,CF,0.28,68,133,116,20,30,1,0,1,34,9,10,2,12,3,0,35,2,2,0,0.259,0.344,0.293,0.637,0.306,74.4,0.16
553,오윤석,21,KT,2B,0.27,34,76,69,9,16,7,0,2,29,5,2,0,7,0,1,21,2,0,0,0.232,0.303,0.42,0.723,0.327,87.6,-0.88
554,채태인,19,롯데,1B,0.25,59,182,167,11,42,11,0,5,68,29,0,0,11,2,1,45,5,0,2,0.252,0.302,0.407,0.709,0.321,91.5,-0.44
555,황성빈,22,롯데,LF,0.23,33,110,100,18,28,1,2,0,33,4,3,4,8,1,0,19,1,1,0,0.28,0.339,0.33,0.669,0.315,95.3,0.07
556,김동한,19,롯데,2B,0.23,42,85,78,9,22,4,0,0,26,2,3,2,6,0,0,15,1,1,0,0.282,0.333,0.333,0.667,0.313,86.6,-0.29
557,이호연,22,롯데,3B,0.21,27,74,70,7,21,2,1,0,25,6,1,0,3,1,0,14,1,0,0,0.3,0.338,0.357,0.695,0.327,102.2,-0.51
558,신용수,21,롯데,CF,0.21,71,136,119,23,31,5,2,1,43,6,3,1,11,3,0,20,2,2,1,0.261,0.336,0.361,0.697,0.327,88.6,-0.63
559,김민수,21,롯데,2B,0.15,83,224,199,19,48,11,1,3,70,25,0,0,18,3,0,62,4,3,1,0.241,0.312,0.352,0.664,0.311,77.8,-1.37
560,허일,19,롯데,CF,0.11,71,162,149,14,38,4,0,1,45,17,2,1,12,1,0,28,1,0,0,0.255,0.315,0.302,0.617,0.296,74.9,0.12
561,고승민,19,롯데,2B,0.08,30,89,83,7,21,6,2,0,31,6,0,0,4,0,0,16,1,1,1,0.253,0.284,0.373,0.658,0.296,76.3,-0.33
562,신본기,20,KT,3B,0.04,81,123,106,18,23,1,0,2,30,12,1,0,14,1,0,22,3,1,1,0.217,0.312,0.283,0.595,0.285,60.7,-0.3
563,배성근,21,롯데,SS,0.03,79,109,93,21,19,4,0,1,26,9,1,0,14,0,0,36,1,2,0,0.204,0.308,0.28,0.588,0.285,61.5,-0.18
564,김문호,18,롯데,LF,-0.03,46,115,100,12,25,7,0,2,38,16,1,0,13,0,1,27,2,2,0,0.25,0.336,0.38,0.716,0.314,76.3,0.44
565,정훈,19,롯데,1B,-0.06,88,222,190,26,43,4,1,2,55,17,4,3,23,5,1,47,4,3,1,0.226,0.324,0.289,0.614,0.293,73.4,-0.59
566,추재현,22,롯데,RF,-0.06,19,52,45,8,10,3,0,0,13,3,1,0,6,1,0,13,1,0,0,0.222,0.327,0.289,0.616,0.3,82.9,-0.47
567,김문호,19,롯데,CF,-0.07,51,109,103,6,25,7,0,0,32,4,2,0,4,0,0,30,1,1,1,0.243,0.269,0.311,0.579,0.267,55.1,-1.1
568,고승민,22,롯데,RF,-0.08,36,103,92,11,18,5,0,1,26,8,1,1,11,0,0,19,1,0,0,0.196,0.282,0.283,0.564,0.271,63.9,0.14
569,정훈,22,롯데,1B,-0.18,34,141,116,17,25,0,0,1,28,12,2,1,20,0,0,22,3,3,2,0.216,0.326,0.241,0.568,0.276,69.4,-0.17
570,안중열,19,롯데,C,-0.19,73,145,136,10,26,6,1,2,40,4,0,1,6,2,0,41,2,1,0,0.191,0.236,0.294,0.53,0.246,40.6,-1.69
571,한동희,18,롯데,3B,-0.2,87,226,211,24,49,13,1,4,76,25,0,1,12,2,0,58,7,0,1,0.232,0.279,0.36,0.639,0.282,55.3,-1.63
572,나승엽,21,롯데,1B,-0.21,60,128,113,16,23,2,0,2,31,10,1,0,14,0,0,33,1,0,1,0.204,0.289,0.274,0.563,0.276,55.7,-0.56
573,김민수,22,롯데,1B,-0.21,37,93,85,6,20,2,0,0,22,8,0,1,4,3,0,26,1,1,0,0.235,0.294,0.259,0.552,0.266,60.2,0.17
574,박승욱,22,롯데,SS,-0.22,37,74,65,8,13,2,1,0,17,6,0,2,7,0,0,28,1,2,0,0.2,0.278,0.262,0.539,0.253,52.2,-0.19
575,김동한,20,롯데,3B,-0.24,82,73,68,23,15,5,0,0,20,5,10,4,5,0,0,8,2,0,0,0.221,0.274,0.294,0.568,0.268,47.6,-0.64
576,문규현,19,롯데,3B,-0.27,40,72,64,7,16,2,0,0,18,10,0,0,3,0,0,10,1,2,3,0.25,0.271,0.281,0.553,0.25,43.9,-0.5
577,조홍석,18,롯데,CF,-0.29,39,71,62,14,14,1,0,0,15,1,0,2,6,2,0,13,2,1,0,0.226,0.314,0.242,0.556,0.268,46.8,0.05
578,이학주,22,롯데,SS,-0.34,51,168,152,14,33,7,1,0,42,8,2,3,8,1,0,33,2,7,0,0.217,0.261,0.276,0.537,0.244,45.0,-1.4
579,김사훈,18,롯데,C,-0.38,56,79,74,7,17,3,0,0,20,6,0,0,1,1,0,22,0,3,0,0.23,0.25,0.27,0.52,0.229,20.3,-0.69
580,한동희,19,롯데,3B,-0.41,59,207,187,12,38,9,0,2,53,9,1,0,18,0,0,57,3,0,2,0.203,0.271,0.283,0.554,0.263,52.4,-1.93
581,김준태,19,KT,C,-0.44,43,104,88,10,14,3,0,0,17,8,0,0,12,2,0,23,1,2,0,0.159,0.275,0.193,0.468,0.236,34.2,-0.13
582,김동한,18,롯데,3B,-0.57,55,96,83,11,16,1,0,2,23,9,3,1,9,0,0,18,1,2,2,0.193,0.266,0.277,0.543,0.244,30.1,-0.61
583,허일,20,롯데,RF,-0.59,60,95,84,5,15,4,0,1,22,6,0,0,8,1,0,29,4,2,0,0.179,0.258,0.262,0.52,0.244,32.8,-0.46
584,최형우,20,KIA,DH,5.75,140,600,522,93,185,37,1,28,308,115,0,0,70,5,5,101,9,0,3,0.354,0.433,0.59,1.023,0.45,169.3,7.2
585,터커,20,KIA,RF,5.74,142,631,542,100,166,40,0,32,302,113,0,2,76,9,3,67,12,0,4,0.306,0.398,0.557,0.955,0.42,149.6,2.4
586,안치홍,18,KIA,2B,4.98,130,549,494,88,169,38,1,23,278,118,5,1,36,10,1,57,13,0,9,0.342,0.392,0.563,0.954,0.407,140.3,4.06
587,최형우,18,KIA,LF,4.94,143,609,528,92,179,34,1,25,290,103,3,0,66,7,7,87,17,0,8,0.339,0.414,0.549,0.963,0.411,143.4,5.7
588,버나디나,18,KIA,CF,4.55,131,590,513,106,159,25,3,20,250,70,32,13,63,10,3,103,9,3,1,0.31,0.395,0.487,0.883,0.385,125.4,3.55
589,최형우,19,KIA,DH,4.16,136,555,456,65,137,31,1,17,221,86,0,1,85,7,6,77,13,0,7,0.3,0.413,0.485,0.897,0.406,150.3,3.05
590,소크라테스,22,KIA,CF,3.95,65,281,261,48,89,18,6,11,152,44,8,3,18,1,3,45,6,0,1,0.341,0.384,0.582,0.967,0.43,178.1,1.36
591,김선빈,21,KIA,2B,3.42,130,564,501,55,154,32,0,5,201,67,0,0,56,1,2,39,19,1,5,0.307,0.375,0.401,0.776,0.366,116.0,3.06
592,나성범,22,KIA,RF,3.32,65,294,245,44,75,18,1,10,125,43,3,0,36,10,1,59,4,0,3,0.306,0.412,0.51,0.922,0.418,167.7,2.07
593,터커,19,KIA,RF,3.25,95,399,357,50,111,33,0,9,171,50,0,0,38,3,0,44,12,0,1,0.311,0.381,0.479,0.86,0.393,141.4,0.56
594,최원준,21,KIA,RF,3.14,143,668,589,82,174,21,6,4,219,44,40,13,61,11,0,68,7,4,3,0.295,0.371,0.372,0.742,0.354,108.6,1.24
595,나지완,20,KIA,LF,3.12,137,556,468,73,136,19,1,17,208,92,0,0,64,18,1,114,6,0,6,0.291,0.392,0.444,0.837,0.383,124.8,4.11
596,안치홍,19,KIA,2B,2.84,105,408,362,45,114,18,1,5,149,49,4,2,40,1,1,37,9,0,5,0.315,0.38,0.412,0.792,0.368,123.3,0.93
597,김주찬,18,KIA,1B,2.75,121,471,429,71,146,23,0,18,223,93,8,1,23,7,5,57,15,2,10,0.34,0.375,0.52,0.895,0.38,122.1,2.43
598,이창진,19,KIA,CF,2.5,133,470,400,57,108,25,1,6,153,48,8,8,57,4,0,92,8,4,5,0.27,0.363,0.383,0.745,0.347,108.8,-0.85
599,최원준,20,KIA,CF,2.49,123,412,359,72,117,16,6,2,151,35,14,3,33,6,0,35,1,9,5,0.326,0.387,0.421,0.808,0.365,113.3,2.31
600,나지완,18,KIA,DH,2.35,114,379,317,50,86,18,0,26,182,78,0,0,38,19,2,81,14,0,5,0.271,0.377,0.574,0.951,0.397,134.3,0.9
601,김선빈,19,KIA,SS,2.3,121,447,394,55,115,22,0,3,146,40,5,4,43,1,0,26,7,5,4,0.292,0.36,0.371,0.73,0.34,104.6,1.05
602,김선빈,20,KIA,2B,2.26,85,351,303,42,100,19,0,1,122,37,1,1,40,2,0,43,12,1,5,0.33,0.406,0.403,0.808,0.378,121.1,1.07
603,이범호,18,KIA,3B,2.23,101,380,332,41,93,7,0,20,160,69,1,0,42,4,4,59,12,0,2,0.28,0.366,0.482,0.848,0.365,112.5,1.03
604,김선빈,18,KIA,SS,2.1,127,492,424,73,125,17,2,4,158,49,4,1,48,9,1,42,10,6,5,0.295,0.375,0.373,0.747,0.339,94.5,1.23
605,김선빈,22,KIA,2B,1.63,62,277,233,28,66,12,0,1,81,20,6,1,35,4,0,23,7,3,1,0.283,0.385,0.348,0.732,0.346,117.5,0.96
606,류지혁,22,KIA,3B,1.38,57,207,178,28,52,9,0,2,67,21,2,1,24,3,0,38,3,1,1,0.292,0.384,0.376,0.76,0.358,125.8,0.7
607,이명기,18,NC,RF,1.35,120,502,447,88,135,28,6,4,187,42,12,5,40,3,3,64,5,11,1,0.302,0.363,0.418,0.781,0.34,95.0,0.16
608,이명기,19,NC,RF,1.28,80,302,265,37,75,10,2,1,92,20,4,3,28,4,1,41,4,3,2,0.283,0.358,0.347,0.705,0.331,97.6,-0.9
609,류지혁,21,KIA,3B,1.28,92,327,273,37,76,8,0,2,90,34,0,0,42,7,1,46,7,2,3,0.278,0.385,0.33,0.714,0.348,104.4,-0.08
610,유민상,19,KIA,1B,1.23,61,202,175,23,51,15,0,5,81,26,0,0,23,4,0,35,6,0,0,0.291,0.386,0.463,0.849,0.391,139.6,0.46
611,박찬호,21,KIA,SS,1.15,131,483,418,51,103,15,5,1,131,59,9,4,54,0,0,73,11,8,3,0.246,0.331,0.313,0.644,0.308,77.7,0.17
612,황대인,22,KIA,1B,1.04,64,261,238,19,64,11,0,9,102,50,0,0,14,6,0,45,9,0,3,0.269,0.322,0.429,0.75,0.343,115.9,-0.41
613,박찬호,22,KIA,SS,1.02,54,220,196,23,51,12,0,1,66,22,11,4,19,0,0,25,8,2,3,0.26,0.321,0.337,0.658,0.306,90.1,-0.32
614,최형우,22,KIA,DH,1.0,62,255,210,26,49,12,0,7,82,31,0,0,43,1,4,44,5,0,1,0.233,0.365,0.39,0.755,0.349,120.1,0.25
615,박찬호,19,KIA,3B,0.91,133,541,504,60,131,15,4,2,160,49,39,6,26,4,0,83,8,5,2,0.26,0.3,0.317,0.618,0.289,68.7,-0.19
616,김민식,18,SSG,C,0.84,125,365,310,53,76,9,3,6,109,37,5,2,39,3,0,63,8,11,2,0.245,0.333,0.352,0.685,0.304,71.1,-0.92
617,이창진,22,KIA,LF,0.82,40,129,112,19,31,4,0,5,50,20,1,0,13,1,0,23,2,2,1,0.277,0.354,0.446,0.801,0.362,128.5,-0.22
618,박동원,22,KIA,C,0.82,44,168,147,24,34,9,0,7,64,20,1,0,12,6,1,34,4,2,1,0.231,0.313,0.435,0.749,0.336,110.9,-0.76
619,터커,21,KIA,LF,0.81,127,539,468,42,111,24,1,9,164,59,0,0,61,8,1,66,12,0,2,0.237,0.334,0.35,0.684,0.327,91.0,0.02
620,이창진,20,KIA,CF,0.72,22,99,88,19,29,8,1,0,39,7,0,1,10,1,0,17,2,0,0,0.33,0.404,0.443,0.847,0.392,130.7,0.16
621,김주찬,19,KIA,1B,0.71,100,363,337,35,101,16,0,3,126,32,3,1,17,5,3,44,6,1,3,0.3,0.34,0.374,0.714,0.33,97.0,-0.46
622,정성훈,18,KIA,1B,0.7,88,205,183,22,54,11,0,4,77,28,0,1,16,5,1,49,5,0,1,0.295,0.366,0.421,0.787,0.351,102.7,-0.32
623,김태진,21,키움,3B,0.64,99,414,381,43,105,12,5,1,130,36,8,5,23,0,1,64,7,6,4,0.276,0.314,0.341,0.655,0.305,76.0,-0.62
624,김민식,21,SSG,C,0.62,100,301,250,30,55,8,0,3,72,26,0,0,41,4,1,49,2,3,3,0.22,0.336,0.288,0.624,0.305,75.7,-0.34
625,한승택,21,KIA,C,0.59,82,239,203,17,44,7,0,3,60,16,0,0,28,3,0,61,6,5,0,0.217,0.321,0.296,0.616,0.297,70.2,-1.16
626,백용환,20,한화,C,0.52,51,106,91,12,20,4,0,5,39,10,0,0,14,0,0,29,2,1,0,0.22,0.324,0.429,0.752,0.336,93.9,-0.1
627,한승택,20,KIA,C,0.52,83,262,226,22,51,6,0,9,84,29,0,0,21,6,0,58,7,9,0,0.226,0.308,0.372,0.68,0.303,72.1,-0.17
628,나주환,20,KIA,3B,0.52,64,222,204,21,57,5,0,6,80,26,0,0,12,1,0,44,6,4,1,0.279,0.321,0.392,0.713,0.32,83.4,-0.47
629,유민상,20,KIA,1B,0.48,126,455,390,38,96,23,0,8,143,65,0,0,53,6,1,80,13,2,4,0.246,0.342,0.367,0.709,0.329,89.3,0.98
630,황대인,20,KIA,1B,0.48,63,138,116,14,32,4,0,4,48,16,0,0,21,0,0,29,5,0,1,0.276,0.384,0.414,0.798,0.37,115.8,0.51
631,황윤호,19,KIA,2B,0.43,57,130,123,9,37,5,2,1,49,9,2,2,5,0,0,12,2,1,1,0.301,0.326,0.398,0.724,0.331,97.3,-0.25
632,이우성,22,KIA,LF,0.43,36,79,67,13,19,5,0,1,27,7,1,1,9,0,0,13,3,3,0,0.284,0.368,0.403,0.771,0.347,118.2,-0.22
633,김호령,21,KIA,CF,0.36,62,154,130,16,27,2,0,4,41,15,4,1,16,6,0,44,2,2,0,0.208,0.322,0.315,0.638,0.308,77.9,-0.97
634,류승현,18,KIA,3B,0.34,35,85,75,9,23,3,1,1,31,13,0,0,7,1,0,12,2,1,1,0.307,0.369,0.413,0.782,0.347,99.6,0.36
635,신범수,19,KIA,C,0.34,39,65,57,4,12,5,0,2,23,7,0,0,7,1,0,14,1,0,0,0.211,0.308,0.404,0.711,0.327,96.2,-0.08
636,한승택,18,KIA,C,0.33,61,101,89,10,22,6,0,3,37,15,0,0,7,2,0,24,4,3,0,0.247,0.316,0.416,0.732,0.313,77.5,-0.7
637,김호령,20,KIA,CF,0.3,88,159,138,36,32,5,2,4,53,16,3,3,14,3,0,55,2,3,1,0.232,0.314,0.384,0.698,0.314,78.6,-0.41
638,최원준,18,KIA,SS,0.28,101,331,302,46,82,14,1,4,110,32,10,4,20,4,0,58,4,4,1,0.272,0.324,0.364,0.688,0.308,73.7,1.02
639,한승택,19,KIA,C,0.27,105,288,251,22,56,9,1,3,76,27,1,0,27,1,1,82,8,7,2,0.223,0.299,0.303,0.602,0.278,61.6,-0.5
640,유민상,18,KIA,DH,0.26,31,58,48,9,13,2,1,3,26,14,0,0,8,0,0,14,3,0,2,0.271,0.362,0.542,0.904,0.376,119.5,-0.11
641,백용환,19,한화,C,0.24,28,51,47,3,11,2,0,2,19,6,0,0,3,1,0,14,0,0,0,0.234,0.294,0.404,0.698,0.32,90.9,-0.37
642,박준태,18,키움,RF,0.21,85,150,123,32,28,5,1,5,50,24,0,2,13,9,0,37,1,5,0,0.228,0.345,0.407,0.751,0.326,86.1,0.15
643,유민상,21,KIA,1B,0.21,24,74,60,7,14,2,0,1,19,6,0,0,8,6,0,18,1,0,0,0.233,0.378,0.317,0.695,0.348,104.1,-0.18
644,최형우,21,KIA,DH,0.2,104,446,373,52,87,15,1,12,140,55,0,0,67,4,10,67,9,0,2,0.233,0.354,0.375,0.73,0.339,99.8,1.38
645,백용환,18,한화,C,0.14,34,57,47,7,13,1,0,0,14,4,0,1,9,0,0,15,3,1,0,0.277,0.393,0.298,0.691,0.33,88.3,0.19
646,이정훈,21,KIA,DH,0.14,41,151,129,14,32,6,0,2,44,14,0,0,19,3,0,33,3,0,0,0.248,0.358,0.341,0.699,0.34,98.9,-0.52
647,김민식,22,SSG,C,0.14,22,62,54,7,13,2,0,1,18,6,0,0,6,0,0,12,1,1,1,0.241,0.312,0.333,0.645,0.298,84.5,-0.56
648,황대인,21,KIA,1B,0.11,86,308,282,30,67,10,1,13,118,45,0,0,18,2,0,62,8,1,5,0.238,0.283,0.418,0.702,0.317,85.1,0.01
649,홍재호,18,KIA,2B,0.1,56,87,76,16,20,6,0,1,29,9,0,0,8,0,0,12,2,3,0,0.263,0.333,0.382,0.715,0.311,76.5,-0.57
650,김민식,20,SSG,C,0.08,69,237,210,22,52,6,1,2,66,21,0,0,17,2,0,28,3,6,2,0.248,0.307,0.314,0.622,0.286,61.0,-0.36
651,오선우,20,KIA,RF,0.08,59,73,67,11,16,0,0,4,28,14,0,0,3,3,0,26,2,0,0,0.239,0.301,0.418,0.719,0.324,85.3,-0.13
652,나지완,19,KIA,DH,0.06,56,153,129,12,24,5,0,6,47,17,0,0,19,3,1,37,3,0,2,0.186,0.301,0.364,0.665,0.306,82.2,-0.7
653,류승현,19,KIA,1B,0.05,57,163,150,14,38,8,1,0,48,14,3,2,9,4,0,29,3,0,0,0.253,0.313,0.32,0.633,0.301,77.1,-0.12
654,문선재,19,KIA,LF,-0.02,29,61,49,7,8,0,0,3,17,6,2,1,9,1,0,18,0,0,2,0.163,0.295,0.347,0.642,0.298,76.9,-0.47
655,최정민,18,KIA,2B,-0.07,57,95,83,17,21,2,0,2,29,6,1,3,7,1,0,20,2,4,0,0.253,0.319,0.349,0.668,0.291,63.0,-0.36
656,유재신,19,KIA,LF,-0.08,71,59,51,17,13,2,1,0,17,6,4,3,6,0,0,12,1,1,1,0.255,0.328,0.333,0.661,0.306,80.1,0.11
657,황윤호,20,KIA,3B,-0.09,25,73,70,5,17,3,0,0,20,5,2,0,3,0,0,10,3,0,0,0.243,0.274,0.286,0.56,0.264,46.3,-1.18
658,박정우,21,KIA,CF,-0.09,32,61,48,3,9,1,0,0,10,4,0,2,10,2,0,8,2,1,0,0.188,0.35,0.208,0.558,0.294,67.6,-0.24
659,김민식,19,SSG,C,-0.14,53,116,96,6,16,2,0,0,18,14,2,0,15,3,0,29,1,0,2,0.167,0.293,0.188,0.481,0.249,42.3,-0.23
660,이창진,21,KIA,CF,-0.19,105,293,249,35,52,8,1,3,71,33,5,0,36,1,0,54,10,4,3,0.209,0.308,0.285,0.593,0.287,63.8,-1.06
661,김도영,22,KIA,3B,-0.2,50,135,126,20,25,6,2,0,35,9,4,1,6,1,0,37,0,1,1,0.198,0.239,0.278,0.517,0.24,45.6,-0.92
662,이우성,19,KIA,LF,-0.22,32,87,80,7,14,1,0,3,24,10,0,0,5,2,0,22,2,0,0,0.175,0.241,0.3,0.541,0.254,46.2,-0.52
663,이우성,20,KIA,LF,-0.22,48,67,59,5,12,1,0,0,13,3,1,0,6,2,0,11,2,0,0,0.203,0.299,0.22,0.519,0.262,45.2,-0.31
664,서동욱,18,KIA,1B,-0.23,32,56,49,3,10,3,0,0,13,2,0,0,5,1,0,15,1,0,1,0.204,0.286,0.265,0.551,0.26,42.0,-0.44
665,최정,19,SSG,3B,6.32,141,606,503,86,147,27,0,29,261,99,3,2,69,26,6,92,4,0,8,0.292,0.399,0.519,0.918,0.411,148.9,3.85
666,최정,20,SSG,3B,4.92,133,553,452,90,122,22,0,33,243,96,8,3,75,20,1,98,7,0,6,0.27,0.392,0.538,0.93,0.409,138.8,4.52
667,로맥,18,SSG,1B,4.78,141,616,528,102,167,19,0,43,315,107,10,5,72,10,0,123,7,0,6,0.316,0.404,0.597,1.001,0.422,144.1,3.95
668,로맥,20,SSG,1B,4.38,139,586,485,85,137,32,0,32,265,91,4,2,91,6,5,116,5,0,4,0.282,0.399,0.546,0.946,0.414,142.7,4.31
669,이재원,18,SSG,C,4.21,130,471,407,63,134,24,0,17,209,57,0,0,43,12,0,65,13,4,5,0.329,0.405,0.514,0.918,0.397,130.6,2.1
670,로맥,19,SSG,1B,4.02,137,589,504,86,139,28,1,29,256,95,6,3,73,6,3,117,11,0,6,0.276,0.37,0.508,0.878,0.393,136.7,1.09
671,한유섬,18,SSG,RF,3.53,136,562,486,97,138,31,0,41,292,115,4,2,52,16,3,124,10,0,8,0.284,0.367,0.601,0.967,0.399,129.8,4.03
672,최정,18,SSG,3B,3.52,115,489,406,95,99,16,1,35,222,74,9,2,58,23,2,129,10,0,2,0.244,0.368,0.547,0.915,0.385,120.3,2.5
673,노수광,18,한화,CF,3.03,135,588,515,93,161,21,8,8,222,53,25,4,48,13,0,86,3,9,3,0.313,0.383,0.431,0.815,0.36,107.9,3.46
674,이재원,19,SSG,C,2.66,139,502,451,33,121,19,0,12,176,75,1,0,34,9,2,59,16,1,7,0.268,0.327,0.39,0.718,0.33,95.9,0.43
675,고종욱,19,KIA,LF,2.26,137,513,492,76,159,25,7,3,207,56,31,10,18,1,1,89,5,0,2,0.323,0.347,0.421,0.768,0.353,115.5,1.73
676,한유섬,19,SSG,RF,2.11,125,502,427,52,113,20,0,12,169,52,0,1,55,20,4,100,6,0,0,0.265,0.375,0.396,0.77,0.361,116.9,0.83
677,김강민,18,SSG,CF,1.71,80,267,235,40,70,14,0,14,126,46,10,6,22,5,0,57,1,5,0,0.298,0.37,0.536,0.906,0.381,119.1,-0.02
678,정의윤,19,SSG,DH,1.68,110,419,380,44,107,24,0,13,170,59,0,0,30,6,1,60,9,0,2,0.282,0.342,0.447,0.79,0.359,115.8,0.47
679,김강민,19,SSG,CF,1.63,127,460,422,54,114,14,2,8,156,50,15,8,31,4,3,103,2,0,3,0.27,0.324,0.37,0.694,0.321,90.7,-0.67
680,최항,18,SSG,2B,1.37,98,257,222,38,65,12,1,7,100,35,2,2,25,8,0,57,1,2,0,0.293,0.384,0.45,0.835,0.37,113.0,0.05
681,한유섬,20,SSG,RF,1.31,62,231,193,35,48,5,0,15,98,31,2,0,30,6,1,49,8,0,2,0.249,0.364,0.508,0.871,0.383,121.2,0.56
682,나주환,18,KIA,SS,0.98,119,420,362,54,95,24,0,12,155,56,5,6,38,5,0,66,2,13,2,0.262,0.339,0.428,0.767,0.328,85.9,0.65
683,김강민,20,SSG,CF,0.93,122,327,289,39,73,11,1,12,122,45,7,5,27,4,2,62,10,5,2,0.253,0.323,0.422,0.745,0.329,88.0,0.17
684,오태곤,20,SSG,LF,0.89,54,203,184,29,53,11,0,5,79,30,14,6,12,3,0,31,4,4,0,0.288,0.342,0.429,0.771,0.345,99.3,0.07
685,채태인,20,SSG,DH,0.85,71,189,160,11,45,5,0,7,71,24,0,0,29,0,2,33,4,0,0,0.281,0.392,0.444,0.835,0.38,121.5,-0.39
686,김성현,18,SSG,2B,0.77,135,462,415,51,115,19,1,4,148,55,6,2,29,9,0,42,19,6,3,0.277,0.336,0.357,0.692,0.312,75.6,-0.24
687,최항,20,SSG,2B,0.62,47,155,132,21,35,3,0,2,44,15,1,0,21,1,1,27,3,0,1,0.265,0.368,0.333,0.701,0.334,92.9,-0.09
688,노수광,19,한화,LF,0.57,117,445,388,69,97,16,1,2,121,28,27,10,46,2,0,68,1,9,0,0.25,0.333,0.312,0.644,0.304,80.9,0.92
689,강승호,18,두산,2B,0.55,37,103,90,10,29,6,0,2,41,21,0,0,9,1,0,27,1,3,0,0.322,0.39,0.456,0.846,0.367,111.4,0.2
690,박승욱,18,롯데,SS,0.53,51,79,65,11,20,3,0,0,23,9,4,1,10,2,0,16,1,2,0,0.308,0.416,0.354,0.769,0.356,105.0,0.05
691,김성현,19,SSG,SS,0.5,144,472,426,45,105,16,2,1,128,34,6,2,33,2,0,43,15,8,3,0.246,0.302,0.3,0.602,0.282,66.1,-1.99
692,김성현,20,SSG,SS,0.5,133,392,343,34,93,9,1,2,110,25,1,1,30,5,0,27,10,11,3,0.271,0.336,0.321,0.657,0.304,74.0,-1.33
693,최지훈,20,SSG,RF,0.39,127,520,466,66,120,19,5,1,152,27,18,6,38,5,0,80,4,8,3,0.258,0.318,0.326,0.645,0.299,71.5,-2.51
694,김재현,18,SSG,LF,0.33,53,77,65,19,18,1,1,1,24,5,7,1,9,3,0,17,0,0,0,0.277,0.39,0.369,0.759,0.353,102.6,0.68
695,정의윤,18,SSG,DH,0.26,73,239,217,27,59,9,0,11,101,38,1,1,19,2,1,29,8,0,1,0.272,0.335,0.465,0.8,0.345,94.9,0.14
696,박성한,20,SSG,SS,0.24,41,112,99,7,24,2,0,2,32,8,1,1,11,1,0,21,1,1,0,0.242,0.324,0.323,0.648,0.305,73.4,-0.59
697,최항,19,SSG,2B,0.2,52,147,127,12,29,5,0,0,34,14,2,0,16,2,0,24,3,1,1,0.228,0.322,0.268,0.59,0.288,70.1,-1.09
698,노수광,20,한화,CF,0.15,29,83,75,13,20,2,2,1,29,5,2,4,7,0,0,16,0,1,0,0.267,0.329,0.387,0.716,0.325,88.9,-0.0
699,최승준,18,SSG,DH,0.03,27,79,72,5,18,3,0,4,33,11,0,0,6,1,0,25,3,0,0,0.25,0.317,0.458,0.775,0.334,87.4,0.6
700,고종욱,20,KIA,LF,0.02,92,288,272,24,77,9,3,3,101,26,1,3,14,1,0,55,3,0,1,0.283,0.319,0.371,0.691,0.319,83.6,-0.46
701,김창평,20,SSG,2B,0.02,35,90,78,10,15,4,1,0,21,7,7,0,11,0,0,16,2,0,1,0.192,0.289,0.269,0.558,0.269,52.3,0.26
702,김동엽,18,삼성,LF,-0.06,124,446,421,58,106,15,0,27,202,76,11,2,17,4,0,108,13,1,3,0.252,0.285,0.48,0.765,0.321,77.8,0.16
703,오준혁,20,SSG,LF,-0.09,70,161,148,19,40,7,0,3,56,18,0,3,11,1,1,34,1,0,1,0.27,0.323,0.378,0.701,0.32,83.7,0.08
704,배영섭,19,SSG,LF,-0.11,30,80,71,5,16,1,0,0,17,7,2,0,6,2,0,15,0,0,1,0.225,0.3,0.239,0.539,0.267,54.8,0.4
705,이흥련,20,SSG,C,-0.12,47,130,124,6,30,1,0,3,40,19,0,0,6,0,0,28,5,0,0,0.242,0.277,0.323,0.6,0.278,54.8,-0.35
706,최준우,20,SSG,2B,-0.18,66,207,182,23,43,4,0,3,56,14,1,1,19,0,0,28,3,5,1,0.236,0.307,0.308,0.615,0.285,60.3,-0.59
707,이성우,18,SSG,C,-0.18,88,134,120,10,29,5,0,0,34,5,1,0,8,1,0,16,4,4,1,0.242,0.292,0.283,0.576,0.26,41.7,-1.03
708,김경호,20,SSG,LF,-0.21,56,110,105,17,30,3,1,0,35,9,1,4,3,0,0,16,2,1,1,0.286,0.303,0.333,0.636,0.292,67.2,-0.88
709,정진기,20,NC,RF,-0.22,50,140,126,14,30,2,2,2,42,15,7,1,7,1,1,34,2,4,2,0.238,0.279,0.333,0.613,0.27,51.2,-0.03
710,김창평,19,SSG,2B,-0.23,18,53,45,4,8,2,0,0,10,3,0,0,4,1,0,11,1,3,0,0.178,0.26,0.222,0.482,0.225,27.3,-0.49
711,안상현,19,SSG,2B,-0.29,65,108,102,14,24,3,0,0,27,5,7,3,4,0,0,28,3,1,1,0.235,0.262,0.265,0.526,0.247,42.0,-0.12
712,남태혁,20,SSG,DH,-0.36,35,72,66,3,13,1,0,1,17,11,0,0,6,0,0,22,2,0,0,0.197,0.264,0.258,0.522,0.25,37.4,-0.38
713,이현석,20,SSG,C,-0.37,58,109,101,7,18,2,0,2,26,7,1,0,4,2,0,30,4,2,0,0.178,0.224,0.257,0.482,0.222,18.2,-0.55
714,로하스,20,KT,RF,7.76,142,628,550,116,192,39,1,47,374,135,0,1,65,5,5,132,11,0,8,0.349,0.417,0.68,1.097,0.467,180.5,7.29
715,강백호,21,KT,1B,6.35,142,627,516,76,179,40,1,16,269,102,10,5,103,0,10,85,7,0,8,0.347,0.45,0.521,0.971,0.443,165.5,5.78
716,로하스,18,KT,CF,5.66,144,645,564,114,172,30,1,43,333,114,18,13,71,7,4,142,10,1,2,0.305,0.388,0.59,0.979,0.41,138.5,5.41
717,로하스,19,KT,CF,5.49,142,576,520,68,167,29,3,24,274,104,4,4,48,3,5,120,4,0,5,0.321,0.379,0.527,0.905,0.405,151.3,1.2
718,황재균,20,KT,3B,5.13,134,600,541,108,169,35,5,21,277,97,11,6,47,5,0,98,12,3,4,0.312,0.37,0.512,0.882,0.391,129.6,3.52
719,강백호,19,KT,RF,4.74,117,504,437,72,147,29,1,13,217,65,9,5,61,2,4,87,11,0,4,0.336,0.417,0.497,0.913,0.415,157.4,3.83
720,강백호,20,KT,1B,4.74,129,574,500,95,165,36,1,23,272,89,7,2,66,5,9,93,7,0,3,0.33,0.411,0.544,0.955,0.421,149.2,3.13
721,황재균,19,KT,3B,4.05,124,506,447,78,127,16,3,20,209,67,10,7,52,2,2,70,10,0,5,0.284,0.358,0.468,0.825,0.373,130.2,2.18
722,배정대,20,KT,CF,3.55,144,615,533,88,154,25,3,13,224,65,22,13,68,5,0,142,9,5,4,0.289,0.372,0.42,0.792,0.362,110.3,0.95
723,유한준,18,KT,RF,3.48,121,480,428,59,145,21,1,20,228,83,1,1,47,2,3,53,9,2,1,0.339,0.406,0.533,0.939,0.404,134.5,2.84
724,유한준,19,KT,DH,3.46,139,562,501,61,159,19,1,14,222,86,3,0,52,4,1,61,20,0,5,0.317,0.383,0.443,0.826,0.381,133.6,4.09
725,황재균,18,KT,3B,3.4,142,588,530,76,157,41,3,25,279,88,14,7,49,4,1,120,5,2,3,0.296,0.358,0.526,0.885,0.376,115.5,1.96
726,배정대,21,KT,CF,3.02,144,595,510,85,132,23,1,12,193,68,19,7,65,12,2,132,9,3,5,0.259,0.353,0.378,0.732,0.345,101.1,-1.05
727,황재균,21,KT,3B,2.93,117,507,453,74,132,16,2,10,182,56,11,4,46,3,1,92,11,1,4,0.291,0.358,0.402,0.76,0.356,108.4,-0.32
728,박경수,18,KT,2B,2.51,135,528,458,65,120,21,0,25,216,74,4,1,58,9,2,129,16,0,3,0.262,0.354,0.472,0.826,0.357,104.0,1.52
729,박경수,20,KT,2B,2.39,119,391,324,33,91,17,0,13,147,59,0,1,48,9,2,96,14,3,7,0.281,0.381,0.454,0.835,0.374,118.7,0.77
730,장성우,20,KT,C,2.22,130,455,400,39,111,15,0,13,165,79,0,0,38,1,0,64,15,10,6,0.278,0.337,0.413,0.75,0.333,92.1,0.62
731,박경수,19,KT,2B,2.21,136,489,420,43,104,24,0,10,158,65,0,1,55,4,1,102,14,4,6,0.248,0.336,0.376,0.712,0.329,98.4,0.3
732,강백호,18,KT,LF,2.1,138,585,527,108,153,32,2,29,276,84,3,5,52,3,0,124,4,0,3,0.29,0.356,0.524,0.879,0.375,115.3,2.81
733,장성우,22,KT,C,2.08,57,204,174,25,45,7,0,9,79,25,1,0,28,2,1,36,7,0,0,0.259,0.368,0.454,0.822,0.376,139.6,0.6
734,심우준,19,KT,SS,1.92,138,433,391,54,109,13,1,3,133,28,24,3,23,6,0,68,7,12,1,0.279,0.328,0.34,0.668,0.307,81.9,-1.54
735,유한준,21,KT,DH,1.87,104,336,281,30,87,16,0,5,118,42,1,0,44,7,5,34,12,0,4,0.31,0.411,0.42,0.831,0.389,130.5,1.27
736,심우준,21,KT,SS,1.74,139,460,407,61,109,20,2,6,151,48,16,6,32,4,0,65,2,10,6,0.268,0.323,0.371,0.694,0.318,83.3,-0.16
737,장성우,21,KT,C,1.73,127,460,385,46,89,13,0,14,144,63,1,2,60,3,3,69,16,9,3,0.231,0.337,0.374,0.711,0.328,90.6,1.25
738,박병호,22,KT,1B,1.69,64,260,233,32,56,8,0,19,121,50,3,0,18,7,1,76,5,0,2,0.24,0.312,0.519,0.831,0.369,135.6,1.35
739,조용호,20,KT,LF,1.48,132,482,409,73,121,15,0,0,136,32,12,3,64,2,1,83,6,5,2,0.296,0.392,0.333,0.725,0.347,99.7,1.84
740,조용호,22,KT,LF,1.42,64,245,218,23,68,9,2,1,84,13,2,4,25,2,3,41,1,0,0,0.312,0.388,0.385,0.773,0.361,126.0,-0.28
741,황재균,22,KT,3B,1.32,64,273,240,25,62,14,1,3,87,27,4,2,29,1,2,43,8,2,1,0.258,0.34,0.363,0.702,0.325,102.3,-0.08
742,장성우,19,KT,C,1.32,126,412,365,25,96,7,0,7,124,41,0,1,35,2,2,86,11,4,6,0.263,0.326,0.34,0.666,0.309,83.6,-1.85
743,김병희,21,KT,3B,1.15,34,69,51,16,15,3,0,5,33,13,3,0,13,3,0,14,0,2,0,0.294,0.463,0.647,1.11,0.476,189.8,1.1
744,김준태,22,KT,C,1.11,44,132,110,14,32,9,1,1,46,12,0,0,19,0,0,35,2,1,2,0.291,0.389,0.418,0.808,0.372,133.9,0.68
745,김민혁,19,KT,LF,1.0,127,521,466,68,131,10,1,0,143,32,22,10,32,13,0,61,8,5,5,0.281,0.341,0.307,0.648,0.309,82.7,-0.27
746,오승택,19,KT,1B,0.89,62,199,187,36,52,11,1,4,77,22,9,0,11,0,0,39,4,0,1,0.278,0.317,0.412,0.728,0.334,101.2,0.48
747,김민혁,21,KT,LF,0.87,75,198,171,22,54,6,2,1,67,13,6,3,20,2,0,27,3,5,0,0.316,0.394,0.392,0.786,0.367,115.7,0.14
748,장성우,18,KT,C,0.79,127,393,356,41,92,13,0,13,144,48,1,1,32,2,0,82,8,1,2,0.258,0.321,0.404,0.726,0.32,79.1,-1.09
749,호잉,21,KT,RF,0.76,68,294,259,32,62,11,1,11,108,52,5,2,26,4,2,52,2,0,5,0.239,0.313,0.417,0.73,0.332,93.5,-0.01
750,윤석민,18,SSG,1B,0.74,132,509,460,58,127,22,0,19,206,60,4,1,40,4,2,69,17,2,3,0.276,0.337,0.448,0.785,0.34,92.2,0.31
751,심우준,22,KT,SS,0.73,62,202,174,28,44,2,2,0,50,12,11,2,18,1,0,34,6,7,2,0.253,0.323,0.287,0.61,0.284,73.1,-0.94
752,오윤석,22,KT,2B,0.71,59,195,165,13,41,8,0,3,58,25,2,1,19,4,0,37,6,3,4,0.248,0.333,0.352,0.685,0.317,97.0,0.19
753,배정대,22,KT,CF,0.67,67,248,221,21,56,10,0,2,72,16,9,2,21,2,0,52,0,2,2,0.253,0.321,0.326,0.647,0.304,87.4,-1.58
754,유한준,20,KT,DH,0.63,119,428,386,48,108,17,0,11,158,64,0,0,40,0,2,51,9,1,1,0.28,0.347,0.409,0.756,0.345,99.2,0.83
755,오윤석,21,KT,2B,0.59,64,122,95,14,24,4,0,2,34,11,2,0,20,2,0,26,2,5,0,0.253,0.393,0.358,0.751,0.352,106.1,-0.71
756,알몬테,21,KT,LF,0.57,60,249,224,18,61,9,0,7,91,36,1,0,22,1,0,49,9,0,2,0.272,0.337,0.406,0.744,0.347,102.5,-0.46
757,조용호,19,KT,RF,0.53,87,211,188,15,55,6,3,0,67,19,3,4,21,0,0,28,0,2,0,0.293,0.364,0.356,0.72,0.339,103.2,0.17
759,송민섭,21,KT,RF,0.46,122,64,47,39,11,0,0,0,11,7,15,1,12,0,0,21,0,5,0,0.234,0.39,0.234,0.624,0.303,73.1,0.35
760,권동진,21,KT,SS,0.42,86,85,66,21,17,5,0,1,25,6,3,3,18,0,0,30,0,1,0,0.258,0.417,0.379,0.796,0.382,124.9,-0.03
761,조용호,21,KT,LF,0.39,138,515,428,71,101,14,1,0,117,48,12,9,74,3,0,85,8,5,5,0.236,0.349,0.273,0.622,0.31,77.7,0.21
762,박승욱,20,롯데,2B,0.34,97,128,110,23,29,3,2,1,39,10,5,1,11,4,0,37,1,2,1,0.264,0.349,0.355,0.704,0.327,87.0,-0.37
763,허도환,21,KT,C,0.29,62,125,105,8,29,6,0,2,41,21,0,0,8,2,0,28,3,10,0,0.276,0.339,0.39,0.73,0.317,82.1,0.19
764,문상철,20,KT,1B,0.28,74,172,154,24,40,3,2,8,71,25,0,1,11,2,0,43,4,3,2,0.26,0.314,0.461,0.775,0.336,94.6,-0.98
765,강민국,19,KT,SS,0.28,58,94,88,12,24,0,1,0,26,7,2,0,6,0,0,17,2,0,0,0.273,0.319,0.295,0.615,0.295,72.6,-0.14
766,라모스,22,KT,RF,0.28,18,80,72,10,18,1,1,3,30,11,2,0,4,2,0,18,2,1,1,0.25,0.304,0.417,0.721,0.324,103.3,-0.16
767,강백호,22,KT,DH,0.27,13,57,49,7,13,6,0,1,22,6,0,0,7,0,1,7,0,0,1,0.265,0.351,0.449,0.8,0.357,125.3,-0.12
768,신본기,21,KT,2B,0.26,96,205,173,25,41,8,0,1,52,19,1,2,22,4,0,44,6,5,1,0.237,0.335,0.301,0.636,0.305,74.7,-0.52
769,허도환,20,KT,C,0.23,52,62,53,2,14,1,0,0,15,5,0,0,6,2,0,15,2,1,0,0.264,0.361,0.283,0.644,0.314,78.3,0.56
770,송민섭,19,KT,RF,0.21,104,64,53,24,16,0,1,0,18,4,0,3,7,2,0,13,0,1,1,0.302,0.397,0.34,0.736,0.35,110.6,0.31
771,박경수,21,KT,2B,0.1,118,280,239,24,46,10,0,9,83,33,0,1,34,3,2,76,7,4,0,0.192,0.301,0.347,0.648,0.301,72.4,-0.95
772,김민혁,22,KT,LF,0.02,62,238,203,28,55,4,1,0,61,23,3,3,21,1,0,35,5,10,3,0.271,0.338,0.3,0.638,0.293,79.6,0.39
773,오태곤,20,SSG,LF,-0.01,40,55,50,7,11,1,1,0,14,5,1,0,1,4,0,16,2,0,0,0.22,0.291,0.28,0.571,0.275,54.0,0.01
774,홍현빈,22,KT,RF,-0.02,44,83,68,6,16,2,0,0,18,1,4,0,9,0,0,23,1,6,0,0.235,0.325,0.265,0.589,0.268,62.4,-0.73
775,문상철,21,KT,DH,-0.07,53,105,95,14,20,6,0,2,32,16,2,0,8,2,0,33,1,0,0,0.211,0.286,0.337,0.623,0.295,67.8,-0.84
776,문상철,19,KT,1B,-0.07,33,67,59,8,12,1,0,2,19,7,2,0,4,2,0,26,1,0,2,0.203,0.269,0.322,0.591,0.274,61.3,-0.28
777,정현,18,NC,SS,-0.07,65,132,117,16,31,7,0,2,44,9,3,0,9,0,0,28,3,6,0,0.265,0.318,0.376,0.694,0.297,63.2,-1.26
778,오태곤,19,SSG,DH,-0.08,60,192,164,27,36,5,0,2,47,13,10,2,20,4,0,39,4,3,1,0.22,0.318,0.287,0.604,0.289,70.7,-0.33
779,심우준,20,KT,SS,-0.09,144,535,476,58,112,16,3,3,143,51,35,11,37,2,0,98,7,16,4,0.235,0.291,0.3,0.591,0.271,50.2,-2.65
780,심우준,18,KT,SS,-0.09,135,403,367,49,95,23,3,4,136,29,11,11,20,4,1,58,4,11,1,0.259,0.304,0.371,0.674,0.291,59.5,-0.42
781,오태곤,18,SSG,LF,-0.1,128,374,342,55,87,17,2,12,144,39,13,8,24,4,0,92,7,3,1,0.254,0.31,0.421,0.731,0.317,76.5,-0.03
782,강민국,21,KT,2B,-0.1,18,50,45,2,11,2,0,0,13,4,0,0,3,0,0,6,1,2,0,0.244,0.292,0.289,0.581,0.27,50.6,-0.17
783,이해창,18,KT,C,-0.15,83,174,162,19,35,4,0,8,63,24,0,3,8,3,0,49,3,1,0,0.216,0.266,0.389,0.655,0.282,54.5,-0.69
