,name,year,team,WAR,출장,완투,완봉,선발,승,패,세이브,홀드,이닝,실점,자책,타자,피안타,이루타,삼루타,홈런,볼넷,고의사구,사구,삼진,보크,폭투,ERA,FIP,WHIP,ERA+,FIP+,WPA
0,알칸타라,20,두산,8.31,31,1,0,31,20,2,0,0,198.2,58,56,795,174,38,3,12,30,0,9,182,1,3,2.54,3.1,1.03,182.6,149.7,8.31
1,미란다,21,두산,7.09,28,1,1,28,14,5,0,0,173.2,49,45,709,135,21,1,11,63,0,1,225,1,7,2.33,2.67,1.14,185.0,161.1,7.09
2,린드블럼,19,두산,6.86,30,0,0,30,20,3,0,0,194.2,57,54,773,165,22,3,13,29,0,6,189,0,7,2.5,2.87,1.0,164.4,141.5,6.86
3,린드블럼,18,두산,6.81,26,0,0,26,15,4,0,0,168.2,56,54,681,142,33,2,16,38,0,8,157,0,10,2.88,4.02,1.07,175.4,125.2,6.81
4,최원준,21,두산,4.13,29,0,0,29,12,4,0,0,158.1,65,58,673,160,31,4,15,37,1,10,113,0,0,3.3,4.01,1.24,130.8,107.1,4.13
5,후랭코프,18,두산,4.12,28,0,0,28,18,3,0,0,149.1,64,62,621,118,17,1,12,55,1,22,134,0,15,3.74,4.61,1.16,135.3,110.0,4.12
6,로켓,21,두산,4.10,21,1,0,21,9,9,0,0,124.0,44,41,540,132,20,2,5,42,1,12,112,1,1,2.98,3.33,1.4,144.9,130.9,4.1
7,이용찬,18,두산,3.91,25,1,0,24,15,3,0,0,144.0,62,58,608,151,24,1,14,36,2,8,102,0,6,3.63,4.56,1.3,139.4,110.8,3.91
8,유희관,19,두산,3.55,28,2,0,27,11,8,0,0,166.1,67,60,692,171,37,2,8,42,3,3,64,0,2,3.25,4.02,1.28,126.5,102.3,3.55
9,플렉센,20,두산,3.51,21,0,0,21,8,4,0,0,116.2,43,39,472,97,14,0,6,30,2,2,132,0,5,3.01,2.73,1.09,154.0,169.7,3.51
10,최원준,20,두산,3.08,42,0,0,18,10,2,0,0,123.0,52,52,532,134,23,3,15,35,0,7,94,1,2,3.8,4.64,1.37,121.8,99.0,3.08
11,이영하,19,두산,3.03,29,1,0,27,17,4,0,0,163.1,70,66,692,148,28,5,5,61,1,10,90,2,5,3.64,3.99,1.28,112.9,103.4,3.03
12,함덕주,18,두산,2.95,62,0,0,0,6,3,27,3,67.0,23,22,293,58,9,1,4,37,3,4,75,0,4,2.96,4.07,1.42,171.0,124.8,2.95
13,홍건희,21,두산,2.92,65,0,0,0,6,6,3,17,74.1,23,23,303,65,11,0,3,27,0,0,82,1,7,2.78,2.74,1.24,154.9,158.9,2.92
14,후랭코프,19,두산,2.59,22,0,0,22,9,8,0,0,117.1,48,47,495,110,20,2,5,30,1,13,111,1,2,3.61,3.14,1.19,113.9,130.4,2.59
15,김강률,21,두산,2.49,50,0,0,0,3,0,21,3,51.2,15,12,230,54,7,2,2,25,4,1,41,0,4,2.09,3.53,1.53,206.4,124.0,2.49
16,이영하,20,두산,2.02,42,0,0,19,5,11,6,0,132.0,78,68,605,148,26,1,9,66,3,5,85,1,4,4.64,4.7,1.62,99.9,99.1,2.02
17,박치국,18,두산,1.72,67,0,0,0,1,5,3,17,67.0,30,27,293,80,13,0,5,15,4,9,60,1,1,3.63,3.91,1.42,139.4,129.6,1.72
18,스탁,22,두산,1.66,14,0,0,14,7,4,0,0,84.2,33,28,357,78,11,0,4,41,0,3,75,0,2,2.98,3.7,1.41,128.1,103.3,1.66
19,윤명준,19,두산,1.62,69,0,0,0,6,2,1,14,68.1,23,20,279,63,14,0,3,20,2,3,40,0,7,2.63,3.73,1.22,155.8,110.3,1.62
20,박치국,20,두산,1.46,63,0,0,0,4,4,0,6,71.2,34,23,317,65,12,2,5,34,4,5,66,0,1,2.89,4.09,1.38,160.4,113.5,1.46
21,이용찬,19,두산,1.35,26,0,0,26,7,10,0,0,148.1,75,67,651,168,28,2,15,45,3,6,102,0,3,4.07,4.31,1.44,101.0,93.9,1.35
22,함덕주,20,두산,1.34,36,0,0,6,5,1,10,2,55.1,25,24,240,55,7,0,2,21,2,0,55,0,7,3.9,3.07,1.37,118.7,152.5,1.34
23,곽빈,21,두산,1.34,21,0,0,21,4,7,0,0,98.2,50,45,455,78,17,3,7,79,0,12,96,1,6,4.1,5.08,1.59,105.1,85.6,1.34
24,이영하,18,두산,1.32,40,0,0,17,10,3,0,2,122.2,75,72,555,140,28,5,15,54,1,9,90,0,8,5.28,5.47,1.58,95.7,92.1,1.32
25,최원준,19,두산,1.29,34,0,0,3,1,2,1,4,54.1,17,16,228,52,12,1,1,16,1,4,38,0,1,2.65,3.29,1.25,154.9,125.5,1.29
26,김승회,18,두산,1.21,55,0,0,0,3,4,3,11,54.2,26,21,242,54,11,0,6,23,1,5,34,0,3,3.46,5.5,1.41,146.2,91.9,1.21
27,이형범,19,두산,1.21,67,0,0,0,6,3,19,10,61.0,25,18,258,57,6,0,4,19,2,9,31,0,2,2.66,4.52,1.25,154.6,90.5,1.21
28,김강률,18,두산,1.04,65,0,0,0,5,0,6,11,76.0,42,39,317,72,10,0,7,24,1,3,81,0,6,4.62,3.93,1.26,109.4,128.3,1.04
29,김승회,19,두산,1.00,55,0,0,0,3,3,3,7,58.2,24,20,250,57,12,3,1,16,1,2,46,0,5,3.07,2.93,1.24,133.8,141.4,1.0
30,홍건희,20,두산,0.86,50,0,0,0,3,4,1,8,56.2,31,30,251,63,12,1,5,20,0,5,51,0,3,4.76,4.23,1.47,97.2,109.3,0.86
31,함덕주,19,두산,0.82,61,0,0,0,2,5,16,7,54.2,24,21,236,39,7,1,6,34,4,1,48,0,2,3.46,4.78,1.34,118.7,84.8,0.82
32,최원준,22,두산,0.82,13,0,0,13,4,5,0,0,72.2,34,24,305,74,12,0,9,13,0,1,54,0,1,2.97,4.0,1.2,128.3,93.5,0.82
33,김민규,20,두산,0.64,29,0,0,4,1,2,1,0,53.1,30,29,231,47,14,0,3,22,2,3,54,0,1,4.89,3.56,1.29,94.7,130.7,0.64
34,김명신,21,두산,0.57,58,0,0,1,3,2,0,2,67.0,37,32,289,72,14,3,6,14,1,6,43,0,1,4.3,4.06,1.28,100.3,105.9,0.57
35,곽빈,22,두산,0.54,12,0,0,12,3,6,0,0,63.1,32,26,281,56,12,0,6,35,0,4,56,0,5,3.69,4.6,1.44,103.2,82.1,0.54
36,이승진,20,두산,0.39,33,0,0,5,2,4,0,5,51.1,33,32,228,55,12,2,3,22,1,2,54,0,0,5.61,3.56,1.5,82.6,130.7,0.39
37,박치국,19,두산,0.36,61,0,0,0,2,2,3,14,52.0,26,26,229,64,14,1,5,14,2,5,35,0,3,4.5,4.29,1.5,91.2,94.6,0.36
38,유희관,20,두산,0.15,27,0,0,27,10,11,0,0,136.1,91,76,622,190,37,5,14,39,4,3,56,0,1,5.02,4.91,1.68,92.3,94.3,0.15
39,박종기,21,두산,-0.23,22,0,0,5,0,4,0,0,59.2,42,38,274,69,10,1,3,29,0,3,33,0,3,5.73,4.49,1.64,75.3,97.3,-0.23
40,백정현,21,삼성,5.28,27,0,0,27,14,5,0,0,157.2,54,46,648,142,25,1,15,54,2,2,109,0,5,2.63,4.21,1.24,171.9,107.3,5.28
41,원태인,21,삼성,4.76,26,0,0,26,14,7,0,0,158.2,59,54,655,147,32,1,11,51,1,5,129,1,5,3.06,3.65,1.25,147.4,123.4,4.76
42,뷰캐넌,20,삼성,4.68,27,1,0,27,15,7,0,0,174.2,71,67,728,172,19,2,16,50,0,7,121,0,2,3.45,4.34,1.27,142.1,112.2,4.68
43,뷰캐넌,21,삼성,4.55,30,1,1,30,16,5,0,0,177.0,71,61,758,173,25,4,13,59,2,2,162,0,7,3.1,3.46,1.31,145.5,130.3,4.55
44,최채흥,20,삼성,3.35,26,1,1,26,11,6,0,0,146.0,67,58,617,131,27,1,12,51,0,7,123,3,3,3.58,4.13,1.25,137.2,117.7,3.35
45,오승환,21,삼성,3.03,64,0,0,0,0,2,44,0,62.0,17,14,252,56,15,3,3,16,3,2,57,0,2,2.03,2.85,1.16,222.1,157.9,3.03
46,최충연,18,삼성,2.98,70,0,0,0,2,6,8,16,85.0,34,34,344,73,16,2,6,26,1,2,101,0,8,3.6,3.33,1.17,147.3,156.2,2.98
47,뷰캐넌,22,삼성,2.97,14,1,1,14,6,3,0,0,90.0,27,23,381,90,16,0,3,21,0,5,71,0,2,2.3,3.02,1.23,171.6,128.9,2.97
48,아델만,18,삼성,2.81,31,0,0,31,8,12,0,0,171.0,101,96,758,202,39,1,20,54,0,11,137,1,7,5.05,4.89,1.5,105.0,107.1,2.81
49,라이블리,20,삼성,2.68,21,0,0,21,6,7,0,0,112.0,54,53,478,98,16,1,11,39,0,12,95,0,2,4.26,4.5,1.22,115.2,108.2,2.68
50,백정현,18,삼성,2.34,25,0,0,23,7,7,1,0,125.2,68,64,540,142,27,2,18,36,0,3,99,0,2,4.58,5.05,1.42,115.7,104.1,2.34
51,수아레즈,22,삼성,2.14,14,0,0,14,3,5,0,0,80.2,28,21,334,71,9,0,3,23,0,2,70,0,2,2.34,2.97,1.17,168.4,131.0,2.14
52,백정현,19,삼성,2.07,28,1,1,27,8,10,0,0,157.0,85,74,677,158,29,4,17,56,0,6,82,0,4,4.24,4.95,1.36,102.3,86.3,2.07
53,우규민,19,삼성,1.99,54,0,0,0,2,7,15,7,59.0,20,18,247,58,3,0,7,10,1,6,40,0,0,2.75,4.35,1.15,158.0,98.4,1.99
54,심창민,18,삼성,1.86,59,0,0,0,5,2,17,5,66.1,32,30,284,57,9,2,12,22,2,9,68,0,1,4.07,5.45,1.19,130.3,96.7,1.86
55,보니야,18,삼성,1.77,29,0,0,29,7,10,0,0,168.0,111,99,752,193,40,2,23,63,1,12,151,1,9,5.3,5.14,1.52,100.0,102.2,1.77
56,장필준,19,삼성,1.74,61,0,0,0,3,3,11,15,69.2,29,28,302,64,12,1,7,33,3,3,53,0,4,3.62,4.61,1.39,120.0,92.5,1.74
57,원태인,22,삼성,1.63,11,0,0,11,3,4,0,0,69.1,27,25,292,68,12,0,4,23,2,0,49,0,3,3.25,3.54,1.31,121.6,110.8,1.63
58,이승현,20,삼성,1.61,65,0,0,0,1,2,0,14,54.1,22,21,226,45,7,1,11,25,1,0,52,0,2,3.48,5.6,1.29,141.0,88.2,1.61
59,최채흥,21,삼성,1.55,26,1,0,20,5,9,0,2,122.1,66,62,538,143,21,2,16,37,1,2,82,1,4,4.56,4.62,1.47,99.0,98.3,1.55
60,원태인,20,삼성,1.51,27,0,0,26,6,10,0,0,140.0,84,76,626,162,32,1,19,56,2,5,78,0,6,4.89,5.47,1.56,100.4,89.4,1.51
61,장필준,18,삼성,1.49,61,0,0,0,5,5,6,13,66.1,35,32,290,65,15,1,6,25,2,6,74,0,0,4.34,4.09,1.36,122.2,127.5,1.49
62,양창섭,18,삼성,1.42,19,0,0,17,7,6,0,0,87.1,52,49,400,100,22,0,12,34,0,10,49,1,3,5.05,6.01,1.53,105.0,87.4,1.42
63,우규민,18,삼성,1.39,48,0,0,0,4,1,0,10,58.2,28,28,246,70,12,0,6,12,1,5,48,0,0,4.3,4.34,1.4,123.5,120.6,1.39
64,라이블리,19,삼성,1.10,9,1,1,9,4,4,0,0,57.0,26,25,236,51,9,4,4,13,0,5,58,0,0,3.95,3.23,1.12,109.9,132.1,1.1
65,최지광,19,삼성,1.03,63,0,0,0,3,8,2,10,68.0,33,31,303,64,9,3,4,40,3,5,60,0,3,4.1,4.26,1.53,105.8,99.5,1.03
66,원태인,19,삼성,0.85,26,0,0,20,4,8,0,2,112.0,65,60,493,119,26,3,12,39,0,5,68,2,6,4.82,4.76,1.41,90.0,89.7,0.85
67,윤성환,19,삼성,0.82,27,1,1,27,8,13,0,0,145.1,87,77,643,168,34,3,14,50,0,7,65,0,3,4.77,4.94,1.5,91.0,86.3,0.82
68,김윤수,20,삼성,0.82,61,0,0,0,3,5,0,12,58.0,34,30,266,66,9,0,6,31,3,1,41,0,7,4.66,4.99,1.67,105.4,97.8,0.82
69,맥과이어,19,삼성,0.76,21,1,1,21,4,8,0,0,112.1,68,63,512,119,24,3,13,66,0,6,100,2,3,5.05,5.05,1.65,86.0,84.7,0.76
70,김대우,20,삼성,0.63,28,0,0,9,3,7,0,1,77.2,49,44,350,95,17,1,9,26,0,6,37,1,1,5.1,5.35,1.56,96.2,91.3,0.63
71,최지광,21,삼성,0.35,60,0,0,0,7,1,0,14,51.1,30,28,231,53,11,2,5,27,0,2,49,0,2,4.91,4.38,1.56,91.9,102.9,0.35
72,최채흥,19,삼성,0.32,28,0,0,15,6,6,0,2,106.2,67,57,478,127,21,5,10,36,1,1,89,0,6,4.81,3.97,1.53,90.2,107.8,0.32
73,몽고메리,21,삼성,0.21,11,0,0,11,2,5,0,0,52.0,33,31,244,46,5,1,3,38,0,4,55,0,4,5.37,4.39,1.62,84.1,102.0,0.21
74,심창민,21,삼성,0.16,59,0,0,0,3,2,0,16,51.1,32,29,238,47,12,0,8,32,0,6,58,1,2,5.08,5.32,1.54,88.8,85.3,0.16
75,백정현,20,삼성,0.10,11,0,0,11,4,4,0,0,59.0,43,34,258,67,15,2,13,17,0,1,46,0,1,5.19,5.78,1.42,94.6,85.6,0.1
76,김대우,19,삼성,0.09,44,0,0,0,5,1,0,1,59.2,38,34,253,61,16,2,11,16,0,5,40,0,2,5.13,5.52,1.29,84.6,78.2,0.09
77,헤일리,19,삼성,0.00,19,0,0,19,5,8,0,0,87.2,59,56,386,95,12,2,5,34,0,6,84,1,5,5.75,3.6,1.47,75.5,118.1,0.0
78,김대우,21,삼성,-0.39,31,0,0,4,0,2,0,1,51.0,39,36,234,68,18,0,7,15,1,2,27,0,1,6.35,5.0,1.63,71.0,91.0,-0.39
79,윤성환,18,삼성,-0.52,24,0,0,24,5,9,0,0,117.1,99,91,542,164,30,0,28,32,0,9,89,0,2,6.98,6.47,1.67,76.0,81.9,-0.52
80,루친스키,20,NC,5.59,30,0,0,30,19,5,0,0,183.0,67,62,770,173,12,3,14,57,0,11,167,0,11,3.05,3.84,1.26,160.2,125.8,5.59
81,루친스키,19,NC,4.64,30,2,0,30,9,9,0,0,177.1,68,60,731,164,20,1,13,45,0,11,119,0,7,3.05,3.96,1.18,138.4,106.6,4.64
82,구창모,20,NC,4.62,15,0,0,14,9,0,0,1,93.1,20,18,348,58,12,0,7,18,0,0,102,0,2,1.74,2.92,0.81,281.5,165.6,4.62
83,루친스키,21,NC,4.48,30,0,0,30,15,10,0,0,178.2,76,63,754,160,24,1,12,55,0,10,177,2,6,3.17,3.32,1.2,143.1,135.9,4.48
84,박진우,19,NC,3.82,41,0,0,18,9,7,0,5,140.2,53,49,590,137,18,0,9,29,0,19,92,0,2,3.14,3.95,1.18,134.4,106.8,3.82
85,파슨스,21,NC,3.71,24,1,0,24,4,8,0,0,133.0,56,55,577,109,16,2,9,63,0,11,148,1,10,3.72,3.66,1.29,122.0,123.3,3.71
86,루친스키,22,NC,3.44,14,0,0,14,5,4,0,0,94.2,26,19,371,71,13,1,4,11,0,4,104,0,5,1.81,2.12,0.87,215.2,184.6,3.44
87,구창모,19,NC,2.67,23,0,0,19,10,7,0,1,107.0,40,38,449,85,15,2,10,42,0,5,114,0,7,3.2,3.81,1.19,131.8,111.5,2.67
88,이재학,18,NC,2.67,29,1,0,29,5,13,0,0,152.1,87,81,658,157,27,2,13,49,2,10,116,0,6,4.79,4.54,1.35,108.4,115.4,2.67
89,신민혁,21,NC,2.65,30,0,0,25,9,6,0,0,145.0,75,71,625,155,28,3,17,44,0,5,107,2,2,4.41,4.4,1.37,103.0,102.9,2.65
90,프리드릭,19,NC,2.38,12,2,1,12,7,4,0,0,72.0,22,22,294,63,6,0,4,22,1,3,56,0,2,2.75,3.57,1.18,153.2,118.3,2.38
91,송명기,20,NC,2.31,36,0,0,12,9,3,0,0,87.2,37,36,372,78,13,0,12,39,1,2,72,0,7,3.7,5.06,1.34,132.2,95.9,2.31
92,왕웨이중,18,NC,2.28,25,0,0,25,7,10,0,0,141.2,83,67,615,169,25,1,16,40,2,2,108,0,2,4.26,4.62,1.48,121.9,113.5,2.28
93,베렛,18,NC,2.22,29,0,0,29,6,10,0,0,155.0,94,91,698,178,31,2,24,59,0,9,144,1,10,5.28,5.3,1.53,98.2,99.1,2.22
94,라이트,20,NC,2.01,29,0,0,29,11,9,0,0,157.2,87,82,696,164,27,2,12,63,0,10,125,2,5,4.68,4.35,1.44,104.4,111.0,2.01
95,이재학,19,NC,1.70,24,0,0,23,10,4,0,0,129.2,62,55,560,133,24,2,6,43,0,9,91,0,6,3.82,3.8,1.36,110.4,110.9,1.7
96,구창모,18,NC,1.63,36,0,0,23,5,11,0,1,133.0,83,79,598,158,31,2,21,52,0,7,116,1,16,5.35,5.47,1.58,97.1,96.1,1.63
97,최성영,19,NC,1.45,26,0,0,15,4,1,0,2,82.1,39,36,368,79,15,3,3,48,0,4,62,0,3,3.94,4.27,1.54,107.1,98.9,1.45
98,원종현,20,NC,1.09,58,0,0,0,3,5,30,0,57.0,30,27,245,56,5,1,4,20,1,2,41,0,4,4.26,4.13,1.33,114.6,116.7,1.09
99,원종현,21,NC,0.91,61,0,0,0,2,2,14,6,53.0,27,25,245,67,9,0,5,23,2,3,45,0,4,4.25,4.22,1.7,107.0,107.0,0.91
100,원종현,18,NC,0.88,59,0,0,0,3,6,2,17,64.1,38,37,275,78,5,1,7,22,1,2,36,0,5,5.18,5.2,1.55,100.3,101.0,0.88
101,김정훈,19,NC,0.62,44,0,0,0,0,2,0,7,51.1,23,21,215,49,11,0,5,16,0,4,32,0,3,3.68,4.59,1.27,114.5,91.9,0.62
102,배재환,19,NC,0.60,62,0,0,0,3,5,0,20,54.1,26,22,247,49,9,0,3,31,2,7,61,1,2,3.64,3.86,1.47,115.6,109.5,0.6
103,신민혁,22,NC,0.53,11,0,0,11,2,5,0,0,60.1,30,28,265,63,17,1,5,17,1,8,52,0,4,4.18,3.84,1.33,93.1,102.6,0.53
104,이재학,21,NC,0.53,17,2,1,17,6,6,0,0,83.0,50,48,370,74,16,1,14,52,0,6,65,0,3,5.2,6.06,1.52,87.2,74.8,0.53
105,강윤구,19,NC,0.44,67,0,0,0,3,3,0,15,56.1,29,28,242,55,4,4,4,24,2,4,49,0,2,4.47,3.97,1.4,94.2,106.3,0.44
106,최성영,18,NC,0.43,28,0,0,8,2,2,1,0,64.1,43,42,282,66,14,0,11,25,1,4,57,0,6,5.88,5.59,1.42,88.3,94.1,0.43
107,이형범,18,NC,0.42,23,0,0,4,1,1,0,0,54.0,36,31,238,62,11,0,5,24,2,1,22,0,3,5.17,5.5,1.59,100.5,95.5,0.42
108,원종현,19,NC,0.41,60,0,0,0,3,3,31,0,60.0,31,27,256,62,9,2,4,17,2,3,59,0,5,4.05,3.2,1.32,104.0,132.1,0.41
109,김영규,21,NC,0.32,37,0,0,8,5,3,0,6,63.2,40,38,286,69,8,0,10,28,0,1,42,0,3,5.37,5.42,1.52,84.5,83.6,0.32
110,김영규,19,NC,0.18,30,1,1,10,5,4,0,1,66.1,40,39,307,82,6,1,7,31,0,6,46,0,4,5.29,5.06,1.7,79.6,83.4,0.18
111,이민호,18,NC,0.15,50,0,0,0,5,4,14,0,50.0,34,26,224,52,9,0,8,19,1,3,42,1,2,4.68,5.49,1.42,110.9,95.8,0.15
112,정수민,18,NC,0.14,25,0,0,7,2,5,0,1,58.0,43,39,278,69,8,2,10,33,0,3,38,0,7,6.05,6.63,1.76,85.8,79.5,0.14
113,송명기,21,NC,0.10,24,0,0,24,8,9,0,0,123.1,83,81,574,147,39,2,12,58,1,9,102,1,2,5.91,4.55,1.66,76.8,99.3,0.1
114,김건태,18,NC,0.06,21,0,0,9,2,3,0,0,53.0,38,32,247,60,11,1,7,24,0,7,39,1,3,5.43,5.83,1.59,95.5,90.1,0.06
115,버틀러,19,NC,0.04,13,0,0,13,3,6,0,0,73.2,46,39,326,78,18,1,6,28,1,2,49,0,4,4.76,4.31,1.44,88.4,97.8,0.04
116,김영규,20,NC,0.04,20,0,0,13,2,2,0,1,67.2,47,41,296,83,9,2,12,14,0,2,55,2,5,5.45,4.95,1.43,89.6,98.5,0.04
117,장현식,19,NC,0.02,53,0,0,0,5,4,0,9,54.2,31,28,246,58,7,1,9,23,0,4,49,0,6,4.61,5.23,1.48,91.4,81.0,0.02
118,강윤구,18,NC,-0.11,69,0,0,0,7,5,1,17,54.2,41,37,243,54,10,1,10,26,0,1,65,0,4,6.09,5.32,1.46,85.2,98.9,-0.11
119,최성영,20,NC,-0.14,14,0,0,13,2,4,0,0,60.2,45,41,278,67,14,0,13,35,0,3,27,0,2,6.08,7.33,1.68,80.3,66.3,-0.14
120,요키시,20,키움,5.53,27,0,0,27,12,7,0,0,159.2,53,38,640,144,26,3,6,25,0,6,115,1,3,2.14,3.19,1.06,220.3,147.3,5.53
121,요키시,21,키움,4.66,31,0,0,31,16,9,0,0,181.1,71,59,739,171,24,0,12,46,2,4,131,0,9,2.93,3.54,1.2,151.4,122.4,4.66
122,요키시,19,키움,4.23,30,1,1,30,13,9,0,0,181.1,72,63,746,166,33,5,9,39,0,11,141,0,6,3.13,3.32,1.13,132.4,124.5,4.23
123,브리검,19,키움,3.69,28,0,0,28,13,5,0,0,158.1,62,52,669,148,32,2,5,46,0,12,130,1,7,2.96,3.27,1.23,140.0,126.9,3.69
124,최원태,19,키움,3.10,27,0,0,27,11,5,0,0,157.1,68,59,666,165,28,2,5,36,0,5,105,0,5,3.38,3.26,1.28,122.6,127.1,3.1
125,조상우,20,키움,2.98,53,0,0,0,5,3,33,0,54.1,15,13,232,50,5,0,3,18,2,2,64,0,1,2.15,2.91,1.25,219.1,159.0,2.98
126,요키시,22,키움,2.89,14,0,0,14,7,4,0,0,89.0,27,24,343,73,16,2,5,9,0,2,84,0,1,2.43,2.51,0.92,157.1,150.0,2.89
127,안우진,21,키움,2.45,21,0,0,21,7,8,0,0,107.2,47,39,450,88,15,1,13,41,1,7,110,1,5,3.26,4.17,1.2,136.0,102.7,2.45
128,브리검,20,키움,2.40,21,0,0,21,9,5,0,0,107.0,45,43,456,98,7,2,6,42,1,5,105,0,8,3.62,3.61,1.31,130.5,129.1,2.4
129,안우진,22,키움,2.18,13,0,0,13,7,4,0,0,81.0,27,22,330,62,20,2,1,28,0,1,94,0,4,2.44,2.21,1.11,156.0,172.6,2.18
130,양현,20,키움,1.77,58,0,0,1,8,3,2,11,60.0,23,22,245,58,9,1,4,17,0,3,33,0,1,3.3,4.32,1.25,143.0,108.3,1.77
131,김상수,19,키움,1.73,67,0,0,0,3,5,0,40,56.2,19,18,238,50,6,0,3,28,1,2,60,0,0,2.86,3.51,1.38,144.8,117.7,1.73
132,김태훈,21,키움,1.66,66,0,0,0,4,2,11,15,64.1,26,23,282,60,10,0,1,33,2,1,52,1,3,3.22,3.41,1.45,137.8,128.7,1.66
133,오주원,19,키움,1.60,57,0,0,0,3,3,18,3,54.1,17,14,223,54,7,0,1,7,0,3,41,0,1,2.32,2.69,1.12,178.5,155.1,1.6
134,브리검,21,키움,1.44,10,0,0,10,7,3,0,0,61.0,25,20,250,49,8,0,6,26,0,4,49,0,3,2.95,4.48,1.23,150.2,96.4,1.44
135,김성민,19,키움,1.40,50,0,0,0,2,0,0,5,56.1,17,16,230,53,13,1,0,11,0,2,38,0,4,2.56,2.75,1.14,161.9,152.3,1.4
136,한현희,21,키움,1.38,18,0,0,15,6,2,0,1,85.2,42,37,372,86,20,0,4,30,0,6,61,0,3,3.89,3.78,1.35,114.1,115.7,1.38
137,윤영삼,19,키움,1.29,54,0,0,0,3,3,1,3,62.2,23,20,254,60,12,2,5,14,1,1,56,0,3,2.87,3.32,1.18,144.1,123.5,1.29
138,애플러,22,키움,1.21,13,1,1,13,4,4,0,0,74.2,32,32,311,78,18,1,7,14,0,3,39,0,0,3.86,4.15,1.23,98.9,90.9,1.21
139,이승호,20,키움,1.14,24,0,0,23,6,6,0,0,118.2,71,67,517,132,20,1,15,40,0,5,73,1,3,5.08,5.11,1.45,92.9,90.8,1.14
140,한현희,20,키움,1.09,25,0,0,25,7,9,0,0,135.2,77,75,587,141,20,1,10,37,2,14,109,2,3,4.98,3.99,1.31,94.8,116.8,1.09
141,정찬헌,21,키움,1.02,11,1,1,11,3,3,0,0,56.1,26,25,248,64,11,0,1,15,0,4,28,0,1,3.99,3.58,1.4,111.0,123.2,1.02
142,김재웅,21,키움,0.95,51,0,0,0,0,1,1,11,53.1,24,21,243,49,2,0,5,33,3,1,47,0,2,3.54,4.53,1.54,125.1,95.2,0.95
143,김태훈,20,키움,0.91,53,0,0,2,7,0,0,10,64.0,34,30,281,70,14,1,1,22,1,5,40,0,3,4.22,3.73,1.44,111.8,127.0,0.91
144,한현희,19,키움,0.84,61,0,0,0,7,5,0,24,58.0,26,22,251,50,10,1,1,20,1,7,49,1,2,3.41,3.28,1.21,121.2,127.0,0.84
145,이승호,19,키움,0.77,23,1,1,23,8,5,0,0,122.2,70,61,533,134,27,3,10,51,0,1,82,3,5,4.48,4.4,1.51,92.5,93.5,0.77
146,김동준,19,키움,0.64,33,0,0,5,8,3,0,2,70.0,36,35,300,77,15,0,5,23,0,0,50,0,3,4.5,3.89,1.43,92.0,105.8,0.64
147,최원태,20,키움,0.63,21,0,0,21,7,6,0,0,110.0,68,62,478,115,16,1,16,37,2,7,67,0,6,5.07,5.37,1.38,93.0,86.1,0.63
148,최원태,21,키움,0.54,28,0,0,28,9,11,0,0,143.1,89,73,643,163,21,3,11,53,2,10,93,0,3,4.58,4.31,1.51,96.7,100.8,0.54
149,김재웅,20,키움,0.51,43,0,0,7,1,4,0,2,59.2,36,31,258,64,18,0,7,23,1,2,51,0,4,4.68,4.58,1.46,100.9,100.9,0.51
150,최원태,22,키움,0.34,12,0,0,12,3,3,0,0,57.0,30,24,244,52,16,0,1,21,0,2,38,0,4,3.79,3.4,1.28,100.6,112.9,0.34
151,김동혁,21,키움,0.24,40,0,0,8,0,5,1,0,82.0,51,47,367,89,21,0,5,34,4,14,30,1,0,5.16,5.0,1.5,85.9,87.6,0.24
152,김상수,20,키움,0.18,60,0,0,0,3,3,5,11,51.1,33,27,226,52,12,0,3,21,1,3,48,0,1,4.73,3.79,1.42,99.7,123.1,0.18
153,안우진,19,키움,-0.01,19,0,0,15,7,5,0,0,88.1,56,51,395,97,19,1,8,36,0,3,80,1,3,5.2,4.09,1.51,79.6,100.3,-0.01
154,폰트,22,SSG,3.91,14,1,0,14,8,4,0,0,95.0,22,21,356,60,13,2,6,13,1,2,87,0,3,1.99,2.73,0.77,199.1,146.2,3.91
155,김광현,22,SSG,2.98,12,0,0,12,7,1,0,0,76.0,18,13,302,53,10,0,2,19,2,1,75,0,1,1.54,2.37,0.95,257.3,167.5,2.98
156,폰트,21,SSG,2.94,26,0,0,26,8,5,0,0,145.2,66,56,604,114,22,1,12,45,1,6,157,1,2,3.46,3.28,1.09,129.7,139.2,2.94
157,김택형,21,SSG,2.83,59,0,0,0,5,1,7,4,75.1,23,20,316,61,11,0,3,42,5,3,62,0,3,2.39,3.8,1.37,187.8,118.9,2.83
158,이태양,22,SSG,2.14,16,0,0,10,4,2,0,1,70.0,21,21,283,61,13,0,7,16,2,3,42,0,0,2.7,4.12,1.1,146.7,96.1,2.14
159,서진용,21,SSG,1.70,65,0,0,0,7,5,9,3,67.1,28,25,297,57,8,1,9,43,7,0,62,0,3,3.34,4.83,1.49,134.3,94.3,1.7
160,박종훈,21,SSG,1.61,9,0,0,9,4,2,0,0,54.1,19,17,222,40,7,0,2,17,0,7,41,2,0,2.82,3.63,1.05,159.3,124.6,1.61
161,문승원,21,SSG,1.33,9,0,0,9,2,2,0,0,50.1,20,16,212,42,14,0,1,18,0,2,32,0,1,2.86,3.51,1.19,156.8,127.9,1.33
162,장지훈,21,SSG,1.11,60,0,0,0,2,5,1,10,80.1,40,35,342,84,12,2,6,19,1,4,51,1,1,3.92,3.86,1.28,114.4,117.5,1.11
163,오원석,22,SSG,1.10,13,0,0,13,5,4,0,0,72.2,33,33,306,68,11,1,6,33,0,2,62,0,1,4.09,4.11,1.39,96.9,96.6,1.1
164,김상수,21,SSG,0.32,50,0,0,0,4,3,6,5,58.1,33,33,273,71,8,0,10,30,3,1,44,0,2,5.09,5.49,1.73,88.1,83.0,0.32
165,이태양,21,SSG,0.16,40,0,0,14,5,10,0,4,103.2,66,66,456,123,23,1,25,32,1,1,62,0,2,5.73,6.2,1.5,78.3,73.8,0.16
166,김태훈,21,SSG,0.05,65,0,0,0,2,4,1,16,58.0,35,32,269,55,5,0,7,39,3,9,49,1,4,4.97,5.54,1.62,90.4,82.1,0.05
167,가빌리오,21,SSG,0.02,15,0,0,15,6,4,0,0,81.1,54,53,351,88,18,0,7,30,1,6,70,0,3,5.86,4.02,1.45,76.5,113.0,0.02
168,최민준,21,SSG,0.02,38,0,0,12,3,3,0,4,86.0,56,56,398,93,17,0,11,50,0,7,62,1,5,5.86,5.54,1.66,76.6,81.9,0.02
169,조영우,21,SSG,-0.11,30,0,0,8,4,8,1,0,66.2,46,42,291,74,10,2,10,26,0,0,48,0,3,5.67,5.01,1.5,79.1,90.8,-0.11
170,노바,22,SSG,-0.93,12,0,0,12,3,4,0,0,63.2,50,46,291,78,10,2,5,25,0,5,32,1,9,6.5,4.72,1.62,60.9,83.6,-0.93
171,오원석,21,SSG,-1.00,33,0,0,21,7,6,0,2,110.0,84,72,530,125,20,3,11,73,1,10,95,1,2,5.89,5.14,1.8,76.2,88.2,-1.0
172,채드벨,19,한화,4.49,29,0,0,29,11,10,0,0,177.1,73,69,749,169,33,2,14,63,0,10,134,1,8,3.5,4.15,1.31,118.3,100.2,4.49
173,서폴드,19,한화,4.22,31,0,0,31,12,11,0,0,192.1,84,75,810,191,28,4,8,54,1,8,135,0,8,3.51,3.49,1.27,118.0,119.3,4.22
174,정우람,19,한화,3.82,57,0,0,0,4,3,26,0,58.1,11,10,237,57,8,0,4,16,4,1,48,1,2,1.54,3.32,1.25,268.5,125.1,3.82
175,킹엄,21,한화,3.72,25,0,0,25,10,8,0,0,144.0,58,51,591,117,22,0,11,41,1,5,131,2,4,3.19,3.44,1.1,137.4,129.2,3.72
176,강재민,21,한화,3.12,58,0,0,0,2,1,5,13,63.1,16,15,269,51,13,0,2,26,3,5,55,1,1,2.13,3.33,1.22,205.5,133.7,3.12
177,샘슨,18,한화,2.97,30,0,0,29,13,8,0,0,161.2,91,84,703,144,26,1,17,79,0,5,195,2,18,4.68,4.35,1.38,113.3,123.2,2.97
178,김민우,21,한화,2.93,29,0,0,28,14,10,0,0,155.1,71,69,662,131,23,1,15,76,1,7,125,1,5,4.0,4.56,1.33,109.6,97.7,2.93
179,송은범,18,한화,2.93,68,0,0,0,7,4,1,10,79.1,29,22,341,77,9,1,2,33,2,5,61,0,8,2.5,3.98,1.39,212.3,132.4,2.93
180,이태양,18,한화,2.62,63,0,0,0,4,2,0,12,79.1,30,25,325,66,11,1,10,23,2,4,85,0,4,2.84,4.27,1.12,186.8,125.3,2.62
181,박상원,18,한화,2.44,69,0,0,0,4,2,0,9,60.0,17,14,256,59,13,0,3,21,1,4,62,0,3,2.1,3.62,1.33,252.3,146.8,2.44
182,김민우,20,한화,2.31,26,0,0,25,5,10,0,0,132.2,72,64,593,121,16,1,15,72,3,7,124,2,10,4.34,4.88,1.46,108.9,98.2,2.31
183,윤대경,20,한화,2.20,55,0,0,0,5,0,0,7,51.0,16,9,225,48,7,0,3,25,3,3,42,0,1,1.59,4.14,1.43,297.7,115.5,2.2
184,카펜터,21,한화,2.01,31,0,0,30,5,12,0,0,170.0,90,75,746,150,21,3,16,72,0,19,179,1,7,3.97,4.06,1.31,110.3,109.7,2.01
185,정우람,18,한화,2.01,55,0,0,0,5,3,35,0,53.0,22,20,220,49,9,0,6,12,1,2,56,0,1,3.4,3.93,1.15,156.0,136.2,2.01
186,윤대경,21,한화,1.50,43,0,0,9,2,5,0,7,77.2,35,34,337,73,13,0,8,34,2,6,54,0,3,3.94,4.75,1.38,111.2,93.8,1.5
187,헤일,18,한화,1.48,12,0,0,12,3,4,0,0,66.1,35,32,277,68,10,0,8,17,0,4,55,0,3,4.34,4.69,1.28,122.0,113.6,1.48
188,휠러,18,한화,1.43,19,0,0,19,3,9,0,0,101.2,62,58,459,128,16,0,12,34,1,10,94,1,2,5.13,4.79,1.59,103.2,111.5,1.43
189,장시환,20,한화,1.40,26,0,0,26,4,14,0,0,132.2,81,74,603,139,27,1,15,74,0,8,115,0,10,5.02,5.15,1.61,94.2,93.1,1.4
190,김진영,20,한화,1.33,58,0,0,0,3,3,0,8,54.0,26,20,231,48,4,0,6,22,0,3,56,0,5,3.33,4.32,1.3,141.8,110.9,1.33
191,서폴드,20,한화,1.30,28,1,1,28,10,13,0,0,165.0,107,90,734,203,30,3,19,42,0,13,97,0,10,4.91,4.88,1.49,96.3,98.2,1.3
192,정우람,20,한화,1.23,50,0,0,0,3,5,16,0,54.1,29,29,230,58,11,1,4,12,1,5,53,0,2,4.8,3.45,1.29,98.4,138.6,1.23
193,안영명,19,한화,1.20,67,0,0,0,4,7,0,13,62.0,27,27,273,82,14,1,5,13,0,3,48,1,2,3.92,3.68,1.53,105.7,112.8,1.2
194,장민재,18,한화,1.15,34,0,0,3,6,2,0,1,59.2,33,31,266,62,14,2,7,23,0,1,42,0,1,4.68,5.16,1.43,113.3,103.2,1.15
195,주현상,21,한화,1.04,43,0,0,0,2,2,0,4,50.1,21,20,218,46,6,3,6,21,2,1,33,0,6,3.58,4.76,1.33,122.5,93.6,1.04
196,김재영,18,한화,1.03,29,0,0,21,6,4,0,1,111.1,74,70,503,136,32,1,15,37,0,12,56,0,4,5.66,5.9,1.55,93.6,90.1,1.03
197,박상원,19,한화,0.81,61,0,0,0,1,4,0,12,59.0,29,26,256,52,6,0,5,28,1,5,39,0,1,3.97,4.81,1.36,104.5,86.6,0.81
198,박상원,20,한화,0.76,62,0,0,0,1,0,1,10,58.0,35,30,256,62,14,1,8,20,4,4,52,1,2,4.66,4.59,1.41,101.6,104.2,0.76
199,김범수,20,한화,0.65,24,0,0,8,3,6,0,0,55.0,34,32,259,55,11,2,9,42,3,3,55,0,1,5.24,5.97,1.76,90.3,80.2,0.65
200,안영명,18,한화,0.50,53,0,0,1,8,2,0,8,66.0,44,42,291,83,10,0,12,15,1,4,48,1,4,5.73,5.56,1.49,92.5,96.2,0.5
201,김기중,21,한화,0.33,15,0,0,12,2,4,0,0,53.2,32,28,260,63,10,1,4,36,2,4,36,2,0,4.7,5.08,1.85,93.3,87.8,0.33
202,김종수,20,한화,0.32,54,0,0,0,1,1,1,7,50.0,34,33,228,54,11,3,6,26,1,3,43,0,4,5.94,5.08,1.6,79.6,94.4,0.32
203,윤규진,18,한화,0.18,18,0,0,17,2,6,0,0,84.0,63,55,381,99,22,2,14,30,0,6,81,0,3,5.89,5.36,1.54,89.9,100.0,0.18
204,채드벨,20,한화,0.16,16,0,0,16,2,8,0,0,77.0,54,51,346,85,11,0,10,35,1,5,61,0,3,5.96,5.18,1.56,79.3,92.5,0.16
205,장민재,19,한화,0.16,26,1,0,22,6,8,0,0,119.1,76,72,526,150,25,1,14,27,0,6,103,0,3,5.43,4.03,1.48,76.3,102.7,0.16
206,김범수,21,한화,0.05,56,0,0,2,4,9,1,9,70.2,44,41,319,68,11,2,2,42,1,2,70,1,8,5.22,3.55,1.56,83.9,125.8,0.05
207,배영수,18,한화,-0.03,11,0,0,11,2,3,0,0,55.2,42,41,251,69,16,4,6,15,1,6,47,1,0,6.63,4.62,1.51,79.9,115.2,-0.03
208,김민우,18,한화,-0.12,23,0,0,20,5,9,0,0,99.1,79,72,468,133,28,1,19,41,0,8,73,1,5,6.52,6.33,1.75,81.2,84.5,-0.12
209,김민우,22,한화,-0.13,14,0,0,14,3,5,0,0,73.0,44,42,321,64,16,0,9,40,4,4,59,0,5,5.18,4.92,1.43,74.1,79.2,-0.13
210,김이환,20,한화,-0.17,17,0,0,15,2,7,0,0,64.2,50,49,312,75,13,0,9,44,0,4,41,0,4,6.82,6.32,1.84,69.3,75.8,-0.17
211,장민재,20,한화,-0.19,24,0,0,10,2,7,0,0,57.1,44,43,267,86,19,2,5,13,0,2,32,0,1,6.75,4.36,1.73,70.0,109.8,-0.19
212,윌슨,18,LG,6.31,26,1,1,26,9,4,0,0,170.0,63,58,689,158,23,3,11,35,1,6,149,1,10,3.07,3.63,1.14,164.3,139.4,6.31
213,켈리,21,LG,4.96,30,0,0,30,13,8,0,0,177.0,64,62,744,160,25,0,12,60,3,11,142,1,7,3.15,3.76,1.24,136.8,115.1,4.96
214,소사,18,LG,4.95,27,1,1,27,9,9,0,0,181.1,83,71,760,192,44,1,16,28,1,4,181,0,6,3.52,3.5,1.21,143.2,143.3,4.95
215,수아레즈,21,LG,4.43,23,0,0,22,10,2,0,0,115.1,33,28,473,91,16,2,4,41,0,4,126,0,2,2.18,2.77,1.15,197.4,157.7,4.43
216,켈리,20,LG,4.26,28,1,1,28,15,7,0,0,173.1,67,64,705,160,29,1,16,40,0,11,134,0,4,3.32,4.09,1.15,139.3,112.7,4.26
217,켈리,19,LG,3.98,29,0,0,29,14,12,0,0,180.1,70,51,747,164,33,3,7,41,0,16,126,0,12,2.55,3.46,1.14,161.3,118.7,3.98
218,고우석,19,LG,3.89,64,0,0,0,8,2,34,1,70.0,13,12,284,47,7,1,4,29,4,4,76,0,2,1.54,3.22,1.09,266.1,126.7,3.89
219,윌슨,19,LG,3.40,30,1,0,30,14,7,0,0,185.0,77,60,763,171,27,2,7,43,1,11,137,0,6,2.92,3.27,1.16,140.6,125.4,3.4
220,정우영,21,LG,3.21,70,0,0,0,7,3,2,27,65.0,16,16,263,43,9,0,0,26,1,8,41,0,2,2.22,3.59,1.06,194.7,123.3,3.21
221,고우석,21,LG,3.13,63,0,0,0,1,5,30,0,58.0,15,14,240,47,10,1,3,23,5,3,68,0,1,2.17,2.75,1.21,198.6,157.6,3.13
222,정우영,20,LG,2.67,65,0,0,0,4,4,5,20,75.0,26,26,305,48,5,0,3,29,3,11,59,0,1,3.12,3.98,1.03,148.3,117.5,2.67
223,켈리,22,LG,2.19,12,0,0,12,8,1,0,0,73.2,23,20,297,65,5,1,4,16,0,2,68,0,2,2.44,2.89,1.1,155.9,131.2,2.19
224,김대유,21,LG,2.09,64,0,0,0,4,1,0,24,50.2,13,12,209,32,1,0,2,15,0,9,56,0,2,2.13,3.06,0.93,202.4,142.4,2.09
225,이정용,21,LG,1.88,66,0,0,0,3,3,0,15,69.2,25,23,284,55,13,2,4,23,1,1,74,0,0,2.97,2.95,1.12,145.2,146.9,1.88
226,이민호,20,LG,1.79,20,0,0,16,4,4,0,0,97.2,46,40,434,94,19,0,5,44,1,10,67,1,4,3.69,4.48,1.41,125.6,104.4,1.79
227,임찬규,20,LG,1.51,27,0,0,26,10,9,0,0,147.2,76,67,641,143,29,2,14,65,0,5,138,0,4,4.08,4.34,1.41,113.3,106.3,1.51
228,정찬헌,20,LG,1.50,19,1,1,19,7,4,0,0,110.1,51,43,470,116,22,1,10,31,0,4,85,0,5,3.51,4.15,1.33,131.9,111.4,1.5
229,플럿코,22,LG,1.48,14,0,0,14,6,3,0,0,83.1,35,28,339,68,9,1,9,22,1,0,81,0,5,3.02,3.51,1.08,126.0,106.3,1.48
230,차우찬,19,LG,1.44,29,0,0,28,13,8,0,0,168.1,87,77,730,181,30,1,16,59,0,5,124,0,13,4.12,4.31,1.43,99.7,94.1,1.44
231,임찬규,21,LG,1.38,17,0,0,17,1,8,0,0,90.2,45,39,387,76,9,3,7,41,1,3,67,0,5,3.87,4.28,1.29,111.4,101.1,1.38
232,이민호,21,LG,1.35,25,0,0,22,8,9,0,0,115.0,58,55,477,89,17,0,13,45,1,14,100,0,6,4.3,4.58,1.17,100.2,93.7,1.35
233,최동환,20,LG,1.28,54,0,0,0,4,1,0,4,57.0,23,22,228,54,10,1,6,12,0,2,42,0,3,3.47,4.19,1.16,133.2,109.8,1.28
234,정찬헌,18,LG,1.16,66,0,0,0,5,3,27,0,65.0,36,35,299,76,14,0,5,24,3,7,50,0,2,4.85,4.59,1.54,104.1,110.3,1.16
235,윌슨,20,LG,1.10,25,0,0,25,10,8,0,0,144.2,81,71,628,161,23,2,13,39,0,8,109,1,3,4.42,4.19,1.38,104.8,110.2,1.1
236,김대현,19,LG,0.99,41,0,0,2,5,4,0,8,65.2,31,28,282,63,11,1,2,27,1,4,39,0,3,3.84,3.98,1.37,107.0,103.4,0.99
237,송은범,20,LG,0.85,56,0,0,1,4,2,2,6,56.0,29,28,247,66,8,1,4,19,1,3,28,0,2,4.5,4.61,1.52,102.8,101.0,0.85
238,차우찬,18,LG,0.81,29,1,0,29,12,10,0,0,170.0,119,115,762,177,36,4,27,79,2,10,136,0,10,6.09,5.83,1.51,82.9,85.5,0.81
239,정찬헌,21,LG,0.66,12,0,0,12,6,2,0,0,58.0,29,26,249,69,12,2,5,12,0,2,31,0,2,4.03,4.11,1.4,106.9,105.0,0.66
240,정우영,19,LG,0.66,56,0,0,0,4,6,1,16,65.1,30,27,273,57,9,2,2,20,5,8,38,1,3,3.72,3.69,1.18,110.4,111.6,0.66
241,류제국,19,LG,0.59,11,0,0,11,0,2,0,0,53.1,27,25,243,57,7,2,5,26,1,4,31,0,2,4.22,5.09,1.56,97.3,79.9,0.59
242,진해수,20,LG,0.58,76,0,0,0,4,2,0,22,50.0,27,24,230,54,6,0,3,23,2,4,59,0,5,4.32,3.48,1.54,107.1,133.3,0.58
243,김윤식,21,LG,0.53,35,0,0,3,7,4,0,1,66.2,37,32,301,65,9,2,3,36,2,6,56,2,0,4.32,4.04,1.52,99.8,108.1,0.53
244,임찬규,18,LG,0.40,29,0,0,27,11,11,1,0,146.2,104,94,680,195,32,1,23,47,1,13,125,0,6,5.77,5.37,1.65,87.5,92.6,0.4
245,이상영,21,LG,0.29,21,0,0,9,1,1,0,0,50.0,28,24,228,48,8,0,7,32,0,8,30,0,3,4.32,6.35,1.6,99.8,67.7,0.29
246,차우찬,20,LG,0.21,13,0,0,13,5,5,0,0,64.0,39,38,287,71,14,1,8,28,1,2,51,0,1,5.34,4.95,1.55,86.6,92.8,0.21
247,이우찬,19,LG,0.16,30,0,0,13,5,4,0,2,91.0,55,49,398,78,14,1,5,66,1,4,58,0,5,4.85,5.12,1.58,84.7,80.1,0.16
248,임찬규,19,LG,0.15,30,0,0,13,2,5,0,2,88.2,51,49,392,84,20,3,10,46,0,7,72,0,7,4.97,5.04,1.47,82.5,80.3,0.15
249,신정락,18,LG,0.01,49,0,0,1,3,7,0,5,50.2,37,33,227,59,8,0,5,17,0,6,56,0,3,5.86,4.27,1.5,86.1,117.5,0.01
250,고우석,18,LG,-0.01,56,0,0,0,3,5,0,3,67.0,51,44,312,69,12,2,10,37,0,5,44,1,2,5.91,6.34,1.58,85.3,79.0,-0.01
251,이민호,22,LG,-0.13,12,0,0,12,5,4,0,0,58.1,36,33,256,64,12,3,5,23,0,2,24,0,1,5.09,4.87,1.49,74.8,77.7,-0.13
252,스트레일리,20,롯데,7.53,31,0,0,31,15,4,0,0,194.2,61,54,777,148,27,2,10,51,0,7,205,0,4,2.5,3.01,1.02,195.1,159.0,7.53
253,레일리,19,롯데,4.08,30,0,0,30,5,14,0,0,181.0,88,78,791,191,32,4,10,65,1,8,140,1,10,3.88,3.77,1.41,108.1,111.1,4.08
254,박세웅,21,롯데,4.01,28,1,1,28,10,9,0,0,163.0,75,72,685,141,24,0,20,53,0,10,125,0,17,3.98,4.55,1.19,114.3,98.1,4.01
255,노경은,18,롯데,3.41,33,0,0,19,9,6,0,0,132.1,65,60,547,127,24,3,18,30,1,4,89,0,1,4.08,5.0,1.19,127.8,104.5,3.41
256,스트레일리,21,롯데,3.02,31,0,0,31,10,12,0,0,165.2,85,75,714,162,25,2,12,66,0,8,164,1,8,4.07,3.63,1.38,111.5,122.8,3.02
257,레일리,18,롯데,2.95,30,0,0,30,11,13,0,0,178.1,106,94,775,180,34,4,24,54,1,18,178,2,4,4.74,4.78,1.31,109.9,109.3,2.95
258,듀브론트,18,롯데,2.33,25,0,0,25,6,9,0,0,137.1,82,75,629,162,29,2,13,62,1,8,109,3,10,4.92,4.98,1.63,106.1,104.8,2.33
259,김원중,21,롯데,2.26,61,0,0,0,4,4,35,0,62.2,26,25,268,50,8,0,6,28,4,3,64,0,8,3.59,3.83,1.25,126.6,116.5,2.26
260,손승락,18,롯데,2.24,57,0,0,0,3,5,28,0,57.2,26,25,250,53,13,0,1,20,4,1,60,0,2,3.9,2.86,1.27,133.7,182.5,2.24
261,반즈,22,롯데,2.21,15,0,0,15,7,4,0,0,96.0,36,29,399,85,14,3,5,22,1,10,86,0,2,2.72,3.15,1.12,145.0,122.7,2.21
262,구승민,18,롯데,2.20,64,0,0,0,7,4,0,14,73.2,33,30,307,62,15,0,12,31,6,3,75,1,2,3.67,5.06,1.26,142.3,103.6,2.2
263,박세웅,20,롯데,2.02,28,0,0,28,8,10,0,0,147.1,85,77,658,177,27,2,20,47,0,8,108,0,13,4.7,4.97,1.52,103.6,96.5,2.02
264,구승민,20,롯데,1.94,57,0,0,0,5,2,0,20,60.1,25,24,238,40,9,0,8,26,2,0,58,0,1,3.58,4.55,1.09,136.1,105.5,1.94
265,진명호,19,롯데,1.88,60,0,0,0,3,2,0,9,63.1,24,24,273,56,12,0,4,35,4,1,51,0,3,3.41,4.13,1.44,122.9,101.2,1.88
266,노경은,20,롯데,1.70,25,1,0,24,5,10,0,0,133.0,76,72,574,139,31,1,19,40,2,3,77,0,3,4.87,5.18,1.35,100.0,92.7,1.7
267,오현택,18,롯데,1.64,72,0,0,0,3,2,0,25,64.2,32,27,268,66,9,0,11,12,0,3,63,1,2,3.76,4.79,1.21,138.8,109.3,1.64
268,김원중,20,롯데,1.61,58,0,0,0,5,4,25,0,59.1,29,26,249,52,14,1,8,23,5,0,57,0,1,3.94,4.3,1.26,123.5,111.8,1.61
269,이인복,21,롯데,1.31,25,0,0,8,3,0,0,1,61.1,31,28,271,75,17,3,5,14,1,5,45,0,0,4.11,3.81,1.45,110.6,117.3,1.31
270,구승민,21,롯데,1.27,68,0,0,0,6,5,0,20,62.1,30,30,262,47,7,2,5,31,0,4,65,1,4,4.33,3.97,1.25,104.9,112.4,1.27
271,박세웅,22,롯데,1.26,13,0,0,13,5,5,0,0,80.1,36,32,332,81,14,2,4,16,1,4,79,0,3,3.59,2.68,1.21,110.0,143.7,1.26
272,진명호,18,롯데,1.19,60,0,0,0,5,4,1,9,61.2,34,30,282,53,19,0,7,46,6,1,65,0,3,4.38,5.2,1.61,119.1,100.7,1.19
273,장시환,19,롯데,1.18,27,0,0,27,6,13,0,0,125.1,78,69,570,147,29,1,12,58,1,2,109,0,17,4.95,4.32,1.64,84.6,97.2,1.18
274,박시영,19,롯데,1.05,43,0,0,6,1,1,0,4,61.2,30,29,262,51,10,1,5,27,0,4,60,0,7,4.23,4.02,1.27,99.1,104.3,1.05
275,박세웅,19,롯데,0.98,12,0,0,12,3,6,0,0,60.0,33,28,263,66,12,3,3,23,0,0,44,0,4,4.2,3.74,1.48,99.8,112.2,0.98
276,김건국,19,롯데,0.90,37,0,0,5,3,3,0,3,66.2,34,33,293,73,8,1,5,27,0,6,43,0,3,4.46,4.57,1.5,94.1,91.6,0.9
277,손승락,19,롯데,0.85,53,0,0,0,4,3,9,2,52.2,27,23,233,54,9,1,3,19,3,3,44,0,2,3.93,3.56,1.39,106.7,117.4,0.85
278,톰슨,19,롯데,0.82,11,1,1,11,2,3,0,0,62.2,35,33,267,54,8,1,4,23,0,5,60,0,8,4.74,3.66,1.23,88.5,114.4,0.82
279,프랑코,21,롯데,0.76,37,0,0,27,9,8,0,1,150.0,97,90,677,147,31,2,20,75,0,20,124,1,6,5.4,5.31,1.48,84.2,84.1,0.76
280,고효준,19,롯데,0.70,75,0,0,0,2,7,0,15,62.1,34,33,280,58,13,1,6,36,6,3,72,0,11,4.76,3.93,1.51,88.0,106.2,0.7
281,다익손,19,롯데,0.66,17,0,0,16,3,8,0,0,83.2,52,46,369,99,10,1,8,22,1,4,59,1,3,4.95,4.13,1.45,84.7,101.6,0.66
282,이인복,22,롯데,0.65,14,0,0,12,5,7,0,1,70.1,36,33,296,78,12,0,4,15,0,3,45,0,2,4.22,3.52,1.32,93.3,109.6,0.65
283,서준원,19,롯데,0.63,33,0,0,16,4,11,0,0,97.0,61,59,443,117,25,1,10,38,0,11,60,1,1,5.47,5.02,1.6,76.6,83.5,0.63
284,서준원,20,롯데,0.56,31,0,0,20,7,6,0,0,107.2,71,62,480,130,18,0,16,31,1,5,60,0,3,5.18,5.35,1.5,94.0,89.8,0.56
285,윤성빈,18,롯데,0.39,18,0,0,10,2,5,0,0,50.2,36,36,235,51,12,0,5,36,0,3,65,0,5,6.39,4.86,1.72,81.6,107.7,0.39
286,송승준,18,롯데,0.35,22,0,0,15,3,4,0,0,79.0,58,54,361,93,23,2,8,35,0,4,68,0,5,6.15,4.91,1.62,84.8,106.4,0.35
287,스파크맨,22,롯데,0.34,12,0,0,12,2,2,0,0,54.0,29,26,240,54,9,0,3,29,1,3,59,0,4,4.33,3.55,1.54,91.0,108.5,0.34
288,샘슨,20,롯데,0.30,25,0,0,25,9,12,0,0,130.0,87,78,590,167,25,1,14,36,0,6,87,2,8,5.4,4.59,1.56,90.2,104.6,0.3
289,김원중,18,롯데,0.02,30,0,0,30,8,7,0,0,145.1,115,112,681,173,37,2,28,77,1,11,137,0,7,6.94,6.25,1.72,75.2,83.7,0.02
290,이승헌,21,롯데,-0.00,16,0,0,12,0,3,0,0,57.2,39,37,278,65,10,0,2,43,0,7,32,1,11,5.77,5.28,1.87,78.7,84.6,-0.0
291,김원중,19,롯데,-0.36,28,0,0,17,5,10,0,1,102.1,75,65,485,127,21,1,13,47,1,6,93,0,6,5.72,4.76,1.7,73.3,88.2,-0.36
292,양현종,19,KIA,7.35,29,2,2,29,16,8,0,0,184.2,56,47,731,165,32,1,6,33,0,2,163,0,1,2.29,2.63,1.07,183.1,160.3,7.35
293,브룩스,20,KIA,7.16,23,1,1,23,11,4,0,0,151.1,43,42,586,131,18,0,4,24,0,3,130,1,3,2.5,2.72,1.02,192.2,177.8,7.16
294,양현종,18,KIA,5.21,29,3,0,29,13,11,0,0,184.1,88,85,772,199,33,0,21,43,1,2,152,0,5,4.15,4.38,1.31,123.7,117.9,5.21
295,정해영,21,KIA,3.79,64,0,0,0,5,4,34,0,65.1,18,16,272,49,10,0,5,28,1,4,49,0,1,2.2,4.25,1.18,201.8,104.7,3.79
296,멩덴,21,KIA,3.09,21,0,0,21,8,3,0,0,120.0,53,48,502,109,18,2,12,35,0,8,104,3,2,3.6,3.97,1.2,123.5,111.9,3.09
297,헥터,18,KIA,2.96,29,1,0,29,11,10,0,0,174.0,102,89,753,209,31,0,25,36,2,4,137,1,4,4.6,4.78,1.41,111.5,107.9,2.96
298,장현식,21,KIA,2.93,69,0,0,0,1,5,1,34,76.2,28,28,336,67,7,1,7,42,1,3,80,0,8,3.29,4.15,1.42,135.3,107.3,2.93
299,문경찬,19,KIA,2.88,54,0,0,0,1,2,24,0,55.0,9,8,217,45,9,1,2,10,1,0,50,0,0,1.31,2.55,1.0,320.3,165.4,2.88
300,가뇽,20,KIA,2.84,28,0,0,28,11,8,0,0,159.2,86,77,702,162,33,8,7,64,0,9,141,0,13,4.34,3.73,1.42,110.6,129.2,2.84
301,박준표,20,KIA,2.66,50,0,0,0,7,1,6,11,51.2,16,9,205,41,3,0,3,8,2,0,44,0,2,1.57,2.96,0.95,306.2,162.2,2.66
302,양현종,20,KIA,2.52,31,0,0,31,11,10,0,0,172.1,99,90,746,180,40,4,13,64,0,5,149,0,7,4.7,4.01,1.42,102.1,120.1,2.52
303,김윤동,18,KIA,2.37,64,0,0,0,7,6,4,18,82.2,39,34,369,71,13,1,9,54,7,2,79,0,7,3.7,5.12,1.51,138.7,100.9,2.37
304,이의리,21,KIA,2.35,19,0,0,19,4,5,0,0,94.2,42,38,404,69,11,0,6,56,0,2,93,0,5,3.61,4.03,1.32,123.1,111.0,2.35
305,박준표,19,KIA,2.14,49,0,0,0,5,2,0,15,56.0,15,13,210,42,5,1,4,6,1,4,30,0,1,2.09,3.74,0.86,200.7,111.8,2.14
306,브룩스,21,KIA,2.06,13,0,0,13,3,5,0,0,78.0,34,29,333,93,12,1,4,16,0,1,55,0,0,3.35,3.24,1.4,132.9,137.5,2.06
307,임기영,21,KIA,1.98,28,0,0,28,8,8,0,0,153.0,85,83,662,155,29,1,15,45,0,11,129,2,6,4.88,4.02,1.31,91.1,110.6,1.98
308,전상현,19,KIA,1.83,57,0,0,0,1,4,0,15,60.2,21,21,245,45,8,1,3,21,2,2,62,0,2,3.12,3.04,1.09,134.6,138.6,1.83
309,양현종,22,KIA,1.75,14,0,0,14,7,2,0,0,83.0,32,24,336,68,10,2,5,20,1,2,62,0,1,2.6,3.34,1.06,148.6,116.1,1.75
310,윌랜드,19,KIA,1.61,28,0,0,28,8,10,0,0,165.0,95,87,726,191,41,1,17,59,1,5,137,0,4,4.75,4.23,1.52,88.4,99.0,1.61
311,임창용,18,KIA,1.56,37,0,0,12,5,5,4,4,86.1,54,52,388,92,24,1,16,29,1,11,84,0,5,5.42,5.65,1.4,94.7,91.2,1.56
312,임기준,18,KIA,1.47,55,0,0,0,5,1,2,8,56.0,27,22,243,59,5,1,7,23,0,3,45,1,3,3.54,5.24,1.46,145.2,98.4,1.47
313,임기영,20,KIA,1.34,25,0,0,25,9,10,0,0,127.2,80,73,559,152,26,3,12,33,0,9,106,1,3,5.15,4.1,1.45,93.3,117.1,1.34
314,윤중현,21,KIA,1.25,30,0,0,13,5,6,0,2,82.2,44,36,373,91,7,1,7,31,0,14,33,0,2,3.92,5.27,1.48,113.5,84.3,1.25
315,고영창,19,KIA,1.19,55,0,0,0,1,3,1,10,54.0,22,21,243,63,8,3,2,14,2,8,22,0,2,3.5,4.18,1.43,119.8,100.2,1.19
316,문경찬,18,KIA,0.96,32,0,0,0,0,3,0,0,55.1,29,29,240,62,13,0,10,17,2,2,46,1,3,4.72,5.44,1.43,108.8,94.8,0.96
317,황인준,18,KIA,0.77,37,0,0,2,3,1,0,1,52.2,31,29,229,58,13,1,9,12,0,6,35,0,0,4.96,5.75,1.33,103.6,89.6,0.77
318,임기영,22,KIA,0.77,9,0,0,9,1,4,0,0,52.0,23,23,215,51,6,1,9,10,0,0,35,0,0,3.98,4.78,1.17,97.2,81.2,0.77
319,팻딘,18,KIA,0.72,36,0,0,21,6,7,0,2,129.1,96,90,588,174,29,1,23,27,2,4,101,0,3,6.26,5.26,1.55,82.0,98.1,0.72
320,한승혁,18,KIA,0.43,21,0,0,19,7,3,0,0,88.0,62,57,406,105,18,3,8,44,1,4,65,0,16,5.83,5.14,1.69,88.0,100.4,0.43
321,이의리,22,KIA,0.41,13,0,0,13,4,4,0,0,71.0,36,30,307,60,14,3,10,28,0,4,69,0,5,3.8,4.53,1.24,101.7,85.7,0.41
322,임기영,18,KIA,0.41,29,0,0,19,8,9,0,2,105.0,79,73,491,145,24,0,20,34,2,12,68,0,2,6.26,6.27,1.71,82.0,82.2,0.41
323,김기훈,20,KIA,0.23,22,0,0,7,0,4,0,1,52.0,35,31,238,58,11,1,8,31,0,2,39,0,3,5.37,5.96,1.71,89.5,80.4,0.23
324,하준영,19,KIA,0.19,59,0,0,0,6,2,0,15,52.2,31,29,243,59,9,1,5,31,2,0,51,0,1,4.96,4.35,1.71,84.6,96.3,0.19
325,고영창,20,KIA,0.12,48,0,0,0,1,1,1,2,58.0,46,44,275,88,19,0,3,17,2,5,23,2,6,6.83,4.47,1.81,70.3,106.9,0.12
326,박진태,21,KIA,0.02,59,0,0,0,3,3,0,9,65.0,44,43,305,68,11,0,6,36,0,13,45,0,5,5.95,5.41,1.6,74.7,82.3,0.02
327,김기훈,19,KIA,-0.12,19,0,0,16,3,6,0,0,79.1,55,49,368,64,15,2,11,65,0,9,49,0,5,5.56,6.77,1.63,75.4,61.6,-0.12
328,이민우,19,KIA,-0.19,32,0,0,6,2,6,1,2,61.1,42,37,283,74,11,2,4,26,1,4,56,0,3,5.43,3.84,1.63,77.2,109.2,-0.19
329,한승혁,22,KIA,-0.36,11,0,0,11,2,2,0,0,52.1,34,31,238,68,9,3,2,20,0,3,47,0,4,5.33,3.31,1.68,72.6,117.5,-0.36
330,이준영,19,KIA,-0.36,37,0,0,1,1,0,0,1,51.0,42,36,244,64,7,2,3,26,2,2,43,1,0,6.35,4.01,1.77,66.0,104.6,-0.36
331,터너,19,KIA,-0.53,28,1,0,28,7,13,0,0,153.1,107,94,714,179,34,3,12,58,0,17,121,0,14,5.52,4.31,1.55,76.0,97.2,-0.53
332,김광현,19,SSG,6.39,31,0,0,30,17,6,0,0,190.1,64,53,786,198,17,0,13,38,1,2,180,0,8,2.51,3.01,1.24,169.8,142.2,6.39
333,산체스,19,SSG,5.93,28,0,0,28,17,5,0,0,165.0,51,48,671,151,18,2,2,42,0,2,148,2,11,2.62,2.57,1.17,162.5,163.8,5.93
334,김광현,18,SSG,5.26,25,0,0,25,11,8,0,0,136.0,48,45,554,125,16,2,16,30,0,2,130,0,3,2.98,4.16,1.14,176.5,127.4,5.26
335,켈리,18,SSG,3.89,28,0,0,28,12,7,0,0,158.1,78,72,674,152,28,3,18,47,1,13,161,2,5,4.09,4.4,1.26,128.5,120.4,3.89
336,문승원,20,SSG,3.82,25,1,0,25,6,8,0,0,145.2,64,59,610,136,29,0,13,45,0,6,117,0,2,3.65,4.16,1.24,132.3,117.1,3.82
337,박종훈,18,SSG,3.38,30,0,0,30,14,8,0,0,159.1,81,74,702,158,31,3,16,54,0,20,133,0,3,4.18,4.86,1.33,125.8,108.3,3.38
338,하재훈,19,SSG,3.09,61,0,0,0,5,3,36,3,59.0,13,13,245,47,11,0,1,26,2,1,64,1,0,1.98,2.73,1.24,214.6,154.7,3.09
339,문승원,19,SSG,2.89,26,0,0,23,11,7,0,2,144.0,63,62,586,130,13,5,23,33,1,3,99,0,0,3.88,4.83,1.13,109.8,89.6,2.89
340,서진용,19,SSG,2.63,72,0,0,0,3,1,4,33,68.0,19,18,279,53,9,2,2,28,4,2,76,0,1,2.38,2.7,1.19,178.6,157.4,2.63
341,문승원,18,SSG,2.41,31,0,0,27,8,9,1,1,150.2,86,77,656,180,33,2,24,37,0,4,122,0,4,4.6,5.1,1.44,114.3,104.0,2.41
342,박민호,20,SSG,2.29,57,0,0,0,2,1,4,11,52.0,16,14,215,43,9,0,4,19,0,2,36,0,0,2.42,4.38,1.19,199.1,110.8,2.29
343,김태훈,18,SSG,2.26,61,0,0,4,9,3,0,10,94.0,44,40,394,88,17,0,8,36,4,2,93,0,11,3.83,4.05,1.32,137.3,130.6,2.26
344,박종훈,19,SSG,2.10,28,0,0,28,8,11,0,0,144.0,72,62,643,157,29,0,12,59,0,13,100,0,1,3.88,4.6,1.5,109.8,92.8,2.1
345,소사,19,SSG,1.93,16,0,0,16,9,3,0,0,94.1,42,40,387,85,6,0,15,23,0,2,96,1,3,3.82,4.23,1.15,111.5,103.0,1.93
346,박종훈,20,SSG,1.90,29,0,0,28,13,11,0,0,157.1,90,84,691,146,21,3,14,78,1,22,134,0,5,4.81,4.9,1.42,100.4,99.5,1.9
347,산체스,18,SSG,1.88,29,0,0,26,8,8,0,1,145.1,90,79,632,161,21,3,26,39,1,7,124,0,12,4.89,5.38,1.38,107.5,98.8,1.88
348,신재웅,18,SSG,1.68,54,0,0,0,2,3,16,6,52.0,23,16,226,49,3,0,5,28,0,1,43,0,3,2.77,5.1,1.48,189.9,102.8,1.68
349,다익손,19,SSG,1.41,12,0,0,12,3,2,0,0,65.2,29,26,280,65,13,2,7,18,0,2,58,0,1,3.56,3.94,1.26,119.4,109.4,1.41
350,박민호,19,SSG,1.26,47,0,0,0,3,1,0,4,50.1,17,15,209,49,10,0,2,14,0,4,22,0,0,2.68,4.12,1.25,158.7,102.7,1.26
351,서진용,20,SSG,1.09,63,0,0,0,2,7,8,12,61.0,33,28,264,52,4,1,11,34,1,1,56,0,7,4.13,5.74,1.41,116.8,85.4,1.09
352,김태훈,19,SSG,1.05,71,0,0,0,4,5,7,27,69.2,33,31,296,62,8,0,4,26,0,4,76,0,7,4.0,3.26,1.26,106.3,130.9,1.05
353,이건욱,20,SSG,1.03,27,0,0,25,6,12,0,0,122.0,77,77,542,105,16,4,11,81,0,6,91,1,6,5.68,5.38,1.53,84.9,90.3,1.03
354,윤희상,18,SSG,0.71,46,0,0,1,1,2,1,7,51.0,29,29,211,55,5,1,8,7,1,2,44,0,1,5.12,4.62,1.22,102.7,115.4,0.71
355,고영표,21,KT,5.23,26,1,1,25,11,6,0,1,166.2,59,54,664,147,20,2,9,27,1,14,130,0,1,2.92,3.19,1.04,154.0,139.2,5.23
356,니퍼트,18,KT,4.74,29,0,0,28,8,8,0,0,175.2,88,83,765,209,33,4,26,39,2,9,165,0,9,4.25,4.66,1.41,124.6,111.4,4.74
357,데스파이네,21,KT,4.01,33,0,0,33,13,10,0,0,188.2,81,71,819,175,30,3,10,78,0,7,165,0,15,3.39,3.62,1.34,132.6,122.7,4.01
358,피어밴드,18,KT,3.78,27,1,0,26,8,8,0,0,163.1,90,78,707,186,27,1,24,38,0,6,141,0,5,4.3,4.83,1.37,123.3,107.7,3.78
359,쿠에바스,19,KT,3.44,30,0,0,30,13,10,0,0,184.0,80,74,760,153,21,6,18,63,0,12,135,0,4,3.62,4.43,1.17,114.3,92.7,3.44
360,고영표,22,KT,3.30,13,1,1,13,5,5,0,0,91.0,26,25,362,79,13,1,2,13,1,10,83,0,0,2.47,2.48,1.01,158.2,155.8,3.3
361,데스파이네,20,KT,3.21,35,0,0,34,15,8,0,0,207.2,105,100,906,233,36,1,18,68,1,8,152,0,18,4.33,4.3,1.45,110.9,110.7,3.21
362,김재윤,21,KT,3.08,65,0,0,0,4,3,32,0,67.0,19,18,275,57,8,0,5,24,4,0,64,0,2,2.42,3.29,1.21,185.8,135.2,3.08
363,배제성,20,KT,2.65,26,0,0,26,10,7,0,0,141.1,67,62,619,130,30,1,12,76,0,4,83,1,11,3.95,5.18,1.46,121.7,91.8,2.65
364,쿠에바스,20,KT,2.64,27,0,0,27,10,8,0,0,158.0,80,72,668,152,26,1,16,46,0,9,110,0,4,4.1,4.52,1.25,117.1,105.1,2.64
365,주권,20,KT,2.63,77,0,0,0,6,2,0,31,70.0,25,21,294,54,11,0,6,32,1,1,37,0,0,2.7,4.98,1.23,177.9,95.5,2.63
366,알칸타라,19,KT,2.60,27,1,0,27,11,11,0,0,172.2,80,77,724,189,39,3,15,27,0,8,100,2,2,4.01,3.98,1.25,103.1,103.3,2.6
367,배제성,21,KT,2.55,26,0,0,26,9,10,0,0,141.2,67,58,621,126,27,1,6,82,1,1,136,0,9,3.68,3.7,1.47,121.9,120.3,2.55
368,소형준,22,KT,2.52,13,0,0,13,7,2,0,0,87.0,30,26,352,73,5,3,3,18,0,3,62,0,3,2.69,3.04,1.05,145.4,127.0,2.52
369,소형준,20,KT,2.37,26,0,0,24,13,6,0,0,133.0,63,57,572,141,23,0,6,45,0,6,92,0,2,3.86,3.91,1.4,124.6,122.0,2.37
370,김재윤,20,KT,2.22,56,0,0,0,5,3,21,1,60.2,23,22,256,62,4,2,7,15,3,0,58,0,0,3.26,3.74,1.27,147.2,127.7,2.22
371,배제성,19,KT,2.21,28,1,1,21,10,10,0,0,131.2,58,55,564,132,18,3,6,56,0,3,91,0,10,3.76,3.96,1.43,110.1,104.5,2.21
372,주권,19,KT,2.08,71,0,0,0,6,2,2,25,75.1,25,25,296,64,15,0,7,14,0,2,47,0,1,2.99,4.0,1.04,138.6,102.8,2.08
373,쿠에바스,21,KT,1.94,23,1,1,23,9,4,0,0,133.1,68,61,580,131,21,3,11,51,0,3,137,0,6,4.12,3.57,1.37,109.1,124.8,1.94
374,금민철,18,KT,1.89,29,0,0,29,8,12,0,0,156.1,104,94,720,212,30,1,19,68,1,7,79,0,10,5.41,5.82,1.79,97.9,89.2,1.89
375,고영표,18,KT,1.80,25,3,1,23,6,9,0,0,142.0,91,81,620,175,27,4,17,25,1,14,134,1,2,5.13,4.31,1.41,103.2,120.6,1.8
376,김재윤,18,KT,1.38,62,0,0,0,7,5,15,0,61.0,34,31,271,76,10,1,11,15,4,1,66,0,3,4.57,4.6,1.49,115.9,113.2,1.38
377,배제성,22,KT,1.32,13,0,0,13,3,5,0,0,77.2,34,28,315,66,7,2,6,25,0,0,69,0,8,3.24,3.49,1.17,120.5,110.4,1.32
378,김민수,21,KT,1.18,56,0,0,1,4,2,0,11,58.0,25,19,253,56,8,1,2,24,3,3,55,1,3,2.95,3.13,1.38,152.3,142.2,1.18
379,유원상,20,KT,1.16,62,0,0,0,2,1,2,9,64.0,32,27,271,52,12,0,8,28,1,1,37,0,5,3.8,5.34,1.25,126.5,89.0,1.16
380,소형준,21,KT,1.02,24,0,0,24,7,7,0,0,119.0,67,55,521,123,17,0,6,51,1,4,85,0,5,4.16,3.92,1.46,108.0,113.3,1.02
381,엄상백,21,KT,0.94,10,0,0,9,4,1,0,0,52.2,24,24,228,41,10,0,7,28,0,3,45,0,0,4.1,5.12,1.31,109.5,86.7,0.94
382,전유수,19,KT,0.88,62,0,0,1,3,1,1,7,66.1,31,25,280,66,16,1,2,18,4,4,46,0,6,3.39,3.22,1.27,122.0,128.9,0.88
383,이대은,19,KT,0.53,43,0,0,8,4,2,17,0,85.0,48,40,387,88,17,1,10,39,1,6,58,0,5,4.24,5.12,1.49,97.7,80.1,0.53
384,엄상백,22,KT,0.48,15,0,0,10,5,2,0,0,59.0,30,26,251,63,8,0,7,18,0,2,56,0,0,3.97,3.96,1.37,98.6,97.0,0.48
385,김민,19,KT,0.46,27,0,0,26,6,11,0,0,150.2,88,83,674,175,26,4,16,65,0,4,91,2,4,4.96,4.95,1.59,83.5,83.0,0.46
